frame,t_s,t_b_s,a_p1_ok,a_p1_x_px,a_p1_y_px,a_p1_x_mm,a_p1_y_mm,a_p1_area,a_p2_ok,a_p2_x_px,a_p2_y_px,a_p2_x_mm,a_p2_y_mm,a_p2_area,b_p1_ok,b_p1_h_px,b_p1_z_px,b_p1_h_mm,b_p1_z_mm,b_p1_area,b_p2_ok,b_p2_h_px,b_p2_z_px,b_p2_h_mm,b_p2_z_mm,b_p2_area
1,0.000000,0.000000,1,854.808105,761.397888,92.198769,82.123634,96,1,810.387756,522.675659,87.407631,56.375286,71,0,0.000000,0.000000,0.000000,0.000000,0,0,0.000000,0.000000,0.000000,0.000000,0
5,0.033325,0.033325,1,819.340271,764.879456,88.373245,82.499153,105,1,811.962341,516.729004,87.577461,55.733891,58,0,0.000000,0.000000,0.000000,0.000000,0,0,0.000000,0.000000,0.000000,0.000000,0
7,0.066650,0.066650,1,783.882751,762.865356,84.548828,82.281914,99,1,812.099854,509.139282,87.592300,54.915268,65,0,0.000000,0.000000,0.000000,0.000000,0,0,0.000000,0.000000,0.000000,0.000000,0
9,0.099976,0.099976,1,746.807068,755.848938,80.549881,81.525124,95,1,816.064819,502.196533,88.019958,54.166428,68,0,0.000000,0.000000,0.000000,0.000000,0,0,0.000000,0.000000,0.000000,0.000000,0
13,0.133301,0.133301,1,713.730713,745.023376,76.982300,80.357498,103,1,817.616333,500.281921,88.187302,53.959919,61,0,0.000000,0.000000,0.000000,0.000000,0,0,0.000000,0.000000,0.000000,0.000000,0
17,0.166626,0.166626,1,681.071228,729.733765,73.459679,78.708366,100,1,817.143311,501.580414,88.136284,54.099976,57,0,0.000000,0.000000,0.000000,0.000000,0,0,0.000000,0.000000,0.000000,0.000000,0
20,0.199951,0.199951,1,650.817261,709.684021,70.196510,76.545830,109,1,817.570740,502.242554,88.182381,54.171391,65,0,0.000000,0.000000,0.000000,0.000000,0,0,0.000000,0.000000,0.000000,0.000000,0
22,0.233276,0.233276,1,623.904297,686.805054,67.293709,74.078125,105,1,817.249573,499.820557,88.147743,53.910156,57,0,0.000000,0.000000,0.000000,0.000000,0,0,0.000000,0.000000,0.000000,0.000000,0
25,0.266602,0.266602,1,598.524414,660.505310,64.556259,71.241455,104,1,818.794067,497.230682,88.314323,53.630814,66,0,0.000000,0.000000,0.000000,0.000000,0,0,0.000000,0.000000,0.000000,0.000000,0
28,0.300049,0.300049,1,576.985413,631.770203,62.233086,68.142120,99,1,817.599304,496.691223,88.185463,53.572628,68,0,0.000000,0.000000,0.000000,0.000000,0,0,0.000000,0.000000,0.000000,0.000000,0
31,0.333374,0.333374,1,559.956299,599.669067,60.396339,64.679718,101,1,817.786438,494.293030,88.205643,53.313965,61,0,0.000000,0.000000,0.000000,0.000000,0,0,0.000000,0.000000,0.000000,0.000000,0
34,0.366699,0.366699,1,548.454468,567.832947,59.155762,61.245911,106,1,817.892029,492.376648,88.217041,53.107265,57,0,0.000000,0.000000,0.000000,0.000000,0,0,0.000000,0.000000,0.000000,0.000000,0
37,0.400024,0.400024,1,541.228699,534.580505,58.376400,57.659328,104,1,817.718872,491.681335,88.198357,53.032269,69,0,0.000000,0.000000,0.000000,0.000000,0,0,0.000000,0.000000,0.000000,0.000000,0
40,0.433350,0.433350,1,537.928162,500.474548,58.020405,53.980698,99,1,820.812012,491.057220,88.531982,52.964951,73,0,0.000000,0.000000,0.000000,0.000000,0,0,0.000000,0.000000,0.000000,0.000000,0
43,0.466675,0.466675,1,538.957642,465.788910,58.131443,50.239536,99,1,823.793091,491.852539,88.853516,53.050735,62,0,0.000000,0.000000,0.000000,0.000000,0,0,0.000000,0.000000,0.000000,0.000000,0
46,1.654907,1.654907,1,544.121033,432.525635,58.688362,46.651794,102,1,825.753540,490.583344,89.064972,52.913841,66,0,0.000000,0.000000,0.000000,0.000000,0,0,0.000000,0.000000,0.000000,0.000000,0
50,1.688232,1.688232,1,553.537231,399.714325,59.703987,43.112797,105,1,828.213013,490.929321,89.330246,52.951157,71,0,0.000000,0.000000,0.000000,0.000000,0,0,0.000000,0.000000,0.000000,0.000000,0
53,1.721558,1.721558,1,567.265564,368.306152,61.184711,39.725140,94,1,831.244812,493.141724,89.657257,53.189785,48,0,0.000000,0.000000,0.000000,0.000000,0,0,0.000000,0.000000,0.000000,0.000000,0
55,1.754883,1.754883,1,584.994019,339.433044,63.096882,36.610916,97,1,831.995239,493.526337,89.738190,53.231266,57,0,0.000000,0.000000,0.000000,0.000000,0,0,0.000000,0.000000,0.000000,0.000000,0
57,1.788208,1.788208,1,606.021851,312.645264,65.364929,33.721615,98,1,833.193909,494.778839,89.867477,53.366364,66,0,0.000000,0.000000,0.000000,0.000000,0,0,0.000000,0.000000,0.000000,0.000000,0
60,1.821533,1.821533,1,631.618286,287.806152,68.125732,31.042490,103,1,830.845215,495.183350,89.614159,53.409992,60,0,0.000000,0.000000,0.000000,0.000000,0,0,0.000000,0.000000,0.000000,0.000000,0
64,1.854980,1.854980,1,659.397156,265.635284,71.121933,28.651161,94,1,829.470520,498.269012,89.465881,53.742809,66,0,0.000000,0.000000,0.000000,0.000000,0,0,0.000000,0.000000,0.000000,0.000000,0
66,1.888306,1.888306,1,689.684143,247.282227,74.388657,26.671619,92,1,828.511658,497.764771,89.362457,53.688423,66,0,0.000000,0.000000,0.000000,0.000000,0,0,0.000000,0.000000,0.000000,0.000000,0
70,1.921631,1.921631,1,721.361084,233.218872,77.805305,25.154758,110,1,829.369080,495.859314,89.454941,53.482903,59,0,0.000000,0.000000,0.000000,0.000000,0,0,0.000000,0.000000,0.000000,0.000000,0
74,1.954956,1.954956,1,755.875305,222.603516,81.527977,24.009798,105,1,830.038696,497.325256,89.527161,53.641018,38,0,0.000000,0.000000,0.000000,0.000000,0,0,0.000000,0.000000,0.000000,0.000000,0
76,1.988281,1.988281,1,792.481262,216.607178,85.476257,23.363039,99,1,828.247559,496.118622,89.333977,53.510872,54,0,0.000000,0.000000,0.000000,0.000000,0,0,0.000000,0.000000,0.000000,0.000000,0
79,2.021606,2.021606,1,829.611877,215.770813,89.481133,23.272829,100,1,828.549316,495.180542,89.366524,53.409687,75,0,0.000000,0.000000,0.000000,0.000000,0,0,0.000000,0.000000,0.000000,0.000000,0
81,2.054932,2.054932,1,866.870605,218.876907,93.499817,23.607849,97,1,831.051880,494.949066,89.636444,53.384724,57,0,0.000000,0.000000,0.000000,0.000000,0,0,0.000000,0.000000,0.000000,0.000000,0
85,2.088257,2.088257,1,901.729004,226.137390,97.259613,24.390959,89,1,832.876831,494.882233,89.833282,53.377514,63,0,0.000000,0.000000,0.000000,0.000000,0,0,0.000000,0.000000,0.000000,0.000000,0
88,2.121582,2.121582,1,936.715454,236.809204,101.033211,25.542009,88,1,833.516357,491.651276,89.902260,53.029026,62,0,0.000000,0.000000,0.000000,0.000000,0,0,0.000000,0.000000,0.000000,0.000000,0
90,2.155029,2.155029,1,970.413574,252.058243,104.667862,27.186756,79,1,833.279663,490.145264,89.876732,52.866589,53,0,0.000000,0.000000,0.000000,0.000000,0,0,0.000000,0.000000,0.000000,0.000000,0
93,2.188354,2.188354,1,1000.286621,270.620331,107.889938,29.188847,91,1,833.457886,491.702423,89.895958,53.034546,30,0,0.000000,0.000000,0.000000,0.000000,0,0,0.000000,0.000000,0.000000,0.000000,0
97,2.221680,2.221680,1,1028.196777,293.198425,110.900299,31.624094,91,1,833.970032,490.324860,89.951195,52.885960,61,0,0.000000,0.000000,0.000000,0.000000,0,0,0.000000,0.000000,0.000000,0.000000,0
100,2.255005,2.255005,1,1054.204468,318.828827,113.705460,34.388565,96,1,835.494141,490.587708,90.115585,52.914310,58,0,0.000000,0.000000,0.000000,0.000000,0,0,0.000000,0.000000,0.000000,0.000000,0
103,2.288330,2.288330,1,1075.513794,345.678253,116.003868,37.284519,92,1,835.720886,493.275879,90.140045,53.204254,46,0,0.000000,0.000000,0.000000,0.000000,0,0,0.000000,0.000000,0.000000,0.000000,0
106,2.321655,2.321655,1,1094.848267,374.216644,118.089272,40.362644,96,1,835.647644,493.857208,90.132133,53.266956,70,0,0.000000,0.000000,0.000000,0.000000,0,0,0.000000,0.000000,0.000000,0.000000,0
108,2.354980,2.354980,1,1110.250977,403.486298,119.750580,43.519638,95,1,837.799622,493.547394,90.364250,53.233540,62,0,0.000000,0.000000,0.000000,0.000000,0,0,0.000000,0.000000,0.000000,0.000000,0
112,2.388306,2.388306,1,1122.663452,433.318970,121.089386,46.737362,89,1,839.511780,493.967651,90.548920,53.278870,58,0,0.000000,0.000000,0.000000,0.000000,0,0,0.000000,0.000000,0.000000,0.000000,0
114,2.421631,2.421631,1,1131.482056,464.007874,122.040550,50.047436,89,1,839.993347,493.770996,90.600861,53.257656,64,0,0.000000,0.000000,0.000000,0.000000,0,0,0.000000,0.000000,0.000000,0.000000,0
117,2.455078,2.455078,1,1137.591064,494.592926,122.699463,53.346310,94,1,840.235474,493.496857,90.626984,53.228088,73,0,0.000000,0.000000,0.000000,0.000000,0,0,0.000000,0.000000,0.000000,0.000000,0
121,2.488403,2.488403,1,1140.299438,525.285889,122.991577,56.656822,81,1,841.845947,492.620758,90.800682,53.133595,62,0,0.000000,0.000000,0.000000,0.000000,0,0,0.000000,0.000000,0.000000,0.000000,0
125,2.521729,2.521729,1,1138.767944,555.631348,122.826401,59.929859,69,1,840.187256,495.406464,90.621773,53.434055,70,0,0.000000,0.000000,0.000000,0.000000,0,0,0.000000,0.000000,0.000000,0.000000,0
127,2.555054,2.555054,1,1134.364380,586.725769,122.351425,63.283665,61,1,840.657227,497.711456,90.672470,53.682674,69,0,0.000000,0.000000,0.000000,0.000000,0,0,0.000000,0.000000,0.000000,0.000000,0
130,2.588379,2.588379,1,1128.790039,615.526367,121.750198,66.390068,74,1,840.706238,500.239838,90.677750,53.955379,63,0,0.000000,0.000000,0.000000,0.000000,0,0,0.000000,0.000000,0.000000,0.000000,0
132,2.621704,2.621704,1,1119.983154,643.088928,120.800285,69.362946,88,1,840.161438,500.602539,90.618996,53.994503,62,0,0.000000,0.000000,0.000000,0.000000,0,0,0.000000,0.000000,0.000000,0.000000,0
135,2.655029,2.655029,1,1109.476318,669.866577,119.667038,72.251160,96,1,838.995544,502.857147,90.493240,54.237682,57,0,0.000000,0.000000,0.000000,0.000000,0,0,0.000000,0.000000,0.000000,0.000000,0
139,2.688354,2.688354,1,1095.998535,695.578613,118.213333,75.024429,93,1,838.254517,503.652435,90.413315,54.323460,61,0,0.000000,0.000000,0.000000,0.000000,0,0,0.000000,0.000000,0.000000,0.000000,0
141,2.721680,2.721680,1,1080.696167,720.921326,116.562828,77.757874,98,1,837.512573,506.765594,90.333282,54.659245,61,0,0.000000,0.000000,0.000000,0.000000,0,0,0.000000,0.000000,0.000000,0.000000,0
145,2.755005,2.755005,1,1063.931152,743.599792,114.754578,80.203949,92,1,839.381226,512.721130,90.534836,55.301601,56,0,0.000000,0.000000,0.000000,0.000000,0,0,0.000000,0.000000,0.000000,0.000000,0
148,2.788452,2.788452,1,1043.724731,764.672791,112.575134,82.476860,97,1,837.673279,518.182251,90.350624,55.890629,65,0,0.000000,0.000000,0.000000,0.000000,0,0,0.000000,0.000000,0.000000,0.000000,0
150,2.821777,2.821777,1,1023.187195,783.400879,110.359970,84.496849,96,1,838.360962,515.501160,90.424797,55.601448,62,0,0.000000,0.000000,0.000000,0.000000,0,0,0.000000,0.000000,0.000000,0.000000,0
154,2.855103,2.855103,1,1000.952637,799.500916,107.961769,86.233391,92,1,840.598450,516.696655,90.666130,55.730396,63,0,0.000000,0.000000,0.000000,0.000000,0,0,0.000000,0.000000,0.000000,0.000000,0
158,2.888428,2.888428,1,977.752319,814.163757,105.459412,87.814903,93,1,837.552368,517.496216,90.337585,55.816635,62,0,0.000000,0.000000,0.000000,0.000000,0,0,0.000000,0.000000,0.000000,0.000000,0
160,2.921753,2.921753,1,953.510864,827.086548,102.844749,89.208748,85,1,835.699524,516.958313,90.137733,55.758617,63,0,0.000000,0.000000,0.000000,0.000000,0,0,0.000000,0.000000,0.000000,0.000000,0
162,2.955078,2.955078,1,927.233643,838.631104,100.010513,90.453926,81,1,836.617310,520.684998,90.236725,56.160576,69,0,0.000000,0.000000,0.000000,0.000000,0,0,0.000000,0.000000,0.000000,0.000000,0
166,2.988403,2.988403,1,900.509583,847.070618,97.128082,91.364204,82,1,836.445435,521.218018,90.218185,56.218063,66,0,0.000000,0.000000,0.000000,0.000000,0,0,0.000000,0.000000,0.000000,0.000000,0
168,3.021729,3.021729,1,872.586975,853.959534,94.116379,92.107239,89,1,837.596802,521.128113,90.342377,56.208366,64,0,0.000000,0.000000,0.000000,0.000000,0,0,0.000000,0.000000,0.000000,0.000000,0
173,3.055054,3.055054,1,846.091309,858.877502,91.258583,92.637688,93,1,836.706299,519.404541,90.246323,56.022465,70,0,0.000000,0.000000,0.000000,0.000000,0,0,0.000000,0.000000,0.000000,0.000000,0
175,3.088501,3.088501,1,818.433167,860.970886,88.275398,92.863480,95,1,835.617493,514.340149,90.128883,55.476227,67,0,0.000000,0.000000,0.000000,0.000000,0,0,0.000000,0.000000,0.000000,0.000000,0
179,3.121826,3.121826,1,790.432373,861.790588,85.255264,92.951889,94,1,833.031677,512.664429,89.849983,55.295486,67,0,0.000000,0.000000,0.000000,0.000000,0,0,0.000000,0.000000,0.000000,0.000000,0
181,3.155151,3.155151,1,762.657532,860.348206,82.259491,92.796318,100,1,829.179321,511.477997,89.434479,55.167519,72,0,0.000000,0.000000,0.000000,0.000000,0,0,0.000000,0.000000,0.000000,0.000000,0
184,3.188477,3.188477,1,735.961853,856.823792,79.380127,92.416176,97,1,823.237061,510.012939,88.793549,55.009499,75,0,0.000000,0.000000,0.000000,0.000000,0,0,0.000000,0.000000,0.000000,0.000000,0
186,3.221802,3.221802,1,709.306885,851.623901,76.505142,91.855324,98,1,820.112915,516.921326,88.456581,55.754627,61,0,0.000000,0.000000,0.000000,0.000000,0,0,0.000000,0.000000,0.000000,0.000000,0
190,3.255127,3.255127,1,682.972534,844.339844,73.664749,91.069672,91,1,819.862488,519.157532,88.429573,55.995823,71,0,0.000000,0.000000,0.000000,0.000000,0,0,0.000000,0.000000,0.000000,0.000000,0
192,3.288452,3.288452,1,658.872742,835.373230,71.065369,90.102539,100,1,822.564392,519.415894,88.720993,56.023689,67,0,0.000000,0.000000,0.000000,0.000000,0,0,0.000000,0.000000,0.000000,0.000000,0
195,3.321777,3.321777,1,635.335815,824.306091,68.526703,88.908852,93,1,823.456299,518.542786,88.817192,55.929520,63,0,0.000000,0.000000,0.000000,0.000000,0,0,0.000000,0.000000,0.000000,0.000000,0
199,3.355103,3.355103,1,612.761963,811.416626,66.091904,87.518600,96,1,823.768250,518.119446,88.850838,55.883862,61,0,0.000000,0.000000,0.000000,0.000000,0,0,0.000000,0.000000,0.000000,0.000000,0
202,3.388550,3.388550,1,591.449463,797.797852,63.793163,86.049698,100,1,825.957214,518.255249,89.086937,55.898506,63,0,0.000000,0.000000,0.000000,0.000000,0,0,0.000000,0.000000,0.000000,0.000000,0
204,3.421875,3.421875,1,571.192993,782.795349,61.608315,84.431541,95,1,826.282471,517.423645,89.122025,55.808811,62,0,0.000000,0.000000,0.000000,0.000000,0,0,0.000000,0.000000,0.000000,0.000000,0
208,3.455200,3.455200,1,552.052124,766.666138,59.543804,82.691864,97,1,825.640320,514.097961,89.052757,55.450108,60,0,0.000000,0.000000,0.000000,0.000000,0,0,0.000000,0.000000,0.000000,0.000000,0
211,3.488525,3.488525,1,534.150513,748.652222,57.612949,80.748894,88,1,824.075500,513.725281,88.883980,55.409908,60,0,0.000000,0.000000,0.000000,0.000000,0,0,0.000000,0.000000,0.000000,0.000000,0
214,3.521851,3.521851,1,518.164307,730.299194,55.888695,78.769356,87,1,822.681763,512.830750,88.733650,55.313427,54,0,0.000000,0.000000,0.000000,0.000000,0,0,0.000000,0.000000,0.000000,0.000000,0
216,3.555176,3.555176,1,504.008606,711.626099,54.361877,76.755302,90,1,822.490173,513.063782,88.712982,55.338554,50,0,0.000000,0.000000,0.000000,0.000000,0,0,0.000000,0.000000,0.000000,0.000000,0
219,3.588501,3.588501,1,490.969666,690.728455,52.955509,74.501297,95,1,823.850464,512.179260,88.859703,55.243153,61,0,0.000000,0.000000,0.000000,0.000000,0,0,0.000000,0.000000,0.000000,0.000000,0
223,3.621826,3.621826,1,479.697815,670.366821,51.739738,72.305107,90,1,822.696899,512.470581,88.735283,55.274574,51,0,0.000000,0.000000,0.000000,0.000000,0,0,0.000000,0.000000,0.000000,0.000000,0
226,3.655151,3.655151,1,469.054352,648.327942,50.591743,69.928017,87,1,824.680542,510.542267,88.949242,55.066589,51,0,0.000000,0.000000,0.000000,0.000000,0,0,0.000000,0.000000,0.000000,0.000000,0
229,3.688477,3.688477,1,460.590942,626.966797,49.678890,67.624031,91,1,824.928711,512.180725,88.976006,55.243313,46,0,0.000000,0.000000,0.000000,0.000000,0,0,0.000000,0.000000,0.000000,0.000000,0
231,3.721924,3.721924,1,453.514954,605.277039,48.915680,65.284592,96,1,828.220032,511.274353,89.331001,55.145554,53,0,0.000000,0.000000,0.000000,0.000000,0,0,0.000000,0.000000,0.000000,0.000000,0
234,3.755249,3.755249,1,447.750549,582.855408,48.293938,62.866215,89,1,830.180969,509.464752,89.542511,54.950371,37,0,0.000000,0.000000,0.000000,0.000000,0,0,0.000000,0.000000,0.000000,0.000000,0
238,3.788574,3.788574,1,444.442596,560.685120,47.937145,60.474949,94,1,833.796387,509.432739,89.932465,54.946918,33,0,0.000000,0.000000,0.000000,0.000000,0,0,0.000000,0.000000,0.000000,0.000000,0
240,3.821899,3.821899,1,441.996643,538.224121,47.673328,58.052326,96,1,837.661194,506.921509,90.349319,54.676060,36,0,0.000000,0.000000,0.000000,0.000000,0,0,0.000000,0.000000,0.000000,0.000000,0
243,3.855225,3.855225,1,441.413116,515.408386,47.610390,55.591442,95,1,839.015076,505.215820,90.495346,54.492085,31,0,0.000000,0.000000,0.000000,0.000000,0,0,0.000000,0.000000,0.000000,0.000000,0
247,3.888550,3.888550,1,441.615173,491.918030,47.632183,53.057796,85,1,839.083801,501.832733,90.502762,54.127190,21,0,0.000000,0.000000,0.000000,0.000000,0,0,0.000000,0.000000,0.000000,0.000000,0
250,3.921875,3.921875,1,442.945435,469.691925,47.775661,50.660515,90,1,834.148743,502.171997,89.970467,54.163780,36,0,0.000000,0.000000,0.000000,0.000000,0,0,0.000000,0.000000,0.000000,0.000000,0
253,5.095825,5.095825,1,445.680969,447.277161,48.070717,48.242878,86,1,831.146484,504.159027,89.646645,54.378098,39,0,0.000000,0.000000,0.000000,0.000000,0,0,0.000000,0.000000,0.000000,0.000000,0
255,5.129150,5.129150,1,450.852325,425.003784,48.628490,45.840492,91,1,829.452271,506.346375,89.463913,54.614025,41,0,0.000000,0.000000,0.000000,0.000000,0,0,0.000000,0.000000,0.000000,0.000000,0
259,5.162476,5.162476,1,456.906158,403.097229,49.281452,43.477673,75,1,831.346191,508.614532,89.668190,54.858665,30,0,0.000000,0.000000,0.000000,0.000000,0,0,0.000000,0.000000,0.000000,0.000000,0
261,5.195801,5.195801,1,465.007507,381.470551,50.155254,41.145042,73,1,831.622070,509.634064,89.697945,54.968632,28,0,0.000000,0.000000,0.000000,0.000000,0,0,0.000000,0.000000,0.000000,0.000000,0
265,5.229126,5.229126,1,474.483673,359.169586,51.177345,38.739681,71,1,831.100647,509.060364,89.641701,54.906754,25,0,0.000000,0.000000,0.000000,0.000000,0,0,0.000000,0.000000,0.000000,0.000000,0
267,5.262451,5.262451,1,484.268005,339.393890,52.232674,36.606693,80,1,828.471313,508.635559,89.358109,54.860935,22,0,0.000000,0.000000,0.000000,0.000000,0,0,0.000000,0.000000,0.000000,0.000000,0
270,5.295776,5.295776,1,496.383881,318.964203,53.539482,34.403168,79,1,829.920837,510.910980,89.514450,55.106358,24,0,0.000000,0.000000,0.000000,0.000000,0,0,0.000000,0.000000,0.000000,0.000000,0
274,5.329102,5.329102,1,509.929901,298.684448,55.000542,32.215813,81,1,826.440796,510.905365,89.139099,55.105755,44,0,0.000000,0.000000,0.000000,0.000000,0,0,0.000000,0.000000,0.000000,0.000000,0
277,5.362427,5.362427,1,524.958496,279.440369,56.621513,30.140167,82,1,826.002441,511.424042,89.091820,55.161697,44,0,0.000000,0.000000,0.000000,0.000000,0,0,0.000000,0.000000,0.000000,0.000000,0
280,5.395752,5.395752,1,540.938599,261.597961,58.345112,28.215700,84,1,825.003174,513.282959,88.984039,55.362198,37,0,0.000000,0.000000,0.000000,0.000000,0,0,0.000000,0.000000,0.000000,0.000000,0
283,5.429199,5.429199,1,559.346741,244.113770,60.330593,26.329872,84,1,825.295593,511.504089,89.015579,55.170334,45,0,0.000000,0.000000,0.000000,0.000000,0,0,0.000000,0.000000,0.000000,0.000000,0
285,5.462524,5.462524,1,578.887451,227.310959,62.438236,24.517538,85,1,824.955566,510.211182,88.978905,55.030880,32,0,0.000000,0.000000,0.000000,0.000000,0,0,0.000000,0.000000,0.000000,0.000000,0
289,5.495850,5.495850,1,598.755432,213.076599,64.581177,22.982233,80,1,822.940613,510.543518,88.761566,55.066727,35,0,0.000000,0.000000,0.000000,0.000000,0,0,0.000000,0.000000,0.000000,0.000000,0
291,5.529175,5.529175,1,619.440613,198.952469,66.812256,21.458820,85,1,821.321350,507.829346,88.586922,54.773975,33,0,0.000000,0.000000,0.000000,0.000000,0,0,0.000000,0.000000,0.000000,0.000000,0
296,5.562500,5.562500,1,641.922668,185.797699,69.237152,20.039959,83,1,819.547058,509.531189,88.395546,54.957539,39,0,0.000000,0.000000,0.000000,0.000000,0,0,0.000000,0.000000,0.000000,0.000000,0
298,5.595825,5.595825,1,665.425903,174.859711,71.772194,18.860197,81,1,821.351685,511.796448,88.590195,55.201866,25,0,0.000000,0.000000,0.000000,0.000000,0,0,0.000000,0.000000,0.000000,0.000000,0
301,5.629150,5.629150,1,690.869385,165.486847,74.516502,17.849249,73,1,822.209900,509.378967,88.682755,54.941116,41,0,0.000000,0.000000,0.000000,0.000000,0,0,0.000000,0.000000,0.000000,0.000000,0
303,5.662476,5.662476,1,716.748108,156.881073,77.307755,16.921040,72,1,823.122620,505.564636,88.781197,54.529709,31,0,0.000000,0.000000,0.000000,0.000000,0,0,0.000000,0.000000,0.000000,0.000000,0
306,5.695801,5.695801,1,742.349487,151.421555,80.069092,16.332180,80,1,824.131348,502.074341,88.889999,54.153248,33,0,0.000000,0.000000,0.000000,0.000000,0,0,0.000000,0.000000,0.000000,0.000000,0
310,5.729248,5.729248,1,767.472473,147.654617,82.778831,15.925882,83,1,823.847107,498.258575,88.859344,53.741684,36,0,0.000000,0.000000,0.000000,0.000000,0,0,0.000000,0.000000,0.000000,0.000000,0
312,5.762573,5.762573,1,793.393677,145.165436,85.574669,15.657403,85,1,822.077637,497.728271,88.668488,53.684486,48,0,0.000000,0.000000,0.000000,0.000000,0,0,0.000000,0.000000,0.000000,0.000000,0
316,5.795898,5.795898,1,821.164917,144.819565,88.570045,15.620097,87,1,820.889404,494.756897,88.540329,53.363998,33,0,0.000000,0.000000,0.000000,0.000000,0,0,0.000000,0.000000,0.000000,0.000000,0
318,5.829224,5.829224,1,848.296570,146.497620,91.496437,15.801090,90,1,822.946899,492.931854,88.762245,53.167149,25,0,0.000000,0.000000,0.000000,0.000000,0,0,0.000000,0.000000,0.000000,0.000000,0
322,5.862549,5.862549,1,875.368958,149.827530,94.416435,16.160252,86,1,822.600891,490.910675,88.724930,52.949146,48,0,0.000000,0.000000,0.000000,0.000000,0,0,0.000000,0.000000,0.000000,0.000000,0
324,5.895874,5.895874,1,902.436584,155.789001,97.335930,16.803249,88,1,822.230042,488.974670,88.684929,52.740334,38,0,0.000000,0.000000,0.000000,0.000000,0,0,0.000000,0.000000,0.000000,0.000000,0
327,5.929199,5.929199,1,929.110413,163.998581,100.212944,17.688726,78,1,826.929810,485.579681,89.191841,52.374149,26,0,0.000000,0.000000,0.000000,0.000000,0,0,0.000000,0.000000,0.000000,0.000000,0
331,5.962524,5.962524,1,954.171387,174.385712,102.915993,18.809072,78,1,824.985168,484.330811,88.982094,52.239449,43,0,0.000000,0.000000,0.000000,0.000000,0,0,0.000000,0.000000,0.000000,0.000000,0
333,5.995850,5.995850,1,980.011169,185.619064,105.703049,20.020691,84,1,826.804260,485.480347,89.178307,52.363438,55,0,0.000000,0.000000,0.000000,0.000000,0,0,0.000000,0.000000,0.000000,0.000000,0
336,6.029175,6.029175,1,1003.785950,199.483154,108.267372,21.516058,87,1,827.860657,485.353943,89.292244,52.349804,55,0,0.000000,0.000000,0.000000,0.000000,0,0,0.000000,0.000000,0.000000,0.000000,0
339,6.062622,6.062622,1,1026.301147,214.716187,110.695839,23.159079,90,1,833.140869,485.516754,89.861763,52.367363,62,0,0.000000,0.000000,0.000000,0.000000,0,0,0.000000,0.000000,0.000000,0.000000,0
342,6.095947,6.095947,1,1048.219116,231.476242,113.059891,24.966803,79,1,834.457642,484.408691,90.003784,52.247849,63,0,0.000000,0.000000,0.000000,0.000000,0,0,0.000000,0.000000,0.000000,0.000000,0
346,6.129272,6.129272,1,1068.743164,250.359009,115.273598,27.003479,95,1,837.138855,484.080719,90.292976,52.212471,62,0,0.000000,0.000000,0.000000,0.000000,0,0,0.000000,0.000000,0.000000,0.000000,0
349,6.162598,6.162598,1,1086.769043,270.111725,117.217842,29.133987,96,1,840.309631,485.738953,90.634979,52.391331,65,0,0.000000,0.000000,0.000000,0.000000,0,0,0.000000,0.000000,0.000000,0.000000,0
351,6.195923,6.195923,1,1103.719238,290.911224,119.046082,31.377401,93,1,840.911255,487.366272,90.699867,52.566849,70,0,0.000000,0.000000,0.000000,0.000000,0,0,0.000000,0.000000,0.000000,0.000000,0
355,6.229248,6.229248,1,1119.260498,313.513794,120.722343,33.815292,86,1,840.777954,487.085449,90.685486,52.536560,70,0,0.000000,0.000000,0.000000,0.000000,0,0,0.000000,0.000000,0.000000,0.000000,0
357,6.262573,6.262573,1,1132.721680,337.183563,122.174248,36.368290,95,1,840.875000,491.606171,90.695953,53.024158,66,0,0.000000,0.000000,0.000000,0.000000,0,0,0.000000,0.000000,0.000000,0.000000,0
360,6.295898,6.295898,1,1144.818604,359.740417,123.479012,38.801250,90,1,842.262390,498.027191,90.845604,53.716724,60,0,0.000000,0.000000,0.000000,0.000000,0,0,0.000000,0.000000,0.000000,0.000000,0
364,6.329224,6.329224,1,1155.818237,383.421692,124.665421,41.355488,89,1,845.647217,503.208649,91.210678,54.275593,57,0,0.000000,0.000000,0.000000,0.000000,0,0,0.000000,0.000000,0.000000,0.000000,0
366,6.362671,6.362671,1,1164.852295,409.123016,125.639832,44.127609,95,1,848.132874,507.761444,91.478783,54.766655,70,0,0.000000,0.000000,0.000000,0.000000,0,0,0.000000,0.000000,0.000000,0.000000,0
371,6.395996,6.395996,1,1171.313110,434.296967,126.336685,46.842846,91,1,850.603882,510.952850,91.745308,55.110878,71,0,0.000000,0.000000,0.000000,0.000000,0,0,0.000000,0.000000,0.000000,0.000000,0
373,6.429321,6.429321,1,1176.951416,459.994110,126.944839,49.614517,86,1,853.525513,510.736572,92.060432,55.087547,57,0,0.000000,0.000000,0.000000,0.000000,0,0,0.000000,0.000000,0.000000,0.000000,0
376,6.462646,6.462646,1,1179.976074,486.216644,127.271065,52.442852,97,1,855.603149,509.317352,92.284523,54.934471,60,0,0.000000,0.000000,0.000000,0.000000,0,0,0.000000,0.000000,0.000000,0.000000,0
378,6.495972,6.495972,1,1181.057983,511.755188,127.387764,55.197414,93,1,855.620300,508.270599,92.286369,54.821571,67,0,0.000000,0.000000,0.000000,0.000000,0,0,0.000000,0.000000,0.000000,0.000000,0
382,6.529297,6.529297,1,1180.704834,538.198303,127.349670,58.049541,81,1,858.145630,510.889252,92.558754,55.104015,64,0,0.000000,0.000000,0.000000,0.000000,0,0,0.000000,0.000000,0.000000,0.000000,0
384,6.562622,6.562622,1,1177.723267,564.119263,127.028084,60.845356,91,1,861.989319,511.466370,92.973328,55.166264,62,0,0.000000,0.000000,0.000000,0.000000,0,0,0.000000,0.000000,0.000000,0.000000,0
387,6.595947,6.595947,1,1172.822510,589.506897,126.499489,63.583637,82,1,862.642456,511.654633,93.043777,55.186569,75,0,0.000000,0.000000,0.000000,0.000000,0,0,0.000000,0.000000,0.000000,0.000000,0
389,6.629272,6.629272,1,1166.415161,612.884033,125.808403,66.105072,89,1,862.330688,512.639893,93.010147,55.292835,71,0,0.000000,0.000000,0.000000,0.000000,0,0,0.000000,0.000000,0.000000,0.000000,0
394,6.662720,6.662720,1,1156.715576,637.138550,124.762207,68.721146,87,1,858.118774,512.823975,92.555855,55.312691,65,0,0.000000,0.000000,0.000000,0.000000,0,0,0.000000,0.000000,0.000000,0.000000,0
397,6.696045,6.696045,1,1145.037476,660.575745,123.502625,71.249062,89,1,854.521484,513.812073,92.167847,55.419266,70,0,0.000000,0.000000,0.000000,0.000000,0,0,0.000000,0.000000,0.000000,0.000000,0
400,6.729370,6.729370,1,1132.748779,683.239441,122.177185,73.693542,94,1,851.102417,515.884583,91.799072,55.642807,82,0,0.000000,0.000000,0.000000,0.000000,0,0,0.000000,0.000000,0.000000,0.000000,0
402,6.762695,6.762695,1,1118.189697,705.741455,120.606857,76.120583,95,1,849.851013,517.080017,91.664101,55.771748,79,0,0.000000,0.000000,0.000000,0.000000,0,0,0.000000,0.000000,0.000000,0.000000,0
405,6.796021,6.796021,1,1101.370483,727.573853,118.792747,78.475403,96,1,849.603149,519.233337,91.637367,56.003998,81,0,0.000000,0.000000,0.000000,0.000000,0,0,0.000000,0.000000,0.000000,0.000000,0
409,6.829346,6.829346,1,1083.772461,746.962830,116.894638,80.566681,98,1,849.113464,517.627441,91.584549,55.830788,75,0,0.000000,0.000000,0.000000,0.000000,0,0,0.000000,0.000000,0.000000,0.000000,0
411,6.862671,6.862671,1,1064.380737,764.836121,114.803070,82.494476,108,1,847.002991,518.445312,91.356918,55.919003,80,0,0.000000,0.000000,0.000000,0.000000,0,0,0.000000,0.000000,0.000000,0.000000,0
414,6.895996,6.895996,1,1043.576416,781.233154,112.559135,84.263039,98,1,844.622620,516.292175,91.100174,55.686771,79,0,0.000000,0.000000,0.000000,0.000000,0,0,0.000000,0.000000,0.000000,0.000000,0
418,6.929321,6.929321,1,1021.028076,796.347778,110.127090,85.893288,104,1,841.020386,517.885315,90.711639,55.858608,82,0,0.000000,0.000000,0.000000,0.000000,0,0,0.000000,0.000000,0.000000,0.000000,0
421,6.962646,6.962646,1,997.287537,808.893738,107.566460,87.246490,106,1,840.040527,519.395874,90.605957,56.021534,72,0,0.000000,0.000000,0.000000,0.000000,0,0,0.000000,0.000000,0.000000,0.000000,0
424,6.996094,6.996094,1,973.071960,819.552490,104.954590,88.396133,101,1,839.098999,521.605225,90.504395,56.259830,79,0,0.000000,0.000000,0.000000,0.000000,0,0,0.000000,0.000000,0.000000,0.000000,0
427,7.029419,7.029419,1,946.933105,829.257202,102.135277,89.442871,96,1,840.734253,520.767700,90.680779,56.169495,81,0,0.000000,0.000000,0.000000,0.000000,0,0,0.000000,0.000000,0.000000,0.000000,0
429,7.062744,7.062744,1,921.985229,836.525330,99.444427,90.226807,95,1,841.361938,520.906799,90.748474,56.184502,70,0,0.000000,0.000000,0.000000,0.000000,0,0,0.000000,0.000000,0.000000,0.000000,0
432,7.096069,7.096069,1,894.936951,841.458435,96.527023,90.758888,103,1,839.999878,520.414307,90.601562,56.131374,72,0,0.000000,0.000000,0.000000,0.000000,0,0,0.000000,0.000000,0.000000,0.000000,0
434,7.129395,7.129395,1,866.533875,844.622925,93.463501,91.100204,104,1,838.346985,519.396912,90.423286,56.021641,79,0,0.000000,0.000000,0.000000,0.000000,0,0,0.000000,0.000000,0.000000,0.000000,0
438,7.162720,7.162720,1,838.698425,845.431763,90.461189,91.187447,108,1,836.847534,520.979065,90.261559,56.192291,77,0,0.000000,0.000000,0.000000,0.000000,0,0,0.000000,0.000000,0.000000,0.000000,0
440,7.196045,7.196045,1,811.192200,844.841675,87.494400,91.123795,100,1,837.060242,519.314819,90.284500,56.012791,75,0,0.000000,0.000000,0.000000,0.000000,0,0,0.000000,0.000000,0.000000,0.000000,0
445,7.229370,7.229370,1,782.917542,841.290466,84.444717,90.740768,107,1,836.350464,520.219910,90.207947,56.110409,74,0,0.000000,0.000000,0.000000,0.000000,0,0,0.000000,0.000000,0.000000,0.000000,0
448,7.262695,7.262695,1,756.359619,835.278503,81.580208,90.092323,109,1,836.386292,521.015564,90.211807,56.196228,82,0,0.000000,0.000000,0.000000,0.000000,0,0,0.000000,0.000000,0.000000,0.000000,0
451,7.296143,7.296143,1,729.959106,827.477905,78.732674,89.250961,114,1,836.966919,520.063843,90.274429,56.093578,86,0,0.000000,0.000000,0.000000,0.000000,0,0,0.000000,0.000000,0.000000,0.000000,0
453,7.329468,7.329468,1,704.192322,816.935425,75.953499,88.113853,111,1,838.629578,517.141602,90.453766,55.778393,83,0,0.000000,0.000000,0.000000,0.000000,0,0,0.000000,0.000000,0.000000,0.000000,0
456,7.362793,7.362793,1,680.000183,804.468750,73.344154,86.769218,108,1,836.734009,515.686584,90.249313,55.621452,80,0,0.000000,0.000000,0.000000,0.000000,0,0,0.000000,0.000000,0.000000,0.000000,0
458,8.535767,8.535767,1,655.901855,789.488403,70.744934,85.153450,106,1,837.024353,514.072998,90.280624,55.447411,79,0,0.000000,0.000000,0.000000,0.000000,0,0,0.000000,0.000000,0.000000,0.000000,0
462,8.569092,8.569092,1,633.910156,771.616516,68.372932,83.225807,102,1,835.374817,515.256836,90.102715,55.575100,68,0,0.000000,0.000000,0.000000,0.000000,0,0,0.000000,0.000000,0.000000,0.000000,0
464,8.602417,8.602417,1,615.017517,753.640442,66.335190,81.286919,100,1,833.019470,516.797913,89.848663,55.741314,83,0,0.000000,0.000000,0.000000,0.000000,0,0,0.000000,0.000000,0.000000,0.000000,0
469,8.635742,8.635742,1,595.967224,732.562439,64.280441,79.013474,106,1,832.294250,518.076782,89.770439,55.879253,76,0,0.000000,0.000000,0.000000,0.000000,0,0,0.000000,0.000000,0.000000,0.000000,0
471,8.669067,8.669067,1,580.318604,710.503357,62.592598,76.634201,101,1,830.761536,519.309814,89.605133,56.012249,65,0,0.000000,0.000000,0.000000,0.000000,0,0,0.000000,0.000000,0.000000,0.000000,0
475,8.702393,8.702393,1,566.120239,685.412720,61.061176,73.927948,110,1,829.818542,519.053589,89.503418,55.984615,60,0,0.000000,0.000000,0.000000,0.000000,0,0,0.000000,0.000000,0.000000,0.000000,0
477,8.735840,8.735840,1,554.099060,659.253601,59.764584,71.106453,104,1,828.291565,518.232239,89.338722,55.896023,76,0,0.000000,0.000000,0.000000,0.000000,0,0,0.000000,0.000000,0.000000,0.000000,0
481,8.769165,8.769165,1,544.877686,631.818665,58.769974,68.147346,99,1,827.112244,517.588318,89.211517,55.826569,72,0,0.000000,0.000000,0.000000,0.000000,0,0,0.000000,0.000000,0.000000,0.000000,0
483,8.802490,8.802490,1,537.697021,601.845276,57.995476,64.914444,110,1,825.840637,517.034607,89.074364,55.766850,62,0,0.000000,0.000000,0.000000,0.000000,0,0,0.000000,0.000000,0.000000,0.000000,0
485,8.835815,8.835815,1,534.068420,570.430237,57.604103,61.526047,111,1,822.846252,516.904541,88.751396,55.752819,70,0,0.000000,0.000000,0.000000,0.000000,0,0,0.000000,0.000000,0.000000,0.000000,0
489,8.869141,8.869141,1,533.660339,539.265137,57.560085,58.164612,109,1,820.225464,517.909180,88.468719,55.861179,75,0,0.000000,0.000000,0.000000,0.000000,0,0,0.000000,0.000000,0.000000,0.000000,0
493,8.902466,8.902466,1,537.697632,507.078552,57.995541,54.692997,113,1,819.516113,518.168152,88.392204,55.889111,53,0,0.000000,0.000000,0.000000,0.000000,0,0,0.000000,0.000000,0.000000,0.000000,0
496,8.935791,8.935791,1,545.817017,473.383392,58.871288,51.058670,110,1,817.739929,517.527710,88.200630,55.820034,49,0,0.000000,0.000000,0.000000,0.000000,0,0,0.000000,0.000000,0.000000,0.000000,0
498,8.969116,8.969116,1,557.384705,438.993225,60.118969,47.349380,108,1,813.854797,515.608582,87.781586,55.613037,64,0,0.000000,0.000000,0.000000,0.000000,0,0,0.000000,0.000000,0.000000,0.000000,0
502,9.002441,9.002441,1,573.453064,407.397980,61.852089,43.941547,94,1,810.795349,514.431824,87.451599,55.486111,57,0,0.000000,0.000000,0.000000,0.000000,0,0,0.000000,0.000000,0.000000,0.000000,0
504,9.035889,9.035889,1,593.855957,376.227264,64.052727,40.579506,105,1,809.337952,515.703918,87.294395,55.623318,56,0,0.000000,0.000000,0.000000,0.000000,0,0,0.000000,0.000000,0.000000,0.000000,0
507,9.069214,9.069214,1,618.836975,347.094269,66.747147,37.437248,86,1,808.488220,516.716614,87.202744,55.732548,59,0,0.000000,0.000000,0.000000,0.000000,0,0,0.000000,0.000000,0.000000,0.000000,0
509,9.102539,9.102539,1,649.480896,322.401855,70.052376,34.773949,84,1,808.527405,518.048218,87.206978,55.876171,53,0,0.000000,0.000000,0.000000,0.000000,0,0,0.000000,0.000000,0.000000,0.000000,0
513,9.135864,9.135864,1,683.421814,299.892029,73.713211,32.346062,86,1,809.452087,515.912231,87.306717,55.645790,42,0,0.000000,0.000000,0.000000,0.000000,0,0,0.000000,0.000000,0.000000,0.000000,0
516,9.169189,9.169189,1,719.901428,281.999451,77.647865,30.416185,84,1,809.216492,515.138062,87.281303,55.562286,57,0,0.000000,0.000000,0.000000,0.000000,0,0,0.000000,0.000000,0.000000,0.000000,0
520,9.202515,9.202515,1,760.777527,269.194641,82.056717,29.035070,84,1,807.977844,512.932922,87.147697,55.324440,50,0,0.000000,0.000000,0.000000,0.000000,0,0,0.000000,0.000000,0.000000,0.000000,0
523,9.235840,9.235840,1,802.007263,262.262634,86.503716,28.287390,85,1,806.793640,511.183899,87.019974,55.135799,41,0,0.000000,0.000000,0.000000,0.000000,0,0,0.000000,0.000000,0.000000,0.000000,0
525,9.269165,9.269165,1,842.176880,260.670990,90.836372,28.115717,91,1,804.386353,510.444183,86.760323,55.056011,56,0,0.000000,0.000000,0.000000,0.000000,0,0,0.000000,0.000000,0.000000,0.000000,0
528,9.302490,9.302490,1,879.627625,264.111633,94.875771,28.486822,84,1,805.395020,512.227661,86.869118,55.248375,59,0,0.000000,0.000000,0.000000,0.000000,0,0,0.000000,0.000000,0.000000,0.000000,0
531,9.335938,9.335938,1,915.683289,272.529114,98.764709,29.394722,92,1,808.073730,512.029602,87.158043,55.227016,56,0,0.000000,0.000000,0.000000,0.000000,0,0,0.000000,0.000000,0.000000,0.000000,0
534,9.369263,9.369263,1,947.768555,285.221924,102.225388,30.763758,109,1,807.395020,512.455688,87.084839,55.272972,69,0,0.000000,0.000000,0.000000,0.000000,0,0,0.000000,0.000000,0.000000,0.000000,0
538,9.402588,9.402588,1,975.885864,301.770233,105.258102,32.548645,107,1,804.989258,510.988556,86.825356,55.114727,75,0,0.000000,0.000000,0.000000,0.000000,0,0,0.000000,0.000000,0.000000,0.000000,0
540,9.435913,9.435913,1,1000.793396,320.782196,107.944595,34.599255,101,1,802.570679,509.787079,86.564491,54.985134,69,0,0.000000,0.000000,0.000000,0.000000,0,0,0.000000,0.000000,0.000000,0.000000,0
543,9.469238,9.469238,1,1021.265686,342.341583,110.152718,36.924629,94,1,802.024048,509.512756,86.505531,54.955547,68,0,0.000000,0.000000,0.000000,0.000000,0,0,0.000000,0.000000,0.000000,0.000000,0
547,9.502563,9.502563,1,1040.106201,366.945892,112.184837,39.578426,105,1,803.412720,508.882294,86.655312,54.887547,80,0,0.000000,0.000000,0.000000,0.000000,0,0,0.000000,0.000000,0.000000,0.000000,0
549,9.535889,9.535889,1,1055.682739,391.546387,113.864914,42.231812,102,1,804.814636,508.375854,86.806519,54.832924,77,0,0.000000,0.000000,0.000000,0.000000,0,0,0.000000,0.000000,0.000000,0.000000,0
552,9.569214,9.569214,1,1067.909912,417.909760,115.183716,45.075340,98,1,804.884338,507.978455,86.814041,54.790062,70,0,0.000000,0.000000,0.000000,0.000000,0,0,0.000000,0.000000,0.000000,0.000000,0
556,9.602539,9.602539,1,1077.483398,446.109924,116.216316,48.116982,93,1,803.746704,507.560333,86.691338,54.744961,72,0,0.000000,0.000000,0.000000,0.000000,0,0,0.000000,0.000000,0.000000,0.000000,0
558,9.635864,9.635864,1,1082.746338,474.273682,116.783966,51.154694,95,1,800.427002,504.884399,86.333275,54.456337,76,0,0.000000,0.000000,0.000000,0.000000,0,0,0.000000,0.000000,0.000000,0.000000,0
561,9.669312,9.669312,1,1086.181152,502.328552,117.154434,54.180664,94,1,799.064941,502.830261,86.186363,54.234783,79,0,0.000000,0.000000,0.000000,0.000000,0,0,0.000000,0.000000,0.000000,0.000000,0
564,9.702637,9.702637,1,1085.915405,530.542236,117.125778,57.223766,95,1,796.191467,499.260986,85.876434,53.849804,82,0,0.000000,0.000000,0.000000,0.000000,0,0,0.000000,0.000000,0.000000,0.000000,0
567,9.735962,9.735962,1,1083.505127,558.837402,116.865807,60.275658,93,1,797.755554,500.056396,86.045135,53.935593,82,0,0.000000,0.000000,0.000000,0.000000,0,0,0.000000,0.000000,0.000000,0.000000,0
570,9.769287,9.769287,1,1077.894531,585.819275,116.260651,63.185894,96,1,798.805725,499.819946,86.158409,53.910091,79,0,0.000000,0.000000,0.000000,0.000000,0,0,0.000000,0.000000,0.000000,0.000000,0
574,9.802612,9.802612,1,1069.905029,612.278931,115.398911,66.039810,95,1,797.227844,498.680237,85.988220,53.787163,83,0,0.000000,0.000000,0.000000,0.000000,0,0,0.000000,0.000000,0.000000,0.000000,0
576,9.835938,9.835938,1,1059.198608,637.486816,114.244125,68.758705,100,1,792.056580,494.673248,85.430450,53.354973,80,0,0.000000,0.000000,0.000000,0.000000,0,0,0.000000,0.000000,0.000000,0.000000,0
579,9.869263,9.869263,1,1046.357666,661.490173,112.859116,71.347679,104,1,793.947998,495.167694,85.634460,53.408302,77,0,0.000000,0.000000,0.000000,0.000000,0,0,0.000000,0.000000,0.000000,0.000000,0
583,9.902588,9.902588,1,1030.998535,684.152710,111.202499,73.792046,110,1,795.310669,495.753204,85.781433,53.471458,74,0,0.000000,0.000000,0.000000,0.000000,0,0,0.000000,0.000000,0.000000,0.000000,0
585,9.935913,9.935913,1,1012.780945,704.488708,109.237564,75.985458,104,1,796.960022,495.486694,85.959328,53.442711,81,0,0.000000,0.000000,0.000000,0.000000,0,0,0.000000,0.000000,0.000000,0.000000,0
588,9.969360,9.969360,1,992.957458,723.643494,107.099419,78.051483,108,1,797.081238,490.786865,85.972404,52.935791,82,0,0.000000,0.000000,0.000000,0.000000,0,0,0.000000,0.000000,0.000000,0.000000,0
590,10.002686,10.002686,1,971.631836,740.416565,104.799263,79.860603,108,1,796.653564,488.176208,85.926277,52.654209,83,0,0.000000,0.000000,0.000000,0.000000,0,0,0.000000,0.000000,0.000000,0.000000,0
594,10.036011,10.036011,1,948.464294,754.759949,102.300438,81.407669,110,1,793.670593,487.237671,85.604538,52.552979,78,0,0.000000,0.000000,0.000000,0.000000,0,0,0.000000,0.000000,0.000000,0.000000,0
597,10.069336,10.069336,1,924.226746,767.361206,99.686195,82.766830,110,1,794.218506,486.618286,85.663635,52.486176,76,0,0.000000,0.000000,0.000000,0.000000,0,0,0.000000,0.000000,0.000000,0.000000,0
601,10.102661,10.102661,1,898.395569,777.971924,96.900070,83.911293,113,1,796.070312,487.063507,85.863365,52.534195,75,0,0.000000,0.000000,0.000000,0.000000,0,0,0.000000,0.000000,0.000000,0.000000,0
603,10.135986,10.135986,1,872.112183,786.067749,94.065163,84.784500,111,1,798.465027,488.958038,86.121658,52.738537,77,0,0.000000,0.000000,0.000000,0.000000,0,0,0.000000,0.000000,0.000000,0.000000,0
606,10.169312,10.169312,1,844.473450,790.639648,91.084084,85.277618,110,1,799.586792,487.108032,86.242653,52.538998,69,0,0.000000,0.000000,0.000000,0.000000,0,0,0.000000,0.000000,0.000000,0.000000,0
608,10.202637,10.202637,1,817.454712,792.155151,88.169868,85.441078,110,1,800.883118,482.356812,86.382469,52.026535,78,0,0.000000,0.000000,0.000000,0.000000,0,0,0.000000,0.000000,0.000000,0.000000,0
612,10.235962,10.235962,1,788.613342,790.856934,85.059067,85.301056,106,1,802.919189,481.123108,86.602074,51.893467,70,0,0.000000,0.000000,0.000000,0.000000,0,0,0.000000,0.000000,0.000000,0.000000,0
614,10.269409,10.269409,1,760.410767,787.913696,82.017159,84.983604,117,1,805.592834,479.751038,86.890457,51.745476,70,0,0.000000,0.000000,0.000000,0.000000,0,0,0.000000,0.000000,0.000000,0.000000,0
619,10.302734,10.302734,1,732.681519,781.197144,79.026314,84.259155,110,1,811.129456,477.674835,87.487633,51.521542,70,0,0.000000,0.000000,0.000000,0.000000,0,0,0.000000,0.000000,0.000000,0.000000,0
621,10.336060,10.336060,1,705.919922,772.879333,76.139839,83.362007,119,1,817.044006,474.816559,88.125565,51.213249,72,0,0.000000,0.000000,0.000000,0.000000,0,0,0.000000,0.000000,0.000000,0.000000,0
625,10.369385,10.369385,1,680.767273,761.058655,73.426895,82.087044,113,1,822.486755,475.934174,88.712616,51.333794,66,0,0.000000,0.000000,0.000000,0.000000,0,0,0.000000,0.000000,0.000000,0.000000,0
627,10.402710,10.402710,1,656.921082,747.065857,70.854866,80.577797,110,1,826.062317,477.043732,89.098274,51.453472,71,0,0.000000,0.000000,0.000000,0.000000,0,0,0.000000,0.000000,0.000000,0.000000,0
630,10.436035,10.436035,1,633.818115,729.472778,68.363007,78.680222,108,1,827.049683,476.660736,89.204773,51.412163,70,0,0.000000,0.000000,0.000000,0.000000,0,0,0.000000,0.000000,0.000000,0.000000,0
633,10.469360,10.469360,1,613.275452,709.558594,66.147285,76.532303,111,1,827.642578,475.937744,89.268715,51.334179,74,0,0.000000,0.000000,0.000000,0.000000,0,0,0.000000,0.000000,0.000000,0.000000,0
636,10.502686,10.502686,1,594.377869,687.669434,64.109016,74.171349,108,1,829.598206,479.046387,89.479652,51.669476,69,0,0.000000,0.000000,0.000000,0.000000,0,0,0.000000,0.000000,0.000000,0.000000,0
638,10.536011,10.536011,1,578.339844,664.358765,62.379169,71.657089,102,1,831.493835,481.302704,89.684113,51.912842,69,0,0.000000,0.000000,0.000000,0.000000,0,0,0.000000,0.000000,0.000000,0.000000,0
642,10.569336,10.569336,1,564.307251,638.431458,60.865627,68.860596,100,1,834.567505,481.983856,90.015633,51.986309,62,0,0.000000,0.000000,0.000000,0.000000,0,0,0.000000,0.000000,0.000000,0.000000,0
645,10.602783,10.602783,1,553.497314,611.429871,59.699677,65.948227,97,1,839.996399,479.673859,90.601189,51.737156,54,0,0.000000,0.000000,0.000000,0.000000,0,0,0.000000,0.000000,0.000000,0.000000,0
647,10.636108,10.636108,1,545.718811,583.239319,58.860699,62.907623,99,1,845.421753,478.688080,91.186363,51.630829,67,0,0.000000,0.000000,0.000000,0.000000,0,0,0.000000,0.000000,0.000000,0.000000,0
651,10.669434,10.669434,1,540.086121,553.449402,58.253162,59.694508,104,1,847.409790,478.467133,91.400787,51.606998,61,0,0.000000,0.000000,0.000000,0.000000,0,0,0.000000,0.000000,0.000000,0.000000,0
655,10.702759,10.702759,1,537.736511,522.482849,57.999733,56.354488,108,1,848.635193,479.095215,91.532967,51.674744,68,0,0.000000,0.000000,0.000000,0.000000,0,0,0.000000,0.000000,0.000000,0.000000,0
657,10.736084,10.736084,1,538.802368,491.645874,58.114700,53.028442,94,1,849.047791,480.442566,91.577461,51.820068,64,0,0.000000,0.000000,0.000000,0.000000,0,0,0.000000,0.000000,0.000000,0.000000,0
660,10.769409,10.769409,1,543.492554,460.777283,58.620571,49.698986,94,1,847.670654,482.230286,91.428932,52.012890,70,0,0.000000,0.000000,0.000000,0.000000,0,0,0.000000,0.000000,0.000000,0.000000,0
662,10.802734,10.802734,1,550.838501,430.508575,59.412903,46.434235,102,1,848.239624,482.853180,91.490295,52.080074,63,0,0.000000,0.000000,0.000000,0.000000,0,0,0.000000,0.000000,0.000000,0.000000,0
665,11.975952,11.975952,1,561.559509,399.665192,60.569256,43.107498,101,1,849.739441,482.595459,91.652061,52.052273,51,0,0.000000,0.000000,0.000000,0.000000,0,0,0.000000,0.000000,0.000000,0.000000,0
669,12.009277,12.009277,1,575.900513,370.186951,62.116070,39.928001,94,1,851.010010,480.183807,91.789108,51.792156,62,0,0.000000,0.000000,0.000000,0.000000,0,0,0.000000,0.000000,0.000000,0.000000,0
673,12.042603,12.042603,1,593.935608,341.327789,64.061317,36.815285,86,1,850.005615,478.665802,91.680779,51.628426,64,0,0.000000,0.000000,0.000000,0.000000,0,0,0.000000,0.000000,0.000000,0.000000,0
675,12.075928,12.075928,1,616.170959,314.057831,66.459602,33.873974,93,1,849.677429,478.449768,91.645378,51.605125,62,0,0.000000,0.000000,0.000000,0.000000,0,0,0.000000,0.000000,0.000000,0.000000,0
678,12.109253,12.109253,1,640.634338,288.884735,69.098190,31.158825,92,1,847.864746,480.748108,91.449860,51.853020,67,0,0.000000,0.000000,0.000000,0.000000,0,0,0.000000,0.000000,0.000000,0.000000,0
682,12.142578,12.142578,1,669.940918,266.632935,72.259171,28.758770,89,1,844.717957,482.910187,91.110458,52.086220,63,0,0.000000,0.000000,0.000000,0.000000,0,0,0.000000,0.000000,0.000000,0.000000,0
684,12.175903,12.175903,1,702.418579,248.425491,75.762177,26.794931,90,1,844.128418,485.396942,91.046867,52.354439,62,0,0.000000,0.000000,0.000000,0.000000,0,0,0.000000,0.000000,0.000000,0.000000,0
687,12.209229,12.209229,1,736.781006,234.154434,79.468475,25.255669,94,1,841.150635,487.272278,90.725685,52.556713,67,0,0.000000,0.000000,0.000000,0.000000,0,0,0.000000,0.000000,0.000000,0.000000,0
689,12.242676,12.242676,1,773.287048,224.008286,83.405991,24.161314,90,1,840.250000,490.174255,90.628548,52.869717,68,0,0.000000,0.000000,0.000000,0.000000,0,0,0.000000,0.000000,0.000000,0.000000,0
694,12.276001,12.276001,1,811.841309,217.940964,87.564407,23.506901,91,1,838.386230,488.685822,90.427521,52.709175,63,0,0.000000,0.000000,0.000000,0.000000,0,0,0.000000,0.000000,0.000000,0.000000,0
696,12.309326,12.309326,1,848.200684,216.306641,91.486092,23.330624,94,1,836.655334,486.062073,90.240829,52.426178,67,0,0.000000,0.000000,0.000000,0.000000,0,0,0.000000,0.000000,0.000000,0.000000,0
699,12.342651,12.342651,1,886.474487,220.200043,95.614273,23.750563,91,1,831.864319,486.615326,89.724068,52.485855,69,0,0.000000,0.000000,0.000000,0.000000,0,0,0.000000,0.000000,0.000000,0.000000,0
701,12.375977,12.375977,1,922.769104,228.888901,99.528976,24.687733,85,1,830.918030,488.103302,89.622002,52.646347,69,0,0.000000,0.000000,0.000000,0.000000,0,0,0.000000,0.000000,0.000000,0.000000,0
705,12.409302,12.409302,1,958.839111,243.272781,103.419449,26.239164,74,1,831.316162,491.495239,89.664948,53.012196,65,0,0.000000,0.000000,0.000000,0.000000,0,0,0.000000,0.000000,0.000000,0.000000,0
707,12.442627,12.442627,1,990.594116,259.726257,106.844513,28.013821,89,1,834.126831,496.101959,89.968109,53.509071,64,0,0.000000,0.000000,0.000000,0.000000,0,0,0.000000,0.000000,0.000000,0.000000,0
710,12.475952,12.475952,1,1019.904724,280.064789,110.005928,30.207514,96,1,832.810547,496.564972,89.826134,53.559013,70,0,0.000000,0.000000,0.000000,0.000000,0,0,0.000000,0.000000,0.000000,0.000000,0
714,12.509277,12.509277,1,1045.550049,301.958313,112.772003,32.568928,95,1,830.299927,493.030975,89.555336,53.177837,72,0,0.000000,0.000000,0.000000,0.000000,0,0,0.000000,0.000000,0.000000,0.000000,0
718,12.542725,12.542725,1,1069.603516,327.395538,115.366394,35.312561,96,1,823.288208,488.768036,88.799065,52.718044,67,0,0.000000,0.000000,0.000000,0.000000,0,0,0.000000,0.000000,0.000000,0.000000,0
720,12.576050,12.576050,1,1090.217041,355.026764,117.589737,38.292839,95,1,823.950012,485.548645,88.870445,52.370804,71,0,0.000000,0.000000,0.000000,0.000000,0,0,0.000000,0.000000,0.000000,0.000000,0
723,12.609375,12.609375,1,1107.772217,384.231140,119.483231,41.442795,95,1,822.476135,482.034882,88.711479,51.991810,69,0,0.000000,0.000000,0.000000,0.000000,0,0,0.000000,0.000000,0.000000,0.000000,0
725,12.642700,12.642700,1,1122.459717,414.077148,121.067406,44.661957,88,1,824.511841,479.482574,88.931046,51.716522,68,0,0.000000,0.000000,0.000000,0.000000,0,0,0.000000,0.000000,0.000000,0.000000,0
729,12.676025,12.676025,1,1133.167114,446.225281,122.222290,48.129421,84,1,825.039551,479.459534,88.987961,51.714039,75,0,0.000000,0.000000,0.000000,0.000000,0,0,0.000000,0.000000,0.000000,0.000000,0
732,12.709351,12.709351,1,1139.949707,475.702637,122.953865,51.308823,91,1,825.804260,478.887787,89.070442,51.652370,73,0,0.000000,0.000000,0.000000,0.000000,0,0,0.000000,0.000000,0.000000,0.000000,0
735,12.742676,12.742676,1,1144.523315,505.758972,123.447174,54.550667,84,1,825.266846,480.532043,89.012474,51.829716,63,0,0.000000,0.000000,0.000000,0.000000,0,0,0.000000,0.000000,0.000000,0.000000,0
738,12.776001,12.776001,1,1146.034424,536.366455,123.610161,57.851959,76,1,829.423279,483.599731,89.460785,52.160595,63,0,0.000000,0.000000,0.000000,0.000000,0,0,0.000000,0.000000,0.000000,0.000000,0
741,12.809326,12.809326,1,1146.098145,564.976868,123.617020,60.937855,81,1,834.694702,486.958893,90.029358,52.522911,61,0,0.000000,0.000000,0.000000,0.000000,0,0,0.000000,0.000000,0.000000,0.000000,0
745,12.842773,12.842773,1,1143.352539,593.627625,123.320885,64.028091,82,1,837.292908,489.160187,90.309593,52.760338,61,0,0.000000,0.000000,0.000000,0.000000,0,0,0.000000,0.000000,0.000000,0.000000,0
747,12.876099,12.876099,1,1136.914795,622.583679,122.626526,67.151268,86,1,839.491882,490.534515,90.546776,52.908573,60,0,0.000000,0.000000,0.000000,0.000000,0,0,0.000000,0.000000,0.000000,0.000000,0
751,12.909424,12.909424,1,1128.825684,649.227295,121.754044,70.025024,89,1,839.570740,490.767548,90.555283,52.933708,58,0,0.000000,0.000000,0.000000,0.000000,0,0,0.000000,0.000000,0.000000,0.000000,0
753,12.942749,12.942749,1,1118.085571,675.550476,120.595612,72.864212,95,1,839.730408,490.386322,90.572502,52.892590,56,0,0.000000,0.000000,0.000000,0.000000,0,0,0.000000,0.000000,0.000000,0.000000,0
755,12.976074,12.976074,1,1106.979614,699.678345,119.397743,75.466629,91,1,841.567383,488.406006,90.770630,52.678997,64,0,0.000000,0.000000,0.000000,0.000000,0,0,0.000000,0.000000,0.000000,0.000000,0
759,13.009399,13.009399,1,1092.333496,722.452026,117.818024,77.922974,85,1,842.135498,483.787506,90.831917,52.180847,63,0,0.000000,0.000000,0.000000,0.000000,0,0,0.000000,0.000000,0.000000,0.000000,0
761,13.042725,13.042725,1,1077.348511,742.973328,116.201752,80.136375,88,1,842.538452,479.207092,90.875381,51.686810,49,0,0.000000,0.000000,0.000000,0.000000,0,0,0.000000,0.000000,0.000000,0.000000,0
765,13.076050,13.076050,1,1059.881714,764.324158,114.317810,82.439255,94,1,844.951477,475.851074,91.135643,51.324833,31,0,0.000000,0.000000,0.000000,0.000000,0,0,0.000000,0.000000,0.000000,0.000000,0
768,13.109375,13.109375,1,1042.137695,782.198303,112.403961,84.367149,97,1,843.681274,472.913391,90.998634,51.007977,29,0,0.000000,0.000000,0.000000,0.000000,0,0,0.000000,0.000000,0.000000,0.000000,0
772,13.142700,13.142700,1,1022.540283,800.339050,110.290199,86.323792,96,1,843.700195,473.108002,91.000679,51.028965,47,0,0.000000,0.000000,0.000000,0.000000,0,0,0.000000,0.000000,0.000000,0.000000,0
774,13.176147,13.176147,1,1002.172241,815.682129,108.093323,87.978676,107,1,845.483887,475.494690,91.193069,51.286392,44,0,0.000000,0.000000,0.000000,0.000000,0,0,0.000000,0.000000,0.000000,0.000000,0
778,13.209473,13.209473,1,981.682678,828.802368,105.883339,89.393814,93,1,843.515381,476.263947,90.980743,51.369366,37,0,0.000000,0.000000,0.000000,0.000000,0,0,0.000000,0.000000,0.000000,0.000000,0
780,13.242798,13.242798,1,959.976746,840.667542,103.542160,90.673584,98,1,841.496094,478.751953,90.762947,51.637718,41,0,0.000000,0.000000,0.000000,0.000000,0,0,0.000000,0.000000,0.000000,0.000000,0
783,13.276123,13.276123,1,938.189087,850.465454,101.192154,91.730370,96,1,841.846619,482.152130,90.800751,52.004459,31,0,0.000000,0.000000,0.000000,0.000000,0,0,0.000000,0.000000,0.000000,0.000000,0
785,13.309448,13.309448,1,916.248962,858.867249,98.825714,92.636581,97,1,840.210266,481.705933,90.624260,51.956333,51,0,0.000000,0.000000,0.000000,0.000000,0,0,0.000000,0.000000,0.000000,0.000000,0
788,13.342773,13.342773,1,893.573120,865.931458,96.379921,93.398521,105,1,842.664062,484.634979,90.888924,52.272255,32,0,0.000000,0.000000,0.000000,0.000000,0,0,0.000000,0.000000,0.000000,0.000000,0
792,13.376099,13.376099,1,870.007202,872.004150,93.838127,94.053513,105,1,843.782471,484.219818,91.009552,52.227478,28,0,0.000000,0.000000,0.000000,0.000000,0,0,0.000000,0.000000,0.000000,0.000000,0
795,13.409424,13.409424,1,847.227844,875.543640,91.381172,94.435280,103,1,844.375916,483.835327,91.073563,52.186005,36,0,0.000000,0.000000,0.000000,0.000000,0,0,0.000000,0.000000,0.000000,0.000000,0
799,13.442749,13.442749,1,823.588196,877.399719,88.831421,94.635475,100,1,846.957947,484.206879,91.352058,52.226082,36,0,0.000000,0.000000,0.000000,0.000000,0,0,0.000000,0.000000,0.000000,0.000000,0
801,13.476196,13.476196,1,800.846558,877.765991,86.378525,94.674980,115,1,847.755371,482.344879,91.438065,52.025246,48,0,0.000000,0.000000,0.000000,0.000000,0,0,0.000000,0.000000,0.000000,0.000000,0
804,13.509521,13.509521,1,778.269653,876.267273,83.943405,94.513336,105,1,850.232178,484.600159,91.705215,52.268501,48,0,0.000000,0.000000,0.000000,0.000000,0,0,0.000000,0.000000,0.000000,0.000000,0
808,13.542847,13.542847,1,756.126953,873.690002,81.555115,94.235352,114,1,850.565918,488.007782,91.741211,52.636044,34,0,0.000000,0.000000,0.000000,0.000000,0,0,0.000000,0.000000,0.000000,0.000000,0
810,13.576172,13.576172,1,732.950378,869.979736,79.055313,93.835167,113,1,851.795166,490.483185,91.873795,52.903034,44,0,0.000000,0.000000,0.000000,0.000000,0,0,0.000000,0.000000,0.000000,0.000000,0
812,13.609497,13.609497,1,711.519470,864.216980,76.743797,93.213600,109,1,851.930603,490.262054,91.888405,52.879185,46,0,0.000000,0.000000,0.000000,0.000000,0,0,0.000000,0.000000,0.000000,0.000000,0
817,13.642822,13.642822,1,689.955200,857.399048,74.417892,92.478218,102,1,851.540833,492.036896,91.846359,53.070618,34,0,0.000000,0.000000,0.000000,0.000000,0,0,0.000000,0.000000,0.000000,0.000000,0
819,13.676147,13.676147,1,669.219299,848.331909,72.181343,91.500252,103,1,851.192688,488.954712,91.808815,52.738178,37,0,0.000000,0.000000,0.000000,0.000000,0,0,0.000000,0.000000,0.000000,0.000000,0
823,13.709473,13.709473,1,649.190674,837.870789,70.021072,90.371925,105,1,851.487915,486.983948,91.840652,52.525616,51,0,0.000000,0.000000,0.000000,0.000000,0,0,0.000000,0.000000,0.000000,0.000000,0
825,13.742798,13.742798,1,630.394226,826.707153,67.993706,89.167824,104,1,855.180786,486.974091,92.238960,52.524548,22,0,0.000000,0.000000,0.000000,0.000000,0,0,0.000000,0.000000,0.000000,0.000000,0
828,13.776245,13.776245,1,612.627136,814.264709,66.077370,87.825798,110,1,858.082703,487.222137,92.551964,52.551304,31,0,0.000000,0.000000,0.000000,0.000000,0,0,0.000000,0.000000,0.000000,0.000000,0
831,13.809570,13.809570,1,594.509583,800.692871,64.123222,86.361946,111,1,858.598816,487.500702,92.607628,52.581348,41,0,0.000000,0.000000,0.000000,0.000000,0,0,0.000000,0.000000,0.000000,0.000000,0
834,13.842896,13.842896,1,577.402832,786.141052,62.278107,84.792404,108,1,861.924438,491.322296,92.966331,52.993542,18,0,0.000000,0.000000,0.000000,0.000000,0,0,0.000000,0.000000,0.000000,0.000000,0
836,13.876221,13.876221,1,561.133850,770.051147,60.523350,83.056961,110,1,860.244202,493.269257,92.785103,53.203541,14,0,0.000000,0.000000,0.000000,0.000000,0,0,0.000000,0.000000,0.000000,0.000000,0
840,13.909546,13.909546,1,545.931335,753.336365,58.883617,81.254128,100,1,858.939514,495.463348,92.644371,53.440193,55,0,0.000000,0.000000,0.000000,0.000000,0,0,0.000000,0.000000,0.000000,0.000000,0
843,13.942871,13.942871,1,531.257385,735.182678,57.300903,79.296082,98,1,861.115479,493.863495,92.879074,53.267632,23,0,0.000000,0.000000,0.000000,0.000000,0,0,0.000000,0.000000,0.000000,0.000000,0
845,13.976196,13.976196,1,518.847534,714.966187,55.962387,77.115555,98,1,863.714539,496.592560,93.159409,53.561989,16,0,0.000000,0.000000,0.000000,0.000000,0,0,0.000000,0.000000,0.000000,0.000000,0
849,14.009521,14.009521,1,507.822998,695.688538,54.773293,75.036285,98,1,861.443420,496.619415,92.914452,53.564884,48,0,0.000000,0.000000,0.000000,0.000000,0,0,0.000000,0.000000,0.000000,0.000000,0
851,14.042847,14.042847,1,497.499573,675.547241,53.659817,72.863869,89,1,863.677612,496.043488,93.155426,53.502766,56,0,0.000000,0.000000,0.000000,0.000000,0,0,0.000000,0.000000,0.000000,0.000000,0
854,14.076172,14.076172,1,488.328766,654.540771,52.670662,70.598129,91,1,867.368408,497.102692,93.553513,53.617012,19,0,0.000000,0.000000,0.000000,0.000000,0,0,0.000000,0.000000,0.000000,0.000000,0
858,14.109619,14.109619,1,480.451050,632.185120,51.820984,68.186867,99,1,867.604065,498.120636,93.578926,53.726807,31,0,0.000000,0.000000,0.000000,0.000000,0,0,0.000000,0.000000,0.000000,0.000000,0
860,14.142944,14.142944,1,473.220703,610.044373,51.041122,65.798790,99,1,868.013611,499.283478,93.623100,53.852230,49,0,0.000000,0.000000,0.000000,0.000000,0,0,0.000000,0.000000,0.000000,0.000000,0
863,14.176270,14.176270,1,467.839539,586.600098,50.460712,63.270111,98,1,868.722412,503.430145,93.699554,54.299484,15,0,0.000000,0.000000,0.000000,0.000000,0,0,0.000000,0.000000,0.000000,0.000000,0
867,14.209595,14.209595,1,464.919678,563.176392,50.145782,60.743656,105,1,867.001404,505.954742,93.513924,54.571785,10,0,0.000000,0.000000,0.000000,0.000000,0,0,0.000000,0.000000,0.000000,0.000000,0
869,14.242920,14.242920,1,462.464142,540.535583,49.880932,58.301643,101,1,864.637756,505.614960,93.258980,54.535137,37,0,0.000000,0.000000,0.000000,0.000000,0,0,0.000000,0.000000,0.000000,0.000000,0
873,15.431763,15.431763,1,462.091949,518.474182,49.840786,55.922115,97,1,864.071289,508.310455,93.197884,54.825867,33,0,0.000000,0.000000,0.000000,0.000000,0,0,0.000000,0.000000,0.000000,0.000000,0
875,15.465088,15.465088,1,462.464081,495.109161,49.880924,53.401989,100,1,862.577454,511.086792,93.036758,55.125320,29,0,0.000000,0.000000,0.000000,0.000000,0,0,0.000000,0.000000,0.000000,0.000000,0
878,15.498413,15.498413,1,463.981750,471.919098,50.044621,50.900734,92,1,859.090393,510.247620,92.660652,55.034809,61,0,0.000000,0.000000,0.000000,0.000000,0,0,0.000000,0.000000,0.000000,0.000000,0
882,15.531738,15.531738,1,467.867126,448.978851,50.463692,48.426422,89,1,858.728821,512.199097,92.621651,55.245293,54,0,0.000000,0.000000,0.000000,0.000000,0,0,0.000000,0.000000,0.000000,0.000000,0
884,15.565063,15.565063,1,473.171967,427.522614,51.035866,46.112171,94,1,860.556396,511.700378,92.818771,55.191505,23,0,0.000000,0.000000,0.000000,0.000000,0,0,0.000000,0.000000,0.000000,0.000000,0
887,15.598389,15.598389,1,479.427490,406.398590,51.710579,43.833755,90,1,858.511475,512.274536,92.598206,55.253429,43,0,0.000000,0.000000,0.000000,0.000000,0,0,0.000000,0.000000,0.000000,0.000000,0
891,15.631714,15.631714,1,487.477692,385.000854,52.578869,41.525818,86,1,859.749817,512.436646,92.731773,55.270916,46,0,0.000000,0.000000,0.000000,0.000000,0,0,0.000000,0.000000,0.000000,0.000000,0
894,15.665039,15.665039,1,496.750977,364.093323,53.579075,39.270748,82,1,861.194275,514.004944,92.887573,55.440071,20,0,0.000000,0.000000,0.000000,0.000000,0,0,0.000000,0.000000,0.000000,0.000000,0
896,15.698486,15.698486,1,507.569946,344.545532,54.745998,37.162342,85,1,860.424500,515.675537,92.804543,55.620258,32,0,0.000000,0.000000,0.000000,0.000000,0,0,0.000000,0.000000,0.000000,0.000000,0
899,15.731812,15.731812,1,518.325745,325.926178,55.906109,35.154079,84,1,858.172119,515.422180,92.561607,55.592934,51,0,0.000000,0.000000,0.000000,0.000000,0,0,0.000000,0.000000,0.000000,0.000000,0
903,15.765137,15.765137,1,530.362122,307.763275,57.204342,33.195045,85,1,859.391235,515.049316,92.693100,55.552711,17,0,0.000000,0.000000,0.000000,0.000000,0,0,0.000000,0.000000,0.000000,0.000000,0
905,15.798462,15.798462,1,544.585938,289.346649,58.738510,31.208647,88,1,857.746582,513.487671,92.515709,55.384281,26,0,0.000000,0.000000,0.000000,0.000000,0,0,0.000000,0.000000,0.000000,0.000000,0
908,15.831787,15.831787,1,559.875061,271.586517,60.387581,29.293056,87,1,856.296570,512.862183,92.359306,55.316814,43,0,0.000000,0.000000,0.000000,0.000000,0,0,0.000000,0.000000,0.000000,0.000000,0
912,15.865112,15.865112,1,575.765259,256.041229,62.101479,27.616356,91,1,856.909180,514.379333,92.425385,55.480453,22,0,0.000000,0.000000,0.000000,0.000000,0,0,0.000000,0.000000,0.000000,0.000000,0
914,15.898438,15.898438,1,592.580750,241.717651,63.915180,26.071430,87,1,855.105225,517.382507,92.230812,55.804371,25,0,0.000000,0.000000,0.000000,0.000000,0,0,0.000000,0.000000,0.000000,0.000000,0
918,15.931763,15.931763,1,610.351624,227.987061,65.831932,24.590462,86,1,852.396240,518.448792,91.938622,55.919384,57,0,0.000000,0.000000,0.000000,0.000000,0,0,0.000000,0.000000,0.000000,0.000000,0
921,15.965088,15.965088,1,628.451172,215.502411,67.784134,23.243879,89,1,852.695923,521.327942,91.970947,56.229927,37,0,0.000000,0.000000,0.000000,0.000000,0,0,0.000000,0.000000,0.000000,0.000000,0
924,15.998413,15.998413,1,648.470032,203.056290,69.943344,21.901453,80,1,851.128906,523.682861,91.801933,56.483917,29,0,0.000000,0.000000,0.000000,0.000000,0,0,0.000000,0.000000,0.000000,0.000000,0
927,16.031860,16.031860,1,668.873291,193.130264,72.144020,20.830841,81,1,847.580750,521.139404,91.419228,56.209587,46,0,0.000000,0.000000,0.000000,0.000000,0,0,0.000000,0.000000,0.000000,0.000000,0
929,16.065186,16.065186,1,691.167908,183.487167,74.548698,19.790747,85,1,846.026672,521.505188,91.251610,56.249043,48,0,0.000000,0.000000,0.000000,0.000000,0,0,0.000000,0.000000,0.000000,0.000000,0
933,16.098511,16.098511,1,713.115540,176.895950,76.915947,19.079824,90,1,849.142761,523.067871,91.587708,56.417587,22,0,0.000000,0.000000,0.000000,0.000000,0,0,0.000000,0.000000,0.000000,0.000000,0
935,16.131836,16.131836,1,736.249573,171.505814,79.411156,18.498449,83,1,849.727722,521.609985,91.650803,56.260345,36,0,0.000000,0.000000,0.000000,0.000000,0,0,0.000000,0.000000,0.000000,0.000000,0
938,16.165161,16.165161,1,758.146301,166.524414,81.772919,17.961161,87,1,848.895081,520.023438,91.560989,56.089218,49,0,0.000000,0.000000,0.000000,0.000000,0,0,0.000000,0.000000,0.000000,0.000000,0
942,16.198486,16.198486,1,782.152710,163.851837,84.362228,17.672899,95,1,847.145203,520.568787,91.372253,56.148045,15,0,0.000000,0.000000,0.000000,0.000000,0,0,0.000000,0.000000,0.000000,0.000000,0
945,16.231812,16.231812,1,806.087524,162.263687,86.943810,17.501602,90,1,844.734863,521.679626,91.112282,56.267853,32,0,0.000000,0.000000,0.000000,0.000000,0,0,0.000000,0.000000,0.000000,0.000000,0
947,16.265137,16.265137,1,831.150818,163.411667,89.647118,17.625423,87,1,840.136414,521.533264,90.616295,56.252068,46,0,0.000000,0.000000,0.000000,0.000000,0,0,0.000000,0.000000,0.000000,0.000000,0
951,16.298462,16.298462,1,854.486023,165.855255,92.164024,17.888987,97,1,837.717896,522.994507,90.355431,56.409676,37,0,0.000000,0.000000,0.000000,0.000000,0,0,0.000000,0.000000,0.000000,0.000000,0
953,16.331909,16.331909,1,879.615723,170.005737,94.874496,18.336653,93,1,836.384766,524.381226,90.211639,56.559246,28,0,0.000000,0.000000,0.000000,0.000000,0,0,0.000000,0.000000,0.000000,0.000000,0
957,16.365234,16.365234,1,903.204651,175.557327,97.418770,18.935442,92,1,833.952454,527.103943,89.949295,56.852917,58,0,0.000000,0.000000,0.000000,0.000000,0,0,0.000000,0.000000,0.000000,0.000000,0
959,16.398560,16.398560,1,925.896729,182.628983,99.866318,19.698183,83,1,838.658447,528.629333,90.456879,57.017445,37,0,0.000000,0.000000,0.000000,0.000000,0,0,0.000000,0.000000,0.000000,0.000000,0
962,16.431885,16.431885,1,949.150879,191.615646,102.374489,20.667477,83,1,838.094482,529.464661,90.396049,57.107536,32,0,0.000000,0.000000,0.000000,0.000000,0,0,0.000000,0.000000,0.000000,0.000000,0
966,16.465210,16.465210,1,970.455444,201.740326,104.672379,21.759514,86,1,837.384155,530.055237,90.319435,57.171242,57,0,0.000000,0.000000,0.000000,0.000000,0,0,0.000000,0.000000,0.000000,0.000000,0
969,16.498535,16.498535,1,993.210938,213.310455,107.126762,23.007458,83,1,839.896484,531.278198,90.590416,57.303146,46,0,0.000000,0.000000,0.000000,0.000000,0,0,0.000000,0.000000,0.000000,0.000000,0
971,16.531860,16.531860,1,1014.071167,226.927643,109.376732,24.476194,81,1,836.606018,530.571167,90.235512,57.226887,27,0,0.000000,0.000000,0.000000,0.000000,0,0,0.000000,0.000000,0.000000,0.000000,0
975,16.565186,16.565186,1,1034.211670,242.436478,111.549057,26.148960,92,1,833.740540,529.495605,89.926445,57.110882,50,0,0.000000,0.000000,0.000000,0.000000,0,0,0.000000,0.000000,0.000000,0.000000,0
978,16.598511,16.598511,1,1052.196655,258.182037,113.488907,27.847263,85,1,830.978149,529.629578,89.628487,57.125324,58,0,0.000000,0.000000,0.000000,0.000000,0,0,0.000000,0.000000,0.000000,0.000000,0
980,16.631958,16.631958,1,1069.658569,276.305176,115.372330,29.802006,94,1,828.801025,530.535156,89.393669,57.223003,46,0,0.000000,0.000000,0.000000,0.000000,0,0,0.000000,0.000000,0.000000,0.000000,0
984,16.665283,16.665283,1,1085.122192,294.704193,117.040222,31.786507,87,1,828.167297,530.932617,89.325317,57.265877,41,0,0.000000,0.000000,0.000000,0.000000,0,0,0.000000,0.000000,0.000000,0.000000,0
986,16.698608,16.698608,1,1099.409790,314.838898,118.581268,33.958218,86,1,825.076660,528.894409,88.991966,57.046032,51,0,0.000000,0.000000,0.000000,0.000000,0,0,0.000000,0.000000,0.000000,0.000000,0
989,16.731934,16.731934,1,1112.730957,335.730591,120.018074,36.211575,90,1,824.251953,528.388306,88.903008,56.991444,56,0,0.000000,0.000000,0.000000,0.000000,0,0,0.000000,0.000000,0.000000,0.000000,0
993,16.765259,16.765259,1,1124.088623,356.896637,121.243103,38.494526,82,1,821.867615,527.611389,88.645836,56.907650,54,0,0.000000,0.000000,0.000000,0.000000,0,0,0.000000,0.000000,0.000000,0.000000,0
995,16.798584,16.798584,1,1133.550781,380.831970,122.263680,41.076164,79,1,820.805786,525.893555,88.531311,56.722363,64,0,0.000000,0.000000,0.000000,0.000000,0,0,0.000000,0.000000,0.000000,0.000000,0
998,16.831909,16.831909,1,1140.851196,405.357117,123.051094,43.721424,86,1,820.280823,524.055786,88.474693,56.524143,49,0,0.000000,0.000000,0.000000,0.000000,0,0,0.000000,0.000000,0.000000,0.000000,0
1002,16.865234,16.865234,1,1146.013062,429.225708,123.607849,46.295868,80,1,819.520447,520.832092,88.392670,56.176441,63,0,0.000000,0.000000,0.000000,0.000000,0,0,0.000000,0.000000,0.000000,0.000000,0
1004,16.898560,16.898560,1,1149.462769,453.876587,123.979935,48.954685,85,1,815.112549,521.490173,87.917244,56.247417,68,0,0.000000,0.000000,0.000000,0.000000,0,0,0.000000,0.000000,0.000000,0.000000,0
1008,16.931885,16.931885,1,1150.352905,478.180939,124.075943,51.576130,83,1,817.177856,519.396179,88.140007,56.021564,44,0,0.000000,0.000000,0.000000,0.000000,0,0,0.000000,0.000000,0.000000,0.000000,0
1010,16.965332,16.965332,1,1149.942627,504.999420,124.031685,54.468746,82,1,819.097290,519.531616,88.347031,56.036171,50,0,0.000000,0.000000,0.000000,0.000000,0,0,0.000000,0.000000,0.000000,0.000000,0
1013,16.998657,16.998657,1,1146.519653,530.426147,123.662498,57.211243,73,1,816.254639,519.305542,88.040428,56.011791,62,0,0.000000,0.000000,0.000000,0.000000,0,0,0.000000,0.000000,0.000000,0.000000,0
1016,17.031982,17.031982,1,1140.942871,557.097839,123.060989,60.088028,78,1,815.809692,520.165283,87.992439,56.104519,55,0,0.000000,0.000000,0.000000,0.000000,0,0,0.000000,0.000000,0.000000,0.000000,0
1020,17.065308,17.065308,1,1131.739380,582.479431,122.068298,62.825661,67,1,812.920593,520.834229,87.680824,56.176666,52,0,0.000000,0.000000,0.000000,0.000000,0,0,0.000000,0.000000,0.000000,0.000000,0
1022,17.098633,17.098633,1,1121.982056,606.944397,121.015884,65.464432,74,1,811.232666,518.591919,87.498764,55.934814,58,0,0.000000,0.000000,0.000000,0.000000,0,0,0.000000,0.000000,0.000000,0.000000,0
1025,17.131958,17.131958,1,1109.744507,631.700439,119.695961,68.134590,74,1,810.849976,517.384338,87.457489,55.804573,57,0,0.000000,0.000000,0.000000,0.000000,0,0,0.000000,0.000000,0.000000,0.000000,0
1029,17.165283,17.165283,1,1095.618652,656.791992,118.172363,70.840942,81,1,812.720886,513.032104,87.659279,55.335144,62,0,0.000000,0.000000,0.000000,0.000000,0,0,0.000000,0.000000,0.000000,0.000000,0
1031,17.198608,17.198608,1,1080.193115,680.687927,116.508568,73.418335,92,1,813.041321,510.749573,87.693848,55.088951,62,0,0.000000,0.000000,0.000000,0.000000,0,0,0.000000,0.000000,0.000000,0.000000,0
1034,17.231934,17.231934,1,1060.622681,703.648499,114.397728,75.894836,97,1,815.625549,511.928406,87.972580,55.216099,62,0,0.000000,0.000000,0.000000,0.000000,0,0,0.000000,0.000000,0.000000,0.000000,0
1038,17.265381,17.265381,1,1040.526733,724.770020,112.230202,78.172981,103,1,818.161316,511.392120,88.246078,55.158253,58,0,0.000000,0.000000,0.000000,0.000000,0,0,0.000000,0.000000,0.000000,0.000000,0
1041,17.298706,17.298706,1,1018.518372,743.644653,109.856392,80.208786,101,1,818.616333,511.451691,88.295158,55.164680,62,0,0.000000,0.000000,0.000000,0.000000,0,0,0.000000,0.000000,0.000000,0.000000,0
1044,17.332031,17.332031,1,993.940613,761.568542,107.205460,82.142044,104,1,819.663940,510.205566,88.408150,55.030273,56,0,0.000000,0.000000,0.000000,0.000000,0,0,0.000000,0.000000,0.000000,0.000000,0
1047,17.365356,17.365356,1,968.764709,775.915039,104.490021,83.689438,95,1,821.374634,512.984253,88.592667,55.329979,58,0,0.000000,0.000000,0.000000,0.000000,0,0,0.000000,0.000000,0.000000,0.000000,0
1049,17.398682,17.398682,1,942.410950,788.147034,101.647530,85.008774,103,1,826.223816,513.124329,89.115700,55.345089,49,0,0.000000,0.000000,0.000000,0.000000,0,0,0.000000,0.000000,0.000000,0.000000,0
1052,17.432007,17.432007,1,913.500366,798.249146,98.529259,86.098373,98,1,827.784058,511.103180,89.283981,55.127090,44,0,0.000000,0.000000,0.000000,0.000000,0,0,0.000000,0.000000,0.000000,0.000000,0
1055,17.465332,17.465332,1,887.220459,805.464294,95.694733,86.876595,101,1,828.781921,510.430847,89.391609,55.054573,56,0,0.000000,0.000000,0.000000,0.000000,0,0,0.000000,0.000000,0.000000,0.000000,0
1058,17.498657,17.498657,1,858.877869,809.062012,92.637726,87.264633,103,1,829.651428,509.418976,89.485390,54.945435,59,0,0.000000,0.000000,0.000000,0.000000,0,0,0.000000,0.000000,0.000000,0.000000,0
1062,17.531982,17.531982,1,829.615173,810.551453,89.481483,87.425293,107,1,830.732849,507.142944,89.602036,54.699944,58,0,0.000000,0.000000,0.000000,0.000000,0,0,0.000000,0.000000,0.000000,0.000000,0
1064,17.565430,17.565430,1,799.783936,808.384155,86.263916,87.191528,101,1,833.349426,503.115997,89.884254,54.265598,57,0,0.000000,0.000000,0.000000,0.000000,0,0,0.000000,0.000000,0.000000,0.000000,0
1067,17.598755,17.598755,1,771.731323,803.539490,83.238190,86.668983,103,1,838.105408,499.680115,90.397232,53.895008,39,0,0.000000,0.000000,0.000000,0.000000,0,0,0.000000,0.000000,0.000000,0.000000,0
1071,17.632080,17.632080,1,743.653809,794.711060,80.209770,85.716759,99,1,840.854980,500.792603,90.693794,54.015003,43,0,0.000000,0.000000,0.000000,0.000000,0,0,0.000000,0.000000,0.000000,0.000000,0
1073,17.665405,17.665405,1,717.418579,782.685669,77.380066,84.419716,107,1,840.094299,503.725555,90.611755,54.331345,50,0,0.000000,0.000000,0.000000,0.000000,0,0,0.000000,0.000000,0.000000,0.000000,0
1076,17.698730,17.698730,1,691.563293,768.893250,74.591339,82.932076,111,1,838.252991,504.560547,90.413147,54.421406,44,0,0.000000,0.000000,0.000000,0.000000,0,0,0.000000,0.000000,0.000000,0.000000,0
1080,18.872437,18.872437,1,664.737732,751.163818,71.697960,81.019798,105,1,836.643188,501.796173,90.239517,54.123245,41,0,0.000000,0.000000,0.000000,0.000000,0,0,0.000000,0.000000,0.000000,0.000000,0
1082,18.905762,18.905762,1,640.343445,732.460510,69.066818,79.002480,110,1,840.156555,496.818939,90.618469,53.586407,60,0,0.000000,0.000000,0.000000,0.000000,0,0,0.000000,0.000000,0.000000,0.000000,0
1085,18.939087,18.939087,1,617.350891,710.080933,66.586868,76.588631,111,1,839.514465,500.711395,90.549217,54.006241,49,0,0.000000,0.000000,0.000000,0.000000,0,0,0.000000,0.000000,0.000000,0.000000,0
1089,18.972412,18.972412,1,596.504395,686.224548,64.338379,74.015511,108,1,839.161743,506.517609,90.511169,54.632496,28,0,0.000000,0.000000,0.000000,0.000000,0,0,0.000000,0.000000,0.000000,0.000000,0
1092,19.005737,19.005737,1,576.821655,658.922913,62.215424,71.070786,103,1,834.362610,504.835266,89.993538,54.451038,35,0,0.000000,0.000000,0.000000,0.000000,0,0,0.000000,0.000000,0.000000,0.000000,0
1094,19.039062,19.039062,1,560.283020,632.044678,60.431580,68.171722,104,1,831.592529,499.140442,89.694763,53.836800,47,0,0.000000,0.000000,0.000000,0.000000,0,0,0.000000,0.000000,0.000000,0.000000,0
1098,19.072388,19.072388,1,545.281006,602.586060,58.813477,64.994347,103,1,837.601807,499.233093,90.342918,53.846794,38,0,0.000000,0.000000,0.000000,0.000000,0,0,0.000000,0.000000,0.000000,0.000000,0
1100,19.105713,19.105713,1,533.011902,571.473572,57.490139,61.638580,99,1,835.590332,505.522552,90.125961,54.525169,38,0,0.000000,0.000000,0.000000,0.000000,0,0,0.000000,0.000000,0.000000,0.000000,0
1103,19.139038,19.139038,1,524.832520,540.024170,56.607922,58.246479,112,1,833.238831,504.242523,89.872322,54.387104,50,0,0.000000,0.000000,0.000000,0.000000,0,0,0.000000,0.000000,0.000000,0.000000,0
1105,19.172485,19.172485,1,521.091553,507.629669,56.204430,54.752438,94,1,834.828308,501.362854,90.043762,54.076508,20,0,0.000000,0.000000,0.000000,0.000000,0,0,0.000000,0.000000,0.000000,0.000000,0
1109,19.205811,19.205811,1,521.361572,473.369781,56.233547,51.057205,96,1,834.009583,501.786987,89.955460,54.122253,52,0,0.000000,0.000000,0.000000,0.000000,0,0,0.000000,0.000000,0.000000,0.000000,0
1112,19.239136,19.239136,1,525.569641,442.128662,56.687428,47.687569,98,1,831.226013,502.141174,89.655228,54.160458,50,0,0.000000,0.000000,0.000000,0.000000,0,0,0.000000,0.000000,0.000000,0.000000,0
1117,19.272461,19.272461,1,534.077759,410.619751,57.605106,44.289047,91,1,827.549866,499.494141,89.258720,53.874950,51,0,0.000000,0.000000,0.000000,0.000000,0,0,0.000000,0.000000,0.000000,0.000000,0
1119,19.305786,19.305786,1,545.623047,379.564301,58.850372,40.939434,91,1,831.535339,495.550629,89.688591,53.449608,50,0,0.000000,0.000000,0.000000,0.000000,0,0,0.000000,0.000000,0.000000,0.000000,0
1121,19.339111,19.339111,1,560.294067,350.307007,60.432770,37.783772,88,1,831.458496,498.856384,89.680298,53.806160,47,0,0.000000,0.000000,0.000000,0.000000,0,0,0.000000,0.000000,0.000000,0.000000,0
1124,19.372437,19.372437,1,578.870239,321.827942,62.436375,34.712048,91,1,834.631531,504.707825,90.022537,54.437294,38,0,0.000000,0.000000,0.000000,0.000000,0,0,0.000000,0.000000,0.000000,0.000000,0
1128,19.405762,19.405762,1,599.194275,296.357971,64.628510,31.964880,93,1,828.880920,505.884186,89.402283,54.564175,44,0,0.000000,0.000000,0.000000,0.000000,0,0,0.000000,0.000000,0.000000,0.000000,0
1130,19.439087,19.439087,1,622.726257,272.582367,67.166649,29.400467,92,1,827.093628,507.566772,89.209511,54.745655,54,0,0.000000,0.000000,0.000000,0.000000,0,0,0.000000,0.000000,0.000000,0.000000,0
1132,19.472412,19.472412,1,649.615967,251.007065,70.066948,27.073378,95,1,827.672485,508.288818,89.271942,54.823536,41,0,0.000000,0.000000,0.000000,0.000000,0,0,0.000000,0.000000,0.000000,0.000000,0
1136,19.505859,19.505859,1,678.316772,232.768158,73.162582,25.106146,85,1,826.847412,509.114075,89.182953,54.912548,44,0,0.000000,0.000000,0.000000,0.000000,0,0,0.000000,0.000000,0.000000,0.000000,0
1140,19.539185,19.539185,1,707.380798,217.615311,76.297401,23.471775,86,1,825.457336,509.140808,89.033020,54.915432,57,0,0.000000,0.000000,0.000000,0.000000,0,0,0.000000,0.000000,0.000000,0.000000,0
1142,19.572510,19.572510,1,739.376282,206.110001,79.748405,22.230824,91,1,826.499084,511.441071,89.145378,55.163536,57,0,0.000000,0.000000,0.000000,0.000000,0,0,0.000000,0.000000,0.000000,0.000000,0
1145,19.605835,19.605835,1,771.056885,198.615707,83.165443,21.422495,95,1,828.127991,509.435822,89.321075,54.947250,62,0,0.000000,0.000000,0.000000,0.000000,0,0,0.000000,0.000000,0.000000,0.000000,0
1149,19.639160,19.639160,1,801.874756,194.054886,86.489426,20.930571,102,1,827.393555,509.870026,89.241859,54.994083,64,0,0.000000,0.000000,0.000000,0.000000,0,0,0.000000,0.000000,0.000000,0.000000,0
1151,19.672485,19.672485,1,833.145569,193.022079,89.862267,20.819172,101,1,825.958374,510.699097,89.087059,55.083508,60,0,0.000000,0.000000,0.000000,0.000000,0,0,0.000000,0.000000,0.000000,0.000000,0
1154,19.705811,19.705811,1,863.878906,195.172455,93.177132,21.051109,94,1,824.211731,510.360352,88.898666,55.046970,58,0,0.000000,0.000000,0.000000,0.000000,0,0,0.000000,0.000000,0.000000,0.000000,0
1158,19.739136,19.739136,1,894.525208,200.260300,96.482613,21.599880,87,1,823.448364,508.127380,88.816330,54.806122,65,0,0.000000,0.000000,0.000000,0.000000,0,0,0.000000,0.000000,0.000000,0.000000,0
1160,19.772461,19.772461,1,925.537964,209.828598,99.827621,22.631908,79,1,825.342712,508.248230,89.020660,54.819157,42,0,0.000000,0.000000,0.000000,0.000000,0,0,0.000000,0.000000,0.000000,0.000000,0
1163,19.805908,19.805908,1,954.523560,222.659485,102.953979,24.015835,76,1,826.160278,509.902008,89.108841,54.997532,40,0,0.000000,0.000000,0.000000,0.000000,0,0,0.000000,0.000000,0.000000,0.000000,0
1167,19.839233,19.839233,1,981.196960,236.881180,105.830948,25.549772,83,1,825.468689,507.417023,89.034248,54.729504,60,0,0.000000,0.000000,0.000000,0.000000,0,0,0.000000,0.000000,0.000000,0.000000,0
1169,19.872559,19.872559,1,1006.109314,252.609558,108.517967,27.246220,88,1,823.206909,507.077606,88.790291,54.692898,68,0,0.000000,0.000000,0.000000,0.000000,0,0,0.000000,0.000000,0.000000,0.000000,0
1173,19.905884,19.905884,1,1029.673706,271.552582,111.059593,29.289396,89,1,822.732910,504.871399,88.739174,54.454933,65,0,0.000000,0.000000,0.000000,0.000000,0,0,0.000000,0.000000,0.000000,0.000000,0
1175,19.939209,19.939209,1,1051.325073,291.878326,113.394890,31.481710,92,1,820.878662,505.072296,88.539169,54.476604,55,0,0.000000,0.000000,0.000000,0.000000,0,0,0.000000,0.000000,0.000000,0.000000,0
1178,19.972534,19.972534,1,1070.164185,314.746429,115.426865,33.948242,98,1,823.968445,502.747711,88.872429,54.225880,59,0,0.000000,0.000000,0.000000,0.000000,0,0,0.000000,0.000000,0.000000,0.000000,0
1181,20.005859,20.005859,1,1087.170288,339.115112,117.261131,36.576626,102,1,825.327209,502.660706,89.018990,54.216492,54,0,0.000000,0.000000,0.000000,0.000000,0,0,0.000000,0.000000,0.000000,0.000000,0
1184,20.039185,20.039185,1,1101.317871,364.223602,118.787079,39.284801,100,1,826.604553,502.694305,89.156761,54.220119,55,0,0.000000,0.000000,0.000000,0.000000,0,0,0.000000,0.000000,0.000000,0.000000,0
1187,20.072510,20.072510,1,1112.370483,391.330566,119.979195,42.208530,96,1,825.845398,504.589050,89.074883,54.424480,56,0,0.000000,0.000000,0.000000,0.000000,0,0,0.000000,0.000000,0.000000,0.000000,0
1191,20.105957,20.105957,1,1120.811890,418.096893,120.889679,45.095524,86,1,823.933472,507.101288,88.868660,54.695450,57,0,0.000000,0.000000,0.000000,0.000000,0,0,0.000000,0.000000,0.000000,0.000000,0
1193,20.139282,20.139282,1,1126.852905,444.944519,121.541252,47.991280,83,1,822.747131,507.655762,88.740707,54.755253,46,0,0.000000,0.000000,0.000000,0.000000,0,0,0.000000,0.000000,0.000000,0.000000,0
1196,20.172607,20.172607,1,1130.736084,472.751495,121.960091,50.990517,73,1,822.166992,508.490753,88.678131,54.845318,58,0,0.000000,0.000000,0.000000,0.000000,0,0,0.000000,0.000000,0.000000,0.000000,0
1199,20.205933,20.205933,1,1133.431274,499.647919,122.250786,53.891537,75,1,820.226807,510.668488,88.468857,55.080204,62,0,0.000000,0.000000,0.000000,0.000000,0,0,0.000000,0.000000,0.000000,0.000000,0
1202,20.239258,20.239258,1,1131.387817,528.888855,122.030388,57.045437,68,1,822.308167,507.642700,88.693359,54.753849,60,0,0.000000,0.000000,0.000000,0.000000,0,0,0.000000,0.000000,0.000000,0.000000,0
1206,20.272583,20.272583,1,1127.605713,557.926147,121.622452,60.177368,58,1,823.271851,502.710907,88.797295,54.221909,52,0,0.000000,0.000000,0.000000,0.000000,0,0,0.000000,0.000000,0.000000,0.000000,0
1208,20.305908,20.305908,1,1120.946289,585.536560,120.904175,63.155399,73,1,825.417664,499.895477,89.028740,53.918236,47,0,0.000000,0.000000,0.000000,0.000000,0,0,0.000000,0.000000,0.000000,0.000000,0
1211,20.339233,20.339233,1,1113.177002,613.330383,120.066177,66.153214,73,1,827.362305,498.745300,89.238495,53.794182,40,0,0.000000,0.000000,0.000000,0.000000,0,0,0.000000,0.000000,0.000000,0.000000,0
1215,20.372559,20.372559,1,1101.105957,640.723877,118.764214,69.107857,78,1,830.031067,500.159698,89.526337,53.946739,48,0,0.000000,0.000000,0.000000,0.000000,0,0,0.000000,0.000000,0.000000,0.000000,0
1217,20.405884,20.405884,1,1086.527344,666.142273,117.191780,71.849457,86,1,829.749939,500.555084,89.496017,53.989384,33,0,0.000000,0.000000,0.000000,0.000000,0,0,0.000000,0.000000,0.000000,0.000000,0
1221,20.439331,20.439331,1,1096.569092,694.255188,118.274879,74.881683,30,1,826.384888,502.417358,89.133072,54.190247,34,0,0.000000,0.000000,0.000000,0.000000,0,0,0.000000,0.000000,0.000000,0.000000,0
1223,20.472656,20.472656,1,1080.300659,716.136414,116.520180,77.241776,34,1,821.057373,498.695129,88.558449,53.788769,37,0,0.000000,0.000000,0.000000,0.000000,0,0,0.000000,0.000000,0.000000,0.000000,0
1226,20.505981,20.505981,1,1060.778809,738.646362,114.414574,79.669670,35,1,819.612000,496.308624,88.402550,53.531364,36,0,0.000000,0.000000,0.000000,0.000000,0,0,0.000000,0.000000,0.000000,0.000000,0
1230,20.539307,20.539307,1,1039.188843,759.714600,112.085892,81.942078,42,1,822.704102,494.652985,88.736061,53.352787,38,0,0.000000,0.000000,0.000000,0.000000,0,0,0.000000,0.000000,0.000000,0.000000,0
1232,20.572632,20.572632,1,1016.173584,777.738953,109.603493,83.886169,45,1,822.428345,492.870392,88.706322,53.160519,44,0,0.000000,0.000000,0.000000,0.000000,0,0,0.000000,0.000000,0.000000,0.000000,0
1235,20.605957,20.605957,1,992.568726,792.906921,107.057495,85.522163,43,1,826.486450,495.168488,89.144020,53.408390,38,0,0.000000,0.000000,0.000000,0.000000,0,0,0.000000,0.000000,0.000000,0.000000,0
1239,20.639282,20.639282,1,966.877441,806.454224,104.286453,86.983360,37,1,825.822449,495.129791,89.072403,53.404213,27,0,0.000000,0.000000,0.000000,0.000000,0,0,0.000000,0.000000,0.000000,0.000000,0
1241,20.672607,20.672607,1,941.914307,816.653381,101.593956,88.083435,23,1,826.157410,491.877167,89.108528,53.053391,21,0,0.000000,0.000000,0.000000,0.000000,0,0,0.000000,0.000000,0.000000,0.000000,0
1244,20.705933,20.705933,1,914.746094,824.595703,98.663620,88.940086,18,1,826.923279,489.593353,89.191139,52.807060,34,0,0.000000,0.000000,0.000000,0.000000,0,0,0.000000,0.000000,0.000000,0.000000,0
1248,20.739380,20.739380,1,822.670837,810.335144,88.732475,87.401955,101,1,826.438782,487.464539,89.138885,52.577450,37,0,0.000000,0.000000,0.000000,0.000000,0,0,0.000000,0.000000,0.000000,0.000000,0
1250,20.772705,20.772705,1,790.078735,807.854614,85.217125,87.134415,104,1,828.989746,485.104706,89.414024,52.322918,30,0,0.000000,0.000000,0.000000,0.000000,0,0,0.000000,0.000000,0.000000,0.000000,0
1253,20.806030,20.806030,1,758.538757,802.414551,81.815247,86.547653,101,1,831.000610,485.924255,89.630913,52.411316,40,0,0.000000,0.000000,0.000000,0.000000,0,0,0.000000,0.000000,0.000000,0.000000,0
1255,20.839355,20.839355,1,728.146423,793.954773,78.537163,85.635185,106,1,834.408386,484.779694,89.998474,52.287865,24,0,0.000000,0.000000,0.000000,0.000000,0,0,0.000000,0.000000,0.000000,0.000000,0
1259,20.872681,20.872681,1,698.937866,781.538879,75.386757,84.296021,104,1,838.737061,485.903748,90.465363,52.409103,15,0,0.000000,0.000000,0.000000,0.000000,0,0,0.000000,0.000000,0.000000,0.000000,0
1261,20.906006,20.906006,1,670.160889,767.054626,72.282898,82.733765,104,1,840.909546,487.179169,90.699684,52.546669,36,0,0.000000,0.000000,0.000000,0.000000,0,0,0.000000,0.000000,0.000000,0.000000,0
1265,20.939331,20.939331,1,642.199341,749.132568,69.266991,80.800713,104,1,844.387329,483.035675,91.074791,52.099754,24,0,0.000000,0.000000,0.000000,0.000000,0,0,0.000000,0.000000,0.000000,0.000000,0
1268,20.972656,20.972656,1,616.527710,730.110168,66.498077,78.748970,111,1,844.054749,484.720764,91.038918,52.281509,15,0,0.000000,0.000000,0.000000,0.000000,0,0,0.000000,0.000000,0.000000,0.000000,0
1271,21.005981,21.005981,1,592.922363,708.659058,63.952030,76.435272,108,1,843.283447,485.979004,90.955734,52.417221,47,0,0.000000,0.000000,0.000000,0.000000,0,0,0.000000,0.000000,0.000000,0.000000,0
1274,21.039429,21.039429,1,571.302246,686.577759,61.620102,74.053604,107,1,842.567261,482.817688,90.878487,52.076244,43,0,0.000000,0.000000,0.000000,0.000000,0,0,0.000000,0.000000,0.000000,0.000000,0
1277,21.072754,21.072754,1,552.644287,662.691223,59.607674,71.477226,112,1,841.249451,482.726379,90.736343,52.066395,65,0,0.000000,0.000000,0.000000,0.000000,0,0,0.000000,0.000000,0.000000,0.000000,0
1280,21.106079,21.106079,1,536.541260,638.193726,57.870819,68.834953,107,1,841.297729,482.518463,90.741547,52.043968,60,0,0.000000,0.000000,0.000000,0.000000,0,0,0.000000,0.000000,0.000000,0.000000,0
1282,21.139404,21.139404,1,521.745850,611.809875,56.274998,65.989220,110,1,845.741943,486.199677,91.220901,52.441021,49,0,0.000000,0.000000,0.000000,0.000000,0,0,0.000000,0.000000,0.000000,0.000000,0
1286,22.312378,22.312378,1,509.490631,585.212646,54.953163,63.120464,117,1,847.876831,488.238342,91.451164,52.660912,54,0,0.000000,0.000000,0.000000,0.000000,0,0,0.000000,0.000000,0.000000,0.000000,0
1289,22.345703,22.345703,1,499.656616,558.713440,53.892475,60.262287,119,1,847.541565,487.682495,91.415009,52.600960,58,0,0.000000,0.000000,0.000000,0.000000,0,0,0.000000,0.000000,0.000000,0.000000,0
1293,22.379028,22.379028,1,493.082550,533.375305,53.183403,57.529339,121,1,847.609375,490.601807,91.422318,52.915833,57,0,0.000000,0.000000,0.000000,0.000000,0,0,0.000000,0.000000,0.000000,0.000000,0
1295,22.412354,22.412354,1,488.169861,506.174316,52.653522,54.595467,109,1,846.581970,489.748199,91.311501,52.823761,54,0,0.000000,0.000000,0.000000,0.000000,0,0,0.000000,0.000000,0.000000,0.000000,0
1298,22.445801,22.445801,1,486.578583,480.968414,52.481888,51.876785,115,1,846.681274,487.440674,91.322220,52.574875,63,0,0.000000,0.000000,0.000000,0.000000,0,0,0.000000,0.000000,0.000000,0.000000,0
1301,22.479126,22.479126,1,486.530518,454.708038,52.476704,49.044365,107,1,848.310181,487.185852,91.497910,52.547390,60,0,0.000000,0.000000,0.000000,0.000000,0,0,0.000000,0.000000,0.000000,0.000000,0
1304,22.512451,22.512451,1,489.227386,429.175415,52.767590,46.290443,114,1,848.457703,483.718079,91.513817,52.173359,60,0,0.000000,0.000000,0.000000,0.000000,0,0,0.000000,0.000000,0.000000,0.000000,0
1306,22.545776,22.545776,1,493.816315,403.963715,53.262547,43.571133,94,1,849.429016,482.488312,91.618584,52.040718,67,0,0.000000,0.000000,0.000000,0.000000,0,0,0.000000,0.000000,0.000000,0.000000,0
1310,22.579102,22.579102,1,499.042816,378.989197,53.826271,40.877407,97,1,849.299744,482.846252,91.604637,52.079327,51,0,0.000000,0.000000,0.000000,0.000000,0,0,0.000000,0.000000,0.000000,0.000000,0
1313,22.612427,22.612427,1,507.023468,354.664307,54.687054,38.253746,96,1,850.053833,484.615234,91.685974,52.270126,39,0,0.000000,0.000000,0.000000,0.000000,0,0,0.000000,0.000000,0.000000,0.000000,0
1317,22.645752,22.645752,1,516.265869,331.699829,55.683933,35.776817,98,1,848.159485,483.300812,91.481659,52.128353,61,0,0.000000,0.000000,0.000000,0.000000,0,0,0.000000,0.000000,0.000000,0.000000,0
1319,22.679077,22.679077,1,527.725220,309.117096,56.919926,33.341068,98,1,848.100708,485.576050,91.475311,52.373760,57,0,0.000000,0.000000,0.000000,0.000000,0,0,0.000000,0.000000,0.000000,0.000000,0
1322,22.712402,22.712402,1,541.287537,287.588898,58.382744,31.019056,100,1,847.897522,486.584167,91.453400,52.482491,58,0,0.000000,0.000000,0.000000,0.000000,0,0,0.000000,0.000000,0.000000,0.000000,0
1324,22.745850,22.745850,1,556.464233,267.456573,60.019688,28.847605,108,1,848.920105,488.005585,91.563698,52.635807,58,0,0.000000,0.000000,0.000000,0.000000,0,0,0.000000,0.000000,0.000000,0.000000,0
1328,22.779175,22.779175,1,572.809204,247.999390,61.782642,26.748972,101,1,849.226135,488.702118,91.596703,52.710934,54,0,0.000000,0.000000,0.000000,0.000000,0,0,0.000000,0.000000,0.000000,0.000000,0
1331,22.812500,22.812500,1,590.552124,229.294678,63.696377,24.731501,98,1,852.298035,489.331757,91.928032,52.778843,48,0,0.000000,0.000000,0.000000,0.000000,0,0,0.000000,0.000000,0.000000,0.000000,0
1333,22.845825,22.845825,1,608.963989,212.713654,65.682259,22.943087,98,1,854.029175,491.805145,92.114754,53.045620,67,0,0.000000,0.000000,0.000000,0.000000,0,0,0.000000,0.000000,0.000000,0.000000,0
1337,22.879150,22.879150,1,630.469238,196.908005,68.001793,21.238306,104,1,853.985229,493.188141,92.110008,53.194790,55,0,0.000000,0.000000,0.000000,0.000000,0,0,0.000000,0.000000,0.000000,0.000000,0
1339,22.912476,22.912476,1,652.497986,184.475769,70.377792,19.897377,98,1,857.430359,493.632935,92.481598,53.242767,42,0,0.000000,0.000000,0.000000,0.000000,0,0,0.000000,0.000000,0.000000,0.000000,0
1344,22.945801,22.945801,1,676.022766,172.184616,72.915154,18.571665,88,1,858.500305,494.433502,92.597008,53.329117,46,0,0.000000,0.000000,0.000000,0.000000,0,0,0.000000,0.000000,0.000000,0.000000,0
1346,22.979126,22.979126,1,700.191223,161.749832,75.521942,17.446178,95,1,858.878967,495.813507,92.637848,53.477959,52,0,0.000000,0.000000,0.000000,0.000000,0,0,0.000000,0.000000,0.000000,0.000000,0
1349,23.012451,23.012451,1,724.962097,152.548233,78.193703,16.453703,93,1,860.026978,496.596710,92.761673,53.562439,48,0,0.000000,0.000000,0.000000,0.000000,0,0,0.000000,0.000000,0.000000,0.000000,0
1351,23.045776,23.045776,1,750.493958,145.863022,80.947548,15.732643,93,1,860.789429,497.343201,92.843910,53.642952,51,0,0.000000,0.000000,0.000000,0.000000,0,0,0.000000,0.000000,0.000000,0.000000,0
1355,23.079224,23.079224,1,777.381165,141.324112,83.847572,15.243080,100,1,859.648315,498.851807,92.720833,53.805668,55,0,0.000000,0.000000,0.000000,0.000000,0,0,0.000000,0.000000,0.000000,0.000000,0
1358,23.112549,23.112549,1,804.506836,138.480911,86.773323,14.936417,90,1,860.984558,502.307739,92.864960,54.178421,42,0,0.000000,0.000000,0.000000,0.000000,0,0,0.000000,0.000000,0.000000,0.000000,0
1360,23.145874,23.145874,1,831.874329,137.414917,89.725151,14.821439,95,1,859.924194,504.271210,92.750580,54.390202,57,0,0.000000,0.000000,0.000000,0.000000,0,0,0.000000,0.000000,0.000000,0.000000,0
1364,23.179199,23.179199,1,858.708862,138.572388,92.619499,14.946282,97,1,859.863281,508.535553,92.744011,54.850147,60,0,0.000000,0.000000,0.000000,0.000000,0,0,0.000000,0.000000,0.000000,0.000000,0
1367,23.212524,23.212524,1,887.112305,141.955368,95.683067,15.311168,93,1,858.978088,510.957520,92.648537,55.111378,47,0,0.000000,0.000000,0.000000,0.000000,0,0,0.000000,0.000000,0.000000,0.000000,0
1371,23.245850,23.245850,1,914.534912,147.212128,98.640839,15.878157,95,1,857.362976,514.289978,92.474335,55.470814,56,0,0.000000,0.000000,0.000000,0.000000,0,0,0.000000,0.000000,0.000000,0.000000,0
1373,23.279175,23.279175,1,942.533569,154.770920,101.660751,16.693441,100,1,856.578430,516.897278,92.389709,55.752033,63,0,0.000000,0.000000,0.000000,0.000000,0,0,0.000000,0.000000,0.000000,0.000000,0
1376,23.312500,23.312500,1,968.121887,163.693573,104.420677,17.655828,94,1,857.452820,518.396973,92.484024,55.913795,52,0,0.000000,0.000000,0.000000,0.000000,0,0,0.000000,0.000000,0.000000,0.000000,0
1378,23.345825,23.345825,1,992.528137,175.295380,107.053116,18.907188,89,1,855.880981,518.549194,92.314484,55.930206,56,0,0.000000,0.000000,0.000000,0.000000,0,0,0.000000,0.000000,0.000000,0.000000,0
1382,23.379272,23.379272,1,1015.815979,187.969711,109.564919,20.274229,89,1,854.513916,519.101440,92.167038,55.989777,58,0,0.000000,0.000000,0.000000,0.000000,0,0,0.000000,0.000000,0.000000,0.000000,0
1384,23.412598,23.412598,1,1039.582520,203.316040,112.128357,21.929470,94,1,852.788513,521.056335,91.980934,56.200630,47,0,0.000000,0.000000,0.000000,0.000000,0,0,0.000000,0.000000,0.000000,0.000000,0
1387,23.445923,23.445923,1,1060.227417,220.478134,114.355095,23.780556,100,1,852.019897,522.191589,91.898033,56.323078,38,0,0.000000,0.000000,0.000000,0.000000,0,0,0.000000,0.000000,0.000000,0.000000,0
1391,23.479248,23.479248,1,1079.758057,239.085968,116.461647,25.787579,101,1,849.681458,522.715088,91.645813,56.379543,51,0,0.000000,0.000000,0.000000,0.000000,0,0,0.000000,0.000000,0.000000,0.000000,0
1394,23.512573,23.512573,1,1097.469482,258.442535,118.371994,27.875359,101,1,846.548401,523.641418,91.307884,56.479450,59,0,0.000000,0.000000,0.000000,0.000000,0,0,0.000000,0.000000,0.000000,0.000000,0
1396,23.545898,23.545898,1,1113.012329,279.361298,120.048416,30.131636,96,1,845.571777,524.523376,91.202545,56.574581,49,0,0.000000,0.000000,0.000000,0.000000,0,0,0.000000,0.000000,0.000000,0.000000,0
1400,23.579224,23.579224,1,1125.191040,301.426056,121.362000,32.511520,103,1,843.359009,524.732239,90.963875,56.597107,70,0,0.000000,0.000000,0.000000,0.000000,0,0,0.000000,0.000000,0.000000,0.000000,0
1403,23.612549,23.612549,1,1136.261353,324.305145,122.556038,34.979237,99,1,841.552246,524.037903,90.769005,56.522217,50,0,0.000000,0.000000,0.000000,0.000000,0,0,0.000000,0.000000,0.000000,0.000000,0
1405,23.645874,23.645874,1,1145.039917,347.774170,123.502884,37.510582,100,1,841.264709,523.348206,90.737991,56.447830,45,0,0.000000,0.000000,0.000000,0.000000,0,0,0.000000,0.000000,0.000000,0.000000,0
1408,23.679321,23.679321,1,1151.118774,372.269135,124.158554,40.152584,94,1,839.767456,520.604431,90.576492,56.151886,60,0,0.000000,0.000000,0.000000,0.000000,0,0,0.000000,0.000000,0.000000,0.000000,0
1412,23.712646,23.712646,1,1154.646240,396.945892,124.539009,42.814198,98,1,839.575439,518.794250,90.555786,55.956642,61,0,0.000000,0.000000,0.000000,0.000000,0,0,0.000000,0.000000,0.000000,0.000000,0
1416,23.745972,23.745972,1,1157.356201,422.704010,124.831314,45.592442,88,1,838.048035,518.224792,90.391045,55.895222,56,0,0.000000,0.000000,0.000000,0.000000,0,0,0.000000,0.000000,0.000000,0.000000,0
1418,23.779297,23.779297,1,1158.206299,448.231567,124.922997,48.345821,98,1,837.013123,515.161072,90.279411,55.564766,70,0,0.000000,0.000000,0.000000,0.000000,0,0,0.000000,0.000000,0.000000,0.000000,0
1420,23.812622,23.812622,1,1156.970093,476.698303,124.789665,51.416214,89,1,838.079651,515.720398,90.394455,55.625095,69,0,0.000000,0.000000,0.000000,0.000000,0,0,0.000000,0.000000,0.000000,0.000000,0
1424,23.845947,23.845947,1,1152.025635,505.095123,124.256355,54.479069,90,1,835.304932,515.854004,90.095177,55.639511,61,0,0.000000,0.000000,0.000000,0.000000,0,0,0.000000,0.000000,0.000000,0.000000,0
1427,23.879272,23.879272,1,1144.813354,533.814941,123.478455,57.576756,91,1,830.863831,515.041199,89.616165,55.551842,65,0,0.000000,0.000000,0.000000,0.000000,0,0,0.000000,0.000000,0.000000,0.000000,0
1429,23.912598,23.912598,1,1134.711914,563.691101,122.388916,60.799171,88,1,829.267517,514.421997,89.443985,55.485058,72,0,0.000000,0.000000,0.000000,0.000000,0,0,0.000000,0.000000,0.000000,0.000000,0
1433,23.945923,23.945923,1,1122.336426,593.285522,121.054108,63.991199,93,1,827.595398,517.262268,89.263634,55.791405,67,0,0.000000,0.000000,0.000000,0.000000,0,0,0.000000,0.000000,0.000000,0.000000,0
1435,23.979248,23.979248,1,1108.080200,621.641785,119.516449,67.049675,95,1,825.786926,517.549927,89.068565,55.822426,58,0,0.000000,0.000000,0.000000,0.000000,0,0,0.000000,0.000000,0.000000,0.000000,0
1438,24.012695,24.012695,1,1091.080811,648.157959,117.682907,69.909683,102,1,827.334229,515.073792,89.235466,55.555355,65,0,0.000000,0.000000,0.000000,0.000000,0,0,0.000000,0.000000,0.000000,0.000000,0
1442,24.046021,24.046021,1,1071.604614,674.576965,115.582237,72.759216,112,1,826.890869,513.305054,89.187645,55.364586,66,0,0.000000,0.000000,0.000000,0.000000,0,0,0.000000,0.000000,0.000000,0.000000,0
1445,24.079346,24.079346,1,1051.783203,697.607117,113.444313,75.243225,98,1,825.684509,511.391327,89.057526,55.158169,68,0,0.000000,0.000000,0.000000,0.000000,0,0,0.000000,0.000000,0.000000,0.000000,0
1447,24.112671,24.112671,1,1028.229614,720.285583,110.903847,77.689301,104,1,824.697876,510.881927,88.951111,55.103226,70,0,0.000000,0.000000,0.000000,0.000000,0,0,0.000000,0.000000,0.000000,0.000000,0
1451,24.145996,24.145996,1,1001.470398,740.639709,108.017616,79.884674,107,1,823.371521,510.331848,88.808044,55.043896,70,0,0.000000,0.000000,0.000000,0.000000,0,0,0.000000,0.000000,0.000000,0.000000,0
1454,24.179321,24.179321,1,974.478638,755.943359,105.106316,81.535316,107,1,820.203247,510.118225,88.466316,55.020855,64,0,0.000000,0.000000,0.000000,0.000000,0,0,0.000000,0.000000,0.000000,0.000000,0
1456,24.212646,24.212646,1,943.720459,768.492798,101.788765,82.888885,107,1,818.666748,511.333435,88.300598,55.151924,61,0,0.000000,0.000000,0.000000,0.000000,0,0,0.000000,0.000000,0.000000,0.000000,0
1460,24.245972,24.245972,1,910.648804,777.290466,98.221687,83.837791,105,1,818.083069,512.291870,88.237640,55.255299,71,0,0.000000,0.000000,0.000000,0.000000,0,0,0.000000,0.000000,0.000000,0.000000,0
1462,24.279297,24.279297,1,876.773926,781.707214,94.567978,84.314178,110,1,817.368225,513.123108,88.160538,55.344955,73,0,0.000000,0.000000,0.000000,0.000000,0,0,0.000000,0.000000,0.000000,0.000000,0
1465,24.312744,24.312744,1,842.944275,782.145264,90.919144,84.361420,103,1,822.272339,510.261444,88.689491,55.036301,68,0,0.000000,0.000000,0.000000,0.000000,0,0,0.000000,0.000000,0.000000,0.000000,0
1469,24.346069,24.346069,1,806.770203,778.649841,87.017441,83.984413,109,1,821.299072,506.972290,88.584518,54.681534,69,0,0.000000,0.000000,0.000000,0.000000,0,0,0.000000,0.000000,0.000000,0.000000,0
1472,24.379395,24.379395,1,770.823608,770.095642,83.140282,83.061768,120,1,822.271973,504.974579,88.689445,54.466064,72,0,0.000000,0.000000,0.000000,0.000000,0,0,0.000000,0.000000,0.000000,0.000000,0
1475,24.412720,24.412720,1,734.408203,756.878113,79.212555,81.636131,117,1,823.589111,505.985992,88.831520,54.575157,62,0,0.000000,0.000000,0.000000,0.000000,0,0,0.000000,0.000000,0.000000,0.000000,0
1478,24.446045,24.446045,1,700.169678,738.426331,75.519615,79.645943,118,1,825.954956,505.047455,89.086693,54.473927,67,0,0.000000,0.000000,0.000000,0.000000,0,0,0.000000,0.000000,0.000000,0.000000,0
1480,24.479370,24.479370,1,668.757385,715.208069,72.131516,77.141647,129,1,829.746704,499.280182,89.495667,53.851871,66,0,0.000000,0.000000,0.000000,0.000000,0,0,0.000000,0.000000,0.000000,0.000000,0
1484,24.512695,24.512695,1,640.033691,686.199951,69.033409,74.012863,113,1,828.512207,498.016022,89.362518,53.715523,65,0,0.000000,0.000000,0.000000,0.000000,0,0,0.000000,0.000000,0.000000,0.000000,0
1486,24.546021,24.546021,1,615.133545,652.357483,66.347702,70.362640,115,1,829.788696,498.612549,89.500198,53.779861,61,0,0.000000,0.000000,0.000000,0.000000,0,0,0.000000,0.000000,0.000000,0.000000,0
1491,24.579346,24.579346,1,595.741028,617.550964,64.256042,66.608444,112,1,833.274170,499.974701,89.876137,53.926785,64,0,0.000000,0.000000,0.000000,0.000000,0,0,0.000000,0.000000,0.000000,0.000000,0
1493,25.768066,25.768066,1,582.635620,578.720215,62.842506,62.420197,116,1,833.980164,497.929779,89.952286,53.706219,67,0,0.000000,0.000000,0.000000,0.000000,0,0,0.000000,0.000000,0.000000,0.000000,0
1496,25.801392,25.801392,1,575.544006,539.488831,62.077610,58.188736,107,1,833.137695,498.860535,89.861420,53.806610,59,0,0.000000,0.000000,0.000000,0.000000,0,0,0.000000,0.000000,0.000000,0.000000,0
1499,25.834717,25.834717,1,573.914246,499.391907,61.901829,53.863922,116,1,834.363953,499.712311,89.993683,53.898479,63,0,0.000000,0.000000,0.000000,0.000000,0,0,0.000000,0.000000,0.000000,0.000000,0
1502,25.868042,25.868042,1,581.069824,460.691559,62.673622,49.689743,117,1,836.943420,499.483459,90.271904,53.873798,59,0,0.000000,0.000000,0.000000,0.000000,0,0,0.000000,0.000000,0.000000,0.000000,0
1504,25.901489,25.901489,1,594.911194,422.626343,64.166534,45.584064,120,1,838.212830,500.856293,90.408813,54.021870,55,0,0.000000,0.000000,0.000000,0.000000,0,0,0.000000,0.000000,0.000000,0.000000,0
1508,25.934814,25.934814,1,613.643250,385.998535,66.186966,41.633427,114,1,840.141663,501.590698,90.616859,54.101082,64,0,0.000000,0.000000,0.000000,0.000000,0,0,0.000000,0.000000,0.000000,0.000000,0
1510,25.968140,25.968140,1,639.496643,352.362274,68.975487,38.005451,117,1,839.501953,499.414978,90.547859,53.866413,61,0,0.000000,0.000000,0.000000,0.000000,0,0,0.000000,0.000000,0.000000,0.000000,0
1515,26.001465,26.001465,1,671.705750,322.873535,72.449532,34.824825,109,1,839.400085,500.512146,90.536873,53.984753,56,0,0.000000,0.000000,0.000000,0.000000,0,0,0.000000,0.000000,0.000000,0.000000,0
1517,26.034790,26.034790,1,706.814758,299.053040,76.236343,32.255569,95,1,838.603943,501.154846,90.451004,54.054073,64,0,0.000000,0.000000,0.000000,0.000000,0,0,0.000000,0.000000,0.000000,0.000000,0
1520,26.068115,26.068115,1,747.113831,282.440033,80.582970,30.463705,93,1,838.447876,498.691162,90.434166,53.788342,54,0,0.000000,0.000000,0.000000,0.000000,0,0,0.000000,0.000000,0.000000,0.000000,0
1522,26.101440,26.101440,1,791.203674,273.316620,85.338455,29.479662,98,1,838.425232,497.972992,90.431725,53.710880,54,0,0.000000,0.000000,0.000000,0.000000,0,0,0.000000,0.000000,0.000000,0.000000,0
1525,26.134766,26.134766,1,837.507263,271.308380,90.332710,29.263058,86,1,838.167603,497.646423,90.403938,53.675655,63,0,0.000000,0.000000,0.000000,0.000000,0,0,0.000000,0.000000,0.000000,0.000000,0
1529,26.168091,26.168091,1,883.071350,278.309143,95.247215,30.018152,94,1,840.397278,496.568726,90.644432,53.559418,61,0,0.000000,0.000000,0.000000,0.000000,0,0,0.000000,0.000000,0.000000,0.000000,0
1531,26.201538,26.201538,1,926.108337,294.294250,99.889137,31.742290,100,1,844.555908,494.207489,91.092979,53.304737,61,0,0.000000,0.000000,0.000000,0.000000,0,0,0.000000,0.000000,0.000000,0.000000,0
1534,26.234863,26.234863,1,963.998535,316.886139,103.975945,34.179028,96,1,844.904907,491.704193,91.130615,53.034737,62,0,0.000000,0.000000,0.000000,0.000000,0,0,0.000000,0.000000,0.000000,0.000000,0
1538,26.268188,26.268188,1,996.656799,347.339294,107.498428,37.463676,102,1,844.402466,491.602875,91.076424,53.023804,62,0,0.000000,0.000000,0.000000,0.000000,0,0,0.000000,0.000000,0.000000,0.000000,0
1540,26.301514,26.301514,1,1023.970154,386.466919,110.444420,41.683945,84,1,844.803528,490.984070,91.119682,52.957062,63,0,0.000000,0.000000,0.000000,0.000000,0,0,0.000000,0.000000,0.000000,0.000000,0
1544,26.334839,26.334839,1,1041.033691,427.317291,112.284882,46.090027,84,1,843.033630,490.525024,90.928787,52.907547,69,0,0.000000,0.000000,0.000000,0.000000,0,0,0.000000,0.000000,0.000000,0.000000,0
1546,26.368164,26.368164,1,1049.212646,469.813629,113.167061,50.673641,70,1,844.219666,489.980103,91.056709,52.848774,62,0,0.000000,0.000000,0.000000,0.000000,0,0,0.000000,0.000000,0.000000,0.000000,0
1550,26.401489,26.401489,1,1048.864258,517.527161,113.129471,55.819977,61,1,844.657471,490.002441,91.103928,52.851185,64,0,0.000000,0.000000,0.000000,0.000000,0,0,0.000000,0.000000,0.000000,0.000000,0
1553,26.434814,26.434814,1,1040.649414,559.143738,112.243431,60.308697,76,1,844.423401,490.762238,91.078682,52.933136,67,0,0.000000,0.000000,0.000000,0.000000,0,0,0.000000,0.000000,0.000000,0.000000,0
1555,26.468140,26.468140,1,1024.214355,597.823608,110.470764,64.480675,90,1,844.233948,491.177277,91.058250,52.977901,65,0,0.000000,0.000000,0.000000,0.000000,0,0,0.000000,0.000000,0.000000,0.000000,0
1559,26.501465,26.501465,1,1000.366943,632.592163,107.898605,68.230774,90,1,848.107056,492.095886,91.475998,53.076984,59,0,0.000000,0.000000,0.000000,0.000000,0,0,0.000000,0.000000,0.000000,0.000000,0
1561,26.534912,26.534912,1,968.274841,664.769287,104.437180,71.701363,94,1,845.137207,490.635590,91.155678,52.919476,67,0,0.000000,0.000000,0.000000,0.000000,0,0,0.000000,0.000000,0.000000,0.000000,0
1566,26.568237,26.568237,1,930.539612,689.202515,100.367096,74.336716,102,1,847.852783,491.549255,91.448578,53.018024,60,0,0.000000,0.000000,0.000000,0.000000,0,0,0.000000,0.000000,0.000000,0.000000,0
1568,26.601562,26.601562,1,889.027588,705.720764,95.889648,76.118355,107,1,852.494141,498.149628,91.949188,53.729931,52,0,0.000000,0.000000,0.000000,0.000000,0,0,0.000000,0.000000,0.000000,0.000000,0
1571,26.634888,26.634888,1,845.027771,713.269470,91.143867,76.932549,107,1,854.573914,499.450043,92.173508,53.870193,62,0,0.000000,0.000000,0.000000,0.000000,0,0,0.000000,0.000000,0.000000,0.000000,0
1573,26.668213,26.668213,1,801.179260,712.720703,86.414413,76.873360,105,1,859.864441,501.252991,92.744141,54.064659,65,0,0.000000,0.000000,0.000000,0.000000,0,0,0.000000,0.000000,0.000000,0.000000,0
1577,26.701538,26.701538,1,759.436523,702.700928,81.912086,75.792633,112,1,859.914490,506.316681,92.749535,54.610825,53,0,0.000000,0.000000,0.000000,0.000000,0,0,0.000000,0.000000,0.000000,0.000000,0
1579,26.734863,26.734863,1,718.712830,683.816589,77.519661,73.755791,117,1,855.297607,510.820679,92.251564,55.096622,56,0,0.000000,0.000000,0.000000,0.000000,0,0,0.000000,0.000000,0.000000,0.000000,0
1582,26.768188,26.768188,1,684.394897,660.266418,73.818169,71.215691,107,1,847.898132,510.418640,91.453461,55.053253,76,0,0.000000,0.000000,0.000000,0.000000,0,0,0.000000,0.000000,0.000000,0.000000,0
1585,26.801514,26.801514,1,653.574890,628.525330,70.493950,67.792130,117,1,849.514099,511.316315,91.627762,55.150078,67,0,0.000000,0.000000,0.000000,0.000000,0,0,0.000000,0.000000,0.000000,0.000000,0
1588,26.834961,26.834961,1,631.489319,594.768799,68.111816,64.151184,107,1,848.812256,510.631622,91.552063,55.076229,63,0,0.000000,0.000000,0.000000,0.000000,0,0,0.000000,0.000000,0.000000,0.000000,0
1592,26.868286,26.868286,1,615.223450,557.357117,66.357399,60.115993,117,1,845.973206,508.924316,91.245842,54.892078,71,0,0.000000,0.000000,0.000000,0.000000,0,0,0.000000,0.000000,0.000000,0.000000,0
1594,26.901611,26.901611,1,605.903076,519.466980,65.352119,56.029198,106,1,842.934631,506.794922,90.918106,54.662403,77,0,0.000000,0.000000,0.000000,0.000000,0,0,0.000000,0.000000,0.000000,0.000000,0
1598,26.934937,26.934937,1,602.690674,479.135590,65.005630,51.679096,115,1,842.721375,503.104675,90.895103,54.264378,71,0,0.000000,0.000000,0.000000,0.000000,0,0,0.000000,0.000000,0.000000,0.000000,0
1601,26.968262,26.968262,1,606.041260,441.408051,65.367020,47.609840,109,1,843.051636,504.095093,90.930725,54.371204,70,0,0.000000,0.000000,0.000000,0.000000,0,0,0.000000,0.000000,0.000000,0.000000,0
1603,27.001587,27.001587,1,615.660461,406.109406,66.404533,43.802567,101,1,844.814636,501.232269,91.120880,54.062424,71,0,0.000000,0.000000,0.000000,0.000000,0,0,0.000000,0.000000,0.000000,0.000000,0
1607,27.034912,27.034912,1,631.165955,373.290955,68.076942,40.262798,110,1,845.344788,503.387482,91.178062,54.294880,65,0,0.000000,0.000000,0.000000,0.000000,0,0,0.000000,0.000000,0.000000,0.000000,0
1609,27.068237,27.068237,1,652.000854,343.110382,70.324173,37.007549,103,1,849.983154,507.412964,91.678352,54.729069,56,0,0.000000,0.000000,0.000000,0.000000,0,0,0.000000,0.000000,0.000000,0.000000,0
1613,27.101562,27.101562,1,677.608887,318.202026,73.086235,34.320957,102,1,850.517334,515.764465,91.735970,55.629848,54,0,0.000000,0.000000,0.000000,0.000000,0,0,0.000000,0.000000,0.000000,0.000000,0
1616,27.135010,27.135010,1,708.087952,297.746582,76.373680,32.114655,100,1,848.765503,519.048828,91.547020,55.984097,61,0,0.000000,0.000000,0.000000,0.000000,0,0,0.000000,0.000000,0.000000,0.000000,0
1618,27.168335,27.168335,1,742.333923,281.639221,80.067413,30.377331,98,1,844.284485,525.203613,91.063698,56.647945,55,0,0.000000,0.000000,0.000000,0.000000,0,0,0.000000,0.000000,0.000000,0.000000,0
1622,27.201660,27.201660,1,776.935547,270.966370,83.799507,29.226170,100,1,837.071045,527.675781,90.285667,56.914593,69,0,0.000000,0.000000,0.000000,0.000000,0,0,0.000000,0.000000,0.000000,0.000000,0
1624,27.234985,27.234985,1,814.273987,266.439606,87.826797,28.737915,96,1,834.835022,527.339722,90.044487,56.878349,70,0,0.000000,0.000000,0.000000,0.000000,0,0,0.000000,0.000000,0.000000,0.000000,0
1627,27.268311,27.268311,1,851.411499,267.736877,91.832413,28.877836,97,1,831.385193,522.669556,89.672394,56.374630,64,0,0.000000,0.000000,0.000000,0.000000,0,0,0.000000,0.000000,0.000000,0.000000,0
1631,27.301636,27.301636,1,888.005981,273.891113,95.779457,29.541626,96,1,831.458130,516.657532,89.680267,55.726173,70,0,0.000000,0.000000,0.000000,0.000000,0,0,0.000000,0.000000,0.000000,0.000000,0
1633,27.334961,27.334961,1,923.989868,287.226318,99.660645,30.979948,100,1,828.632935,513.389954,89.375542,55.373737,69,0,0.000000,0.000000,0.000000,0.000000,0,0,0.000000,0.000000,0.000000,0.000000,0
1637,27.368286,27.368286,1,957.393188,305.093994,103.263489,32.907139,104,1,827.856079,515.367981,89.291748,55.587086,68,0,0.000000,0.000000,0.000000,0.000000,0,0,0.000000,0.000000,0.000000,0.000000,0
1640,27.401611,27.401611,1,988.575928,328.188354,106.626831,35.398075,102,1,825.941467,519.976501,89.085236,56.084156,71,0,0.000000,0.000000,0.000000,0.000000,0,0,0.000000,0.000000,0.000000,0.000000,0
1643,27.434937,27.434937,1,1013.744568,353.610718,109.341499,38.140106,96,1,825.264954,521.154907,89.012276,56.211258,71,0,0.000000,0.000000,0.000000,0.000000,0,0,0.000000,0.000000,0.000000,0.000000,0
1646,27.468384,27.468384,1,1036.631958,381.504059,111.810112,41.148655,94,1,825.660706,524.135315,89.054955,56.532722,69,0,0.000000,0.000000,0.000000,0.000000,0,0,0.000000,0.000000,0.000000,0.000000,0
1648,27.501709,27.501709,1,1055.030640,412.822205,113.794571,44.526600,95,1,823.920471,526.519287,88.867256,56.789856,68,0,0.000000,0.000000,0.000000,0.000000,0,0,0.000000,0.000000,0.000000,0.000000,0
1651,27.535034,27.535034,1,1068.546509,446.330963,115.252380,48.140820,89,1,818.377441,525.632568,88.269394,56.694218,71,0,0.000000,0.000000,0.000000,0.000000,0,0,0.000000,0.000000,0.000000,0.000000,0
1655,27.568359,27.568359,1,1077.207031,481.366974,116.186501,51.919769,87,1,819.725220,523.010681,88.414757,56.411423,73,0,0.000000,0.000000,0.000000,0.000000,0,0,0.000000,0.000000,0.000000,0.000000,0
1657,27.601685,27.601685,1,1081.371094,516.269043,116.635628,55.684273,79,1,819.094910,517.363098,88.346779,55.802277,69,0,0.000000,0.000000,0.000000,0.000000,0,0,0.000000,0.000000,0.000000,0.000000,0
1661,27.635010,27.635010,1,1081.254761,552.440308,116.623085,59.585674,71,1,817.213440,514.032776,88.143845,55.443077,71,0,0.000000,0.000000,0.000000,0.000000,0,0,0.000000,0.000000,0.000000,0.000000,0
1664,27.668335,27.668335,1,1077.382812,586.483032,116.205452,63.257488,77,1,816.848877,514.861511,88.104523,55.532463,75,0,0.000000,0.000000,0.000000,0.000000,0,0,0.000000,0.000000,0.000000,0.000000,0
1666,27.701660,27.701660,1,1068.346680,619.727722,115.230827,66.843224,89,1,820.304688,516.813293,88.477257,55.742977,63,0,0.000000,0.000000,0.000000,0.000000,0,0,0.000000,0.000000,0.000000,0.000000,0
1670,27.734985,27.734985,1,1056.197510,650.962219,113.920425,70.212151,88,1,822.386047,517.047913,88.701759,55.768284,69,0,0.000000,0.000000,0.000000,0.000000,0,0,0.000000,0.000000,0.000000,0.000000,0
1673,27.768433,27.768433,1,1039.963745,680.792480,112.169464,73.429611,95,1,820.819702,517.529175,88.532814,55.820190,66,0,0.000000,0.000000,0.000000,0.000000,0,0,0.000000,0.000000,0.000000,0.000000,0
1675,27.801758,27.801758,1,1019.417603,707.317017,109.953384,76.290520,106,1,819.121765,518.959778,88.349670,55.974495,61,0,0.000000,0.000000,0.000000,0.000000,0,0,0.000000,0.000000,0.000000,0.000000,0
1679,27.835083,27.835083,1,996.535095,731.046997,107.485298,78.850014,114,1,817.837952,518.090576,88.211205,55.880741,62,0,0.000000,0.000000,0.000000,0.000000,0,0,0.000000,0.000000,0.000000,0.000000,0
1681,27.868408,27.868408,1,969.201599,752.158813,104.537140,81.127113,108,1,818.958923,516.326843,88.332108,55.690510,69,0,0.000000,0.000000,0.000000,0.000000,0,0,0.000000,0.000000,0.000000,0.000000,0
1684,27.901733,27.901733,1,941.154053,768.995483,101.511955,82.943100,102,1,819.856323,510.469116,88.428902,55.058701,57,0,0.000000,0.000000,0.000000,0.000000,0,0,0.000000,0.000000,0.000000,0.000000,0
1687,27.935059,27.935059,1,912.066833,782.628662,98.374634,84.413559,101,1,819.870667,506.194366,88.430450,54.597630,64,0,0.000000,0.000000,0.000000,0.000000,0,0,0.000000,0.000000,0.000000,0.000000,0
1691,27.968384,27.968384,1,879.975647,791.851257,94.913315,85.408302,99,1,818.062378,505.440094,88.235405,54.516273,63,0,0.000000,0.000000,0.000000,0.000000,0,0,0.000000,0.000000,0.000000,0.000000,0
1693,28.001709,28.001709,1,847.687744,797.449097,91.430771,86.012077,98,1,818.287903,505.176636,88.259735,54.487858,63,0,0.000000,0.000000,0.000000,0.000000,0,0,0.000000,0.000000,0.000000,0.000000,0
1696,28.035034,28.035034,1,812.406067,799.819763,87.625320,86.267776,97,1,817.237366,504.137665,88.146423,54.375797,70,0,0.000000,0.000000,0.000000,0.000000,0,0,0.000000,0.000000,0.000000,0.000000,0
1700,29.208496,29.208496,1,778.931091,798.330200,84.014748,86.107117,111,1,816.679504,500.663300,88.086250,54.001057,62,0,0.000000,0.000000,0.000000,0.000000,0,0,0.000000,0.000000,0.000000,0.000000,0
1702,29.241821,29.241821,1,746.711853,793.195923,80.539612,85.553337,119,1,817.188660,501.304626,88.141174,54.070229,60,0,0.000000,0.000000,0.000000,0.000000,0,0,0.000000,0.000000,0.000000,0.000000,0
1705,29.275146,29.275146,1,714.686157,783.995361,77.085358,84.560974,113,1,816.476074,500.687134,88.064316,54.003624,68,0,0.000000,0.000000,0.000000,0.000000,0,0,0.000000,0.000000,0.000000,0.000000,0
1707,29.308472,29.308472,1,684.223206,770.274109,73.799644,83.081017,123,1,817.423767,500.300964,88.166527,53.961971,59,0,0.000000,0.000000,0.000000,0.000000,0,0,0.000000,0.000000,0.000000,0.000000,0
1711,29.341797,29.341797,1,654.427856,753.684326,70.585953,81.291656,114,1,819.927490,499.181519,88.436584,53.841228,61,0,0.000000,0.000000,0.000000,0.000000,0,0,0.000000,0.000000,0.000000,0.000000,0
1714,29.375122,29.375122,1,627.295654,732.758118,67.659492,79.034576,115,1,818.658325,498.893921,88.299690,53.810211,61,0,0.000000,0.000000,0.000000,0.000000,0,0,0.000000,0.000000,0.000000,0.000000,0
1718,29.408447,29.408447,1,602.547119,710.193115,64.990143,76.600739,116,1,818.118713,500.422241,88.241486,53.975052,48,0,0.000000,0.000000,0.000000,0.000000,0,0,0.000000,0.000000,0.000000,0.000000,0
1721,29.441772,29.441772,1,580.907349,684.219604,62.656101,73.799263,111,1,818.495544,501.513519,88.282127,54.092758,53,0,0.000000,0.000000,0.000000,0.000000,0,0,0.000000,0.000000,0.000000,0.000000,0
1724,29.475098,29.475098,1,561.772217,656.223450,60.592201,70.779617,108,1,817.789185,500.093842,88.205940,53.939632,66,0,0.000000,0.000000,0.000000,0.000000,0,0,0.000000,0.000000,0.000000,0.000000,0
1727,29.508545,29.508545,1,547.026428,627.286438,59.001736,67.658501,106,1,818.164429,499.049866,88.246422,53.827030,59,0,0.000000,0.000000,0.000000,0.000000,0,0,0.000000,0.000000,0.000000,0.000000,0
1729,29.541870,29.541870,1,535.255920,595.781189,57.732182,64.260376,106,1,816.898254,498.863708,88.109848,53.806953,55,0,0.000000,0.000000,0.000000,0.000000,0,0,0.000000,0.000000,0.000000,0.000000,0
1732,29.575195,29.575195,1,527.654419,563.794373,56.912289,60.810314,108,1,816.081909,498.708496,88.021797,53.790211,60,0,0.000000,0.000000,0.000000,0.000000,0,0,0.000000,0.000000,0.000000,0.000000,0
1734,29.608521,29.608521,1,523.742920,530.029663,56.490402,57.168484,109,1,817.685974,501.285767,88.194809,54.068195,48,0,0.000000,0.000000,0.000000,0.000000,0,0,0.000000,0.000000,0.000000,0.000000,0
1739,29.641846,29.641846,1,523.675598,495.061615,56.483135,53.396862,108,1,817.924622,500.585541,88.220551,53.992668,49,0,0.000000,0.000000,0.000000,0.000000,0,0,0.000000,0.000000,0.000000,0.000000,0
1741,29.675171,29.675171,1,527.940918,461.270416,56.943192,49.752178,105,1,816.063171,500.426483,88.019775,53.975513,61,0,0.000000,0.000000,0.000000,0.000000,0,0,0.000000,0.000000,0.000000,0.000000,0
1745,29.708496,29.708496,1,535.803589,428.227051,57.791248,46.188152,113,1,815.208252,502.167877,87.927567,54.163338,58,0,0.000000,0.000000,0.000000,0.000000,0,0,0.000000,0.000000,0.000000,0.000000,0
1747,29.741821,29.741821,1,547.047302,395.854309,59.003990,42.696461,106,1,815.995911,503.269470,88.012520,54.282154,61,0,0.000000,0.000000,0.000000,0.000000,0,0,0.000000,0.000000,0.000000,0.000000,0
1750,29.775146,29.775146,1,562.445618,365.124542,60.664833,39.381977,107,1,816.158203,502.787781,88.030029,54.230198,67,0,0.000000,0.000000,0.000000,0.000000,0,0,0.000000,0.000000,0.000000,0.000000,0
1752,29.808594,29.808594,1,584.740417,336.305237,63.069530,36.273552,103,1,815.030457,503.601593,87.908394,54.317974,65,0,0.000000,0.000000,0.000000,0.000000,0,0,0.000000,0.000000,0.000000,0.000000,0
1756,29.841919,29.841919,1,609.751648,311.004059,65.767220,33.544594,105,1,820.354492,501.669708,88.482635,54.109608,49,0,0.000000,0.000000,0.000000,0.000000,0,0,0.000000,0.000000,0.000000,0.000000,0
1759,29.875244,29.875244,1,636.800903,288.593994,68.684723,31.127466,99,1,822.843384,500.033173,88.751083,53.933090,66,0,0.000000,0.000000,0.000000,0.000000,0,0,0.000000,0.000000,0.000000,0.000000,0
1761,29.908569,29.908569,1,668.223755,269.898804,72.073959,29.111023,106,1,822.061707,496.701660,88.666771,53.573757,63,0,0.000000,0.000000,0.000000,0.000000,0,0,0.000000,0.000000,0.000000,0.000000,0
1766,29.941895,29.941895,1,700.749268,255.672897,75.582130,27.576630,104,1,824.184570,494.886353,88.895744,53.377960,58,0,0.000000,0.000000,0.000000,0.000000,0,0,0.000000,0.000000,0.000000,0.000000,0
1768,29.975220,29.975220,1,735.057312,245.774063,79.282562,26.508951,104,1,824.068604,497.558655,88.883240,53.666191,56,0,0.000000,0.000000,0.000000,0.000000,0,0,0.000000,0.000000,0.000000,0.000000,0
1772,30.008545,30.008545,1,773.024658,240.588745,83.377686,25.949667,101,1,823.927979,500.468719,88.868065,53.980064,63,0,0.000000,0.000000,0.000000,0.000000,0,0,0.000000,0.000000,0.000000,0.000000,0
1774,30.041870,30.041870,1,812.299194,241.385666,87.613800,26.035622,97,1,825.098694,503.771027,88.994339,54.336254,67,0,0.000000,0.000000,0.000000,0.000000,0,0,0.000000,0.000000,0.000000,0.000000,0
1777,30.075195,30.075195,1,849.956848,247.763748,91.675514,26.723557,97,1,826.386108,507.581482,89.133202,54.747242,67,0,0.000000,0.000000,0.000000,0.000000,0,0,0.000000,0.000000,0.000000,0.000000,0
1781,30.108643,30.108643,1,889.121399,260.175720,95.899765,28.062300,91,1,827.546936,511.703064,89.258400,55.191795,69,0,0.000000,0.000000,0.000000,0.000000,0,0,0.000000,0.000000,0.000000,0.000000,0
1783,30.141968,30.141968,1,925.276001,276.932434,99.799362,29.869661,97,1,823.847046,511.080933,88.859337,55.124687,68,0,0.000000,0.000000,0.000000,0.000000,0,0,0.000000,0.000000,0.000000,0.000000,0
1786,30.175293,30.175293,1,959.352844,301.196899,103.474861,32.486805,97,1,822.379272,507.487244,88.701027,54.737080,59,0,0.000000,0.000000,0.000000,0.000000,0,0,0.000000,0.000000,0.000000,0.000000,0
1790,30.208618,30.208618,1,989.573853,330.767792,106.734467,35.676289,99,1,819.515015,506.923859,88.392090,54.676311,58,0,0.000000,0.000000,0.000000,0.000000,0,0,0.000000,0.000000,0.000000,0.000000,0
1793,30.241943,30.241943,1,1013.025146,361.700592,109.263901,39.012672,90,1,814.202942,506.973419,87.819138,54.681660,66,0,0.000000,0.000000,0.000000,0.000000,0,0,0.000000,0.000000,0.000000,0.000000,0
1795,30.275269,30.275269,1,1032.906006,398.751282,111.408234,43.008923,81,1,812.644226,508.636078,87.651016,54.860989,61,0,0.000000,0.000000,0.000000,0.000000,0,0,0.000000,0.000000,0.000000,0.000000,0
1799,30.308594,30.308594,1,1047.227905,438.755829,112.952972,47.323776,80,1,810.282898,509.730255,87.396324,54.979008,63,0,0.000000,0.000000,0.000000,0.000000,0,0,0.000000,0.000000,0.000000,0.000000,0
1801,30.341919,30.341919,1,1055.524658,479.911682,113.847862,51.762806,68,1,814.167969,510.466400,87.815361,55.058407,67,0,0.000000,0.000000,0.000000,0.000000,0,0,0.000000,0.000000,0.000000,0.000000,0
1804,30.375244,30.375244,1,1056.739990,520.130615,113.978935,56.100784,61,1,812.584473,510.258209,87.644569,55.035954,72,0,0.000000,0.000000,0.000000,0.000000,0,0,0.000000,0.000000,0.000000,0.000000,0
1807,30.408691,30.408691,1,1051.648804,561.602417,113.429810,60.573891,70,1,810.365051,506.975403,87.405182,54.681870,70,0,0.000000,0.000000,0.000000,0.000000,0,0,0.000000,0.000000,0.000000,0.000000,0
1809,30.442017,30.442017,1,1042.288940,600.731628,112.420273,64.794327,81,1,809.643799,509.099487,87.327393,54.910973,71,0,0.000000,0.000000,0.000000,0.000000,0,0,0.000000,0.000000,0.000000,0.000000,0
1813,30.475342,30.475342,1,1026.464478,638.348511,110.713463,68.851646,86,1,807.219971,512.363098,87.065956,55.262985,66,0,0.000000,0.000000,0.000000,0.000000,0,0,0.000000,0.000000,0.000000,0.000000,0
1816,30.508667,30.508667,1,1007.142517,673.204956,108.629410,72.611229,98,1,808.626099,512.464355,87.217621,55.273907,64,0,0.000000,0.000000,0.000000,0.000000,0,0,0.000000,0.000000,0.000000,0.000000,0
1820,30.541992,30.541992,1,982.415344,705.575195,105.962357,76.102654,108,1,807.902344,516.754028,87.139557,55.736584,65,0,0.000000,0.000000,0.000000,0.000000,0,0,0.000000,0.000000,0.000000,0.000000,0
1822,30.575317,30.575317,1,955.729431,732.441650,103.084045,79.000435,108,1,809.064941,515.555481,87.264954,55.607315,66,0,0.000000,0.000000,0.000000,0.000000,0,0,0.000000,0.000000,0.000000,0.000000,0
1825,30.608643,30.608643,1,923.756592,755.211731,99.635483,81.456398,103,1,811.662842,513.313049,87.545158,55.365444,68,0,0.000000,0.000000,0.000000,0.000000,0,0,0.000000,0.000000,0.000000,0.000000,0
1827,30.641968,30.641968,1,889.693787,773.088318,95.961502,83.384552,96,1,811.026123,513.576294,87.476486,55.393841,75,0,0.000000,0.000000,0.000000,0.000000,0,0,0.000000,0.000000,0.000000,0.000000,0
1831,30.675293,30.675293,1,856.128174,785.582397,92.341148,84.732155,96,1,806.427429,510.390991,86.980476,55.050274,68,0,0.000000,0.000000,0.000000,0.000000,0,0,0.000000,0.000000,0.000000,0.000000,0
1834,30.708618,30.708618,1,819.767151,793.505554,88.419289,85.586731,105,1,807.089844,506.961212,87.051918,54.680340,72,0,0.000000,0.000000,0.000000,0.000000,0,0,0.000000,0.000000,0.000000,0.000000,0
1838,30.742065,30.742065,1,784.748901,796.724487,84.642250,85.933922,109,1,805.746948,508.256378,86.907074,54.820034,69,0,0.000000,0.000000,0.000000,0.000000,0,0,0.000000,0.000000,0.000000,0.000000,0
1840,30.775391,30.775391,1,748.929321,795.497681,80.778786,85.801605,108,1,803.896729,508.393524,86.707520,54.834827,73,0,0.000000,0.000000,0.000000,0.000000,0,0,0.000000,0.000000,0.000000,0.000000,0
1844,30.808716,30.808716,1,715.232117,788.876953,77.144241,85.087502,112,1,803.389038,506.076324,86.652756,54.584896,74,0,0.000000,0.000000,0.000000,0.000000,0,0,0.000000,0.000000,0.000000,0.000000,0
1846,30.842041,30.842041,1,682.769409,778.447754,73.642845,83.962616,115,1,803.993408,505.334930,86.717941,54.504932,69,0,0.000000,0.000000,0.000000,0.000000,0,0,0.000000,0.000000,0.000000,0.000000,0
1849,30.875366,30.875366,1,650.702087,762.452637,70.184090,82.237396,117,1,804.842285,502.371704,86.809509,54.185322,65,0,0.000000,0.000000,0.000000,0.000000,0,0,0.000000,0.000000,0.000000,0.000000,0
1853,30.908691,30.908691,1,621.168030,741.938721,66.998581,80.024788,125,1,805.829529,501.162048,86.915985,54.054852,69,0,0.000000,0.000000,0.000000,0.000000,0,0,0.000000,0.000000,0.000000,0.000000,0
1855,30.942017,30.942017,1,593.803101,717.782959,64.047020,77.419365,118,1,807.743286,500.004547,87.122398,53.930004,68,0,0.000000,0.000000,0.000000,0.000000,0,0,0.000000,0.000000,0.000000,0.000000,0
1858,30.975342,30.975342,1,567.954468,690.635803,61.259018,74.491302,111,1,810.568665,496.444763,87.427147,53.546047,63,0,0.000000,0.000000,0.000000,0.000000,0,0,0.000000,0.000000,0.000000,0.000000,0
1861,31.008667,31.008667,1,545.368408,661.592957,58.822903,71.358772,110,1,811.386108,492.699432,87.515312,53.142078,77,0,0.000000,0.000000,0.000000,0.000000,0,0,0.000000,0.000000,0.000000,0.000000,0
1865,31.042114,31.042114,1,525.923340,631.009583,56.725578,68.060081,107,1,811.207214,490.786072,87.496017,52.935707,72,0,0.000000,0.000000,0.000000,0.000000,0,0,0.000000,0.000000,0.000000,0.000000,0
1867,31.075439,31.075439,1,508.957672,596.610840,54.895679,64.349861,113,1,812.550415,487.626740,87.640900,52.594944,62,0,0.000000,0.000000,0.000000,0.000000,0,0,0.000000,0.000000,0.000000,0.000000,0
1870,31.108765,31.108765,1,495.143494,562.697693,53.405693,60.692028,114,1,813.715027,485.928925,87.766510,52.411819,66,0,0.000000,0.000000,0.000000,0.000000,0,0,0.000000,0.000000,0.000000,0.000000,0
1873,31.142090,31.142090,1,485.326721,527.435120,52.346867,56.888634,113,1,812.937622,485.369629,87.682655,52.351494,65,0,0.000000,0.000000,0.000000,0.000000,0,0,0.000000,0.000000,0.000000,0.000000,0
1876,31.175415,31.175415,1,479.881927,492.504669,51.759598,53.121075,110,1,813.787842,485.232758,87.774361,52.336731,61,0,0.000000,0.000000,0.000000,0.000000,0,0,0.000000,0.000000,0.000000,0.000000,0
1879,31.208740,31.208740,1,478.494507,458.440521,51.609951,49.446945,106,1,814.247009,484.518707,87.823891,52.259716,60,0,0.000000,0.000000,0.000000,0.000000,0,0,0.000000,0.000000,0.000000,0.000000,0
1881,31.242065,31.242065,1,479.884308,425.559357,51.759853,45.900417,102,1,814.356079,483.326477,87.835655,52.131123,74,0,0.000000,0.000000,0.000000,0.000000,0,0,0.000000,0.000000,0.000000,0.000000,0
1885,31.275391,31.275391,1,485.530457,394.055847,52.368843,42.502480,95,1,813.312073,480.300079,87.723045,51.804695,77,0,0.000000,0.000000,0.000000,0.000000,0,0,0.000000,0.000000,0.000000,0.000000,0
1889,31.308716,31.308716,1,494.502747,362.729736,53.336586,39.123676,91,1,813.180115,479.339996,87.708817,51.701145,74,0,0.000000,0.000000,0.000000,0.000000,0,0,0.000000,0.000000,0.000000,0.000000,0
1892,31.342163,31.342163,1,505.343140,333.192688,54.505817,35.937840,98,1,815.805054,479.952484,87.991936,51.767204,54,0,0.000000,0.000000,0.000000,0.000000,0,0,0.000000,0.000000,0.000000,0.000000,0
1894,31.375488,31.375488,1,520.118896,304.071808,56.099514,32.796890,104,1,818.402222,479.814911,88.272064,51.752365,44,0,0.000000,0.000000,0.000000,0.000000,0,0,0.000000,0.000000,0.000000,0.000000,0
1897,31.408813,31.408813,1,538.131714,277.565094,58.042358,29.937901,102,1,818.395569,478.767670,88.271347,51.639412,54,0,0.000000,0.000000,0.000000,0.000000,0,0,0.000000,0.000000,0.000000,0.000000,0
1900,31.442139,31.442139,1,557.550781,252.603531,60.136887,27.245569,106,1,818.351929,476.884979,88.266640,51.436348,61,0,0.000000,0.000000,0.000000,0.000000,0,0,0.000000,0.000000,0.000000,0.000000,0
1903,31.475464,31.475464,1,579.879761,229.159760,62.545269,24.716948,102,1,818.475830,476.800964,88.279999,51.427288,56,0,0.000000,0.000000,0.000000,0.000000,0,0,0.000000,0.000000,0.000000,0.000000,0
1905,32.648560,32.648560,1,604.264221,208.100220,65.175346,22.445486,100,1,816.651428,477.339874,88.083221,51.485413,61,0,0.000000,0.000000,0.000000,0.000000,0,0,0.000000,0.000000,0.000000,0.000000,0
1909,32.681885,32.681885,1,629.867737,189.477005,67.936920,20.436804,97,1,815.304260,478.620575,87.937920,51.623550,54,0,0.000000,0.000000,0.000000,0.000000,0,0,0.000000,0.000000,0.000000,0.000000,0
1912,32.715210,32.715210,1,656.333435,174.123383,70.791481,18.780777,98,1,814.461365,479.652069,87.847008,51.734802,54,0,0.000000,0.000000,0.000000,0.000000,0,0,0.000000,0.000000,0.000000,0.000000,0
1916,32.748535,32.748535,1,685.152344,160.047012,73.899864,17.262514,97,1,813.200806,480.538971,87.711044,51.830463,63,0,0.000000,0.000000,0.000000,0.000000,0,0,0.000000,0.000000,0.000000,0.000000,0
1918,32.781860,32.781860,1,716.654114,148.680801,77.297615,16.036566,89,1,814.914795,481.200104,87.895912,51.901772,51,0,0.000000,0.000000,0.000000,0.000000,0,0,0.000000,0.000000,0.000000,0.000000,0
1922,32.815186,32.815186,1,746.570496,140.581985,80.524361,15.163035,100,1,816.874573,481.713104,88.107292,51.957104,36,0,0.000000,0.000000,0.000000,0.000000,0,0,0.000000,0.000000,0.000000,0.000000,0
1924,32.848511,32.848511,1,777.506531,135.864029,83.861099,14.654161,89,1,817.957886,480.518463,88.224144,51.828251,59,0,0.000000,0.000000,0.000000,0.000000,0,0,0.000000,0.000000,0.000000,0.000000,0
1927,32.881836,32.881836,1,808.763794,132.859650,87.232475,14.330112,85,1,818.551453,478.385071,88.288162,51.598145,52,0,0.000000,0.000000,0.000000,0.000000,0,0,0.000000,0.000000,0.000000,0.000000,0
1930,32.915161,32.915161,1,840.409851,131.788513,90.645790,14.214580,93,1,820.341064,477.711700,88.481186,51.525517,56,0,0.000000,0.000000,0.000000,0.000000,0,0,0.000000,0.000000,0.000000,0.000000,0
1933,32.948608,32.948608,1,871.491211,133.091263,93.998192,14.355094,91,1,821.289856,476.271942,88.583527,51.370228,56,0,0.000000,0.000000,0.000000,0.000000,0,0,0.000000,0.000000,0.000000,0.000000,0
1936,32.981934,32.981934,1,903.825378,136.863297,97.485718,14.761942,87,1,822.982117,474.103760,88.766052,51.136368,49,0,0.000000,0.000000,0.000000,0.000000,0,0,0.000000,0.000000,0.000000,0.000000,0
1939,33.015259,33.015259,1,934.611816,143.668976,100.806320,15.495996,90,1,824.112671,472.612946,88.887993,50.975571,33,0,0.000000,0.000000,0.000000,0.000000,0,0,0.000000,0.000000,0.000000,0.000000,0
1943,33.048584,33.048584,1,964.693787,152.760345,104.050934,16.476582,94,1,824.470764,470.866760,88.926613,50.787231,44,0,0.000000,0.000000,0.000000,0.000000,0,0,0.000000,0.000000,0.000000,0.000000,0
1945,33.081909,33.081909,1,993.590149,164.517654,107.167664,17.744713,93,1,828.106750,472.369843,89.318787,50.949348,40,0,0.000000,0.000000,0.000000,0.000000,0,0,0.000000,0.000000,0.000000,0.000000,0
1948,33.115234,33.115234,1,1020.318359,178.549911,110.050545,19.258219,100,1,830.645691,473.165619,89.592636,51.035183,43,0,0.000000,0.000000,0.000000,0.000000,0,0,0.000000,0.000000,0.000000,0.000000,0
1952,33.148560,33.148560,1,1046.552490,194.206207,112.880127,20.946892,96,1,833.120361,473.341339,89.859550,51.054134,53,0,0.000000,0.000000,0.000000,0.000000,0,0,0.000000,0.000000,0.000000,0.000000,0
1954,33.181885,33.181885,1,1072.250122,211.742584,115.651855,22.838348,91,1,836.739258,473.437958,90.249878,51.064556,46,0,0.000000,0.000000,0.000000,0.000000,0,0,0.000000,0.000000,0.000000,0.000000,0
1957,33.215210,33.215210,1,1095.491333,230.508713,118.158623,24.862444,96,1,840.286987,473.807831,90.632538,51.104450,35,0,0.000000,0.000000,0.000000,0.000000,0,0,0.000000,0.000000,0.000000,0.000000,0
1959,33.248657,33.248657,1,1115.869507,250.866562,120.356590,27.058222,95,1,841.523743,472.800537,90.765930,50.995804,55,0,0.000000,0.000000,0.000000,0.000000,0,0,0.000000,0.000000,0.000000,0.000000,0
1963,33.281982,33.281982,1,1134.588867,272.387451,122.375641,29.379444,94,1,841.789185,473.801086,90.794556,51.103725,57,0,0.000000,0.000000,0.000000,0.000000,0,0,0.000000,0.000000,0.000000,0.000000,0
1966,33.315308,33.315308,1,1150.651123,295.341003,124.108101,31.855190,93,1,844.697327,476.295593,91.108223,51.372776,41,0,0.000000,0.000000,0.000000,0.000000,0,0,0.000000,0.000000,0.000000,0.000000,0
1968,33.348633,33.348633,1,1163.625732,318.812012,125.507538,34.386753,94,1,844.218689,477.857391,91.056602,51.541229,57,0,0.000000,0.000000,0.000000,0.000000,0,0,0.000000,0.000000,0.000000,0.000000,0
1972,33.381958,33.381958,1,1174.939941,342.890778,126.727867,36.983864,88,1,844.046692,479.967224,91.038055,51.768795,54,0,0.000000,0.000000,0.000000,0.000000,0,0,0.000000,0.000000,0.000000,0.000000,0
1975,33.415283,33.415283,1,1183.700317,368.845551,127.672768,39.783318,86,1,846.564575,483.196442,91.309624,52.117096,47,0,0.000000,0.000000,0.000000,0.000000,0,0,0.000000,0.000000,0.000000,0.000000,0
1977,33.448608,33.448608,1,1191.492676,395.236633,128.513229,42.629837,85,1,847.001160,485.363922,91.356720,52.350880,56,0,0.000000,0.000000,0.000000,0.000000,0,0,0.000000,0.000000,0.000000,0.000000,0
1981,33.481934,33.481934,1,1197.568604,423.077698,129.168579,45.632748,92,1,846.637085,488.465759,91.317451,52.685440,55,0,0.000000,0.000000,0.000000,0.000000,0,0,0.000000,0.000000,0.000000,0.000000,0
1983,33.515259,33.515259,1,1200.671143,448.669128,129.503220,48.393017,85,1,848.610657,491.348297,91.530319,52.996346,44,0,0.000000,0.000000,0.000000,0.000000,0,0,0.000000,0.000000,0.000000,0.000000,0
1988,33.548584,33.548584,1,1202.356567,476.560455,129.684998,51.401344,81,1,847.493591,493.742065,91.409828,53.254539,56,0,0.000000,0.000000,0.000000,0.000000,0,0,0.000000,0.000000,0.000000,0.000000,0
1990,33.582031,33.582031,1,1202.375000,503.878082,129.686996,54.347797,78,1,846.970337,496.690430,91.353394,53.572544,63,0,0.000000,0.000000,0.000000,0.000000,0,0,0.000000,0.000000,0.000000,0.000000,0
1993,33.615356,33.615356,1,1200.483032,530.514221,129.482925,57.220749,84,1,847.994934,500.056732,91.463905,53.935631,62,0,0.000000,0.000000,0.000000,0.000000,0,0,0.000000,0.000000,0.000000,0.000000,0
1995,33.648682,33.648682,1,1195.782593,557.687866,128.975937,60.151669,81,1,847.575195,501.422180,91.418633,54.082905,60,0,0.000000,0.000000,0.000000,0.000000,0,0,0.000000,0.000000,0.000000,0.000000,0
1999,33.682007,33.682007,1,1190.354004,583.963318,128.390411,62.985714,84,1,847.759766,503.447296,91.438538,54.301334,66,0,0.000000,0.000000,0.000000,0.000000,0,0,0.000000,0.000000,0.000000,0.000000,0
2002,33.715332,33.715332,1,1183.905396,608.610107,127.694878,65.644089,82,1,850.051514,504.148193,91.685730,54.376930,62,0,0.000000,0.000000,0.000000,0.000000,0,0,0.000000,0.000000,0.000000,0.000000,0
2005,33.748657,33.748657,1,1173.984375,632.894653,126.624817,68.263405,86,1,850.487854,503.872711,91.732788,54.347221,64,0,0.000000,0.000000,0.000000,0.000000,0,0,0.000000,0.000000,0.000000,0.000000,0
2008,33.781982,33.781982,1,1162.820312,655.738708,125.420662,70.727341,92,1,848.513306,502.560242,91.519814,54.205654,63,0,0.000000,0.000000,0.000000,0.000000,0,0,0.000000,0.000000,0.000000,0.000000,0
2010,33.815308,33.815308,1,1149.646484,677.509399,123.999741,73.075500,94,1,848.622498,504.103912,91.531593,54.372154,58,0,0.000000,0.000000,0.000000,0.000000,0,0,0.000000,0.000000,0.000000,0.000000,0
2015,33.848633,33.848633,1,1134.544556,698.526245,122.370865,75.342361,96,1,847.594116,506.595825,91.420670,54.640930,59,0,0.000000,0.000000,0.000000,0.000000,0,0,0.000000,0.000000,0.000000,0.000000,0
2017,33.882080,33.882080,1,1118.484009,718.591309,120.638588,77.506554,104,1,846.110718,507.881744,91.260674,54.779629,65,0,0.000000,0.000000,0.000000,0.000000,0,0,0.000000,0.000000,0.000000,0.000000,0
2021,33.915405,33.915405,1,1100.478516,739.123108,118.696541,79.721100,103,1,848.233765,511.633881,91.489670,55.184334,65,0,0.000000,0.000000,0.000000,0.000000,0,0,0.000000,0.000000,0.000000,0.000000,0
2023,33.948730,33.948730,1,1082.204712,757.314636,116.725548,81.683220,96,1,849.746460,513.396240,91.652824,55.374416,56,0,0.000000,0.000000,0.000000,0.000000,0,0,0.000000,0.000000,0.000000,0.000000,0
2026,33.982056,33.982056,1,1061.452881,775.494080,114.487274,83.644035,106,1,849.036072,515.067932,91.576202,55.554722,60,0,0.000000,0.000000,0.000000,0.000000,0,0,0.000000,0.000000,0.000000,0.000000,0
2029,34.015381,34.015381,1,1039.559570,792.486572,112.125885,85.476830,103,1,847.907288,516.501221,91.454453,55.709312,60,0,0.000000,0.000000,0.000000,0.000000,0,0,0.000000,0.000000,0.000000,0.000000,0
2031,34.048706,34.048706,1,1016.078918,807.889282,109.593277,87.138145,97,1,850.654846,512.972473,91.750801,55.328709,46,0,0.000000,0.000000,0.000000,0.000000,0,0,0.000000,0.000000,0.000000,0.000000,0
2035,34.082031,34.082031,1,992.951904,822.599426,107.098824,88.724770,105,1,848.557312,509.683899,91.524567,54.974007,44,0,0.000000,0.000000,0.000000,0.000000,0,0,0.000000,0.000000,0.000000,0.000000,0
2038,34.115356,34.115356,1,967.568359,834.476440,104.360977,90.005814,91,1,844.612549,506.935516,91.099091,54.677570,55,0,0.000000,0.000000,0.000000,0.000000,0,0,0.000000,0.000000,0.000000,0.000000,0
2041,34.148682,34.148682,1,942.378601,845.156433,101.644035,91.157745,89,1,843.666626,504.804352,90.997055,54.447704,58,0,0.000000,0.000000,0.000000,0.000000,0,0,0.000000,0.000000,0.000000,0.000000,0
2044,34.182129,34.182129,1,917.463562,855.500610,98.956726,92.273460,87,1,841.911926,502.096283,90.807800,54.155613,57,0,0.000000,0.000000,0.000000,0.000000,0,0,0.000000,0.000000,0.000000,0.000000,0
2047,34.215454,34.215454,1,890.045776,864.138306,95.999466,93.205116,88,1,837.861206,494.795197,90.370888,53.368126,61,0,0.000000,0.000000,0.000000,0.000000,0,0,0.000000,0.000000,0.000000,0.000000,0
2050,34.248779,34.248779,1,862.775818,870.272827,93.058159,93.866776,93,1,848.265625,499.315277,91.493103,53.855656,53,0,0.000000,0.000000,0.000000,0.000000,0,0,0.000000,0.000000,0.000000,0.000000,0
2053,34.282104,34.282104,1,835.565796,873.083618,90.123306,94.169945,101,1,846.183105,501.287415,91.268478,54.068371,49,0,0.000000,0.000000,0.000000,0.000000,0,0,0.000000,0.000000,0.000000,0.000000,0
2055,34.315430,34.315430,1,808.289551,874.947937,87.181320,94.371025,92,1,843.792480,502.499237,91.010628,54.199078,59,0,0.000000,0.000000,0.000000,0.000000,0,0,0.000000,0.000000,0.000000,0.000000,0
2060,34.348755,34.348755,1,782.046570,874.493958,84.350777,94.322067,101,1,844.558838,502.888855,91.093292,54.241100,69,0,0.000000,0.000000,0.000000,0.000000,0,0,0.000000,0.000000,0.000000,0.000000,0
2062,34.382080,34.382080,1,757.557068,873.107300,81.709366,94.172501,104,1,845.656738,505.755737,91.211708,54.550320,56,0,0.000000,0.000000,0.000000,0.000000,0,0,0.000000,0.000000,0.000000,0.000000,0
2065,34.415405,34.415405,1,734.541321,870.678162,79.226906,93.910500,97,1,844.936829,505.567291,91.134056,54.529991,64,0,0.000000,0.000000,0.000000,0.000000,0,0,0.000000,0.000000,0.000000,0.000000,0
2067,34.448730,34.448730,1,712.725037,864.919373,76.873825,93.289360,94,1,845.829651,509.832520,91.230362,54.990036,57,0,0.000000,0.000000,0.000000,0.000000,0,0,0.000000,0.000000,0.000000,0.000000,0
2071,34.482056,34.482056,1,692.561462,857.766357,74.699005,92.517845,102,1,846.076355,512.482727,91.256966,55.275883,56,0,0.000000,0.000000,0.000000,0.000000,0,0,0.000000,0.000000,0.000000,0.000000,0
2075,34.515503,34.515503,1,673.473999,848.697388,72.640244,91.539673,101,1,845.527039,515.968018,91.197716,55.651806,62,0,0.000000,0.000000,0.000000,0.000000,0,0,0.000000,0.000000,0.000000,0.000000,0
2077,34.548828,34.548828,1,656.006592,837.537659,70.756233,90.335991,103,1,845.997131,516.808716,91.248428,55.742485,63,0,0.000000,0.000000,0.000000,0.000000,0,0,0.000000,0.000000,0.000000,0.000000,0
2080,34.582153,34.582153,1,640.070862,824.851074,69.037415,88.967636,104,1,846.371338,519.901917,91.288788,56.076115,70,0,0.000000,0.000000,0.000000,0.000000,0,0,0.000000,0.000000,0.000000,0.000000,0
2082,34.615479,34.615479,1,624.798279,809.757507,67.390129,87.339653,110,1,847.899170,521.412598,91.453575,56.239056,54,0,0.000000,0.000000,0.000000,0.000000,0,0,0.000000,0.000000,0.000000,0.000000,0
2087,34.648804,34.648804,1,610.731140,794.364197,65.872864,85.679352,116,1,850.327637,522.610046,91.715508,56.368210,65,0,0.000000,0.000000,0.000000,0.000000,0,0,0.000000,0.000000,0.000000,0.000000,0
2089,34.682129,34.682129,1,595.344727,776.119019,64.213303,83.711441,114,1,854.808899,521.359741,92.198853,56.233356,62,0,0.000000,0.000000,0.000000,0.000000,0,0,0.000000,0.000000,0.000000,0.000000,0
2093,34.715454,34.715454,1,580.744385,757.459473,62.638519,81.698837,115,1,856.634949,518.075439,92.395805,55.879108,53,0,0.000000,0.000000,0.000000,0.000000,0,0,0.000000,0.000000,0.000000,0.000000,0
2095,34.748779,34.748779,1,566.915100,735.901489,61.146912,79.373619,108,1,855.707764,514.643372,92.295807,55.508934,55,0,0.000000,0.000000,0.000000,0.000000,0,0,0.000000,0.000000,0.000000,0.000000,0
2098,34.782104,34.782104,1,554.082214,713.187988,59.762764,76.923759,103,1,854.850464,512.812683,92.203339,55.311474,71,0,0.000000,0.000000,0.000000,0.000000,0,0,0.000000,0.000000,0.000000,0.000000,0
2100,34.815552,34.815552,1,543.338745,689.459045,58.603989,74.364380,103,1,853.132751,511.718903,92.018066,55.193501,60,0,0.000000,0.000000,0.000000,0.000000,0,0,0.000000,0.000000,0.000000,0.000000,0
2104,34.848877,34.848877,1,534.162476,665.827148,57.614243,71.815468,97,1,851.627808,510.499023,91.855743,55.061928,46,0,0.000000,0.000000,0.000000,0.000000,0,0,0.000000,0.000000,0.000000,0.000000,0
2106,34.882202,34.882202,1,526.264954,639.712341,56.762424,68.998749,100,1,848.203979,509.103790,91.486450,54.911438,63,0,0.000000,0.000000,0.000000,0.000000,0,0,0.000000,0.000000,0.000000,0.000000,0
2110,34.915527,34.915527,1,520.743408,613.725769,56.166878,66.195862,101,1,845.516418,512.166748,91.196579,55.241802,62,0,0.000000,0.000000,0.000000,0.000000,0,0,0.000000,0.000000,0.000000,0.000000,0
2113,36.104736,36.104736,1,517.260437,586.693970,55.791210,63.280239,105,1,846.994324,513.889709,91.355980,55.427647,58,0,0.000000,0.000000,0.000000,0.000000,0,0,0.000000,0.000000,0.000000,0.000000,0
2116,36.138062,36.138062,1,515.946960,560.809082,55.649536,60.488316,104,1,847.304504,513.602051,91.389435,55.396614,63,0,0.000000,0.000000,0.000000,0.000000,0,0,0.000000,0.000000,0.000000,0.000000,0
2117,36.171387,36.171387,1,517.140198,535.912292,55.778233,57.802975,106,1,845.532532,513.643738,91.198311,55.401108,61,0,0.000000,0.000000,0.000000,0.000000,0,0,0.000000,0.000000,0.000000,0.000000,0
2119,36.204834,36.204834,1,520.528381,511.242157,56.143681,55.142078,100,1,842.901306,512.909546,90.914513,55.321926,42,0,0.000000,0.000000,0.000000,0.000000,0,0,0.000000,0.000000,0.000000,0.000000,0
2123,36.238159,36.238159,1,525.530151,487.055206,56.683170,52.533298,97,1,840.251099,514.494446,90.628662,55.492870,39,0,0.000000,0.000000,0.000000,0.000000,0,0,0.000000,0.000000,0.000000,0.000000,0
2126,36.271484,36.271484,1,532.185852,462.156738,57.401047,49.847775,91,1,838.246460,515.241943,90.412445,55.573494,47,0,0.000000,0.000000,0.000000,0.000000,0,0,0.000000,0.000000,0.000000,0.000000,0
2128,36.304810,36.304810,1,542.289917,438.477966,58.490860,47.293808,100,1,833.495178,515.100891,89.899979,55.558277,52,0,0.000000,0.000000,0.000000,0.000000,0,0,0.000000,0.000000,0.000000,0.000000,0
2130,36.338135,36.338135,1,554.575928,413.767151,59.816017,44.628521,87,1,830.531860,515.309998,89.580353,55.580830,38,0,0.000000,0.000000,0.000000,0.000000,0,0,0.000000,0.000000,0.000000,0.000000,0
2132,36.371460,36.371460,1,568.718994,391.937744,61.341476,42.274021,94,1,827.504700,515.799988,89.253853,55.633686,35,0,0.000000,0.000000,0.000000,0.000000,0,0,0.000000,0.000000,0.000000,0.000000,0
2135,36.404785,36.404785,1,586.076294,368.369568,63.213615,39.731983,90,1,824.870300,515.843262,88.969704,55.638351,36,0,0.000000,0.000000,0.000000,0.000000,0,0,0.000000,0.000000,0.000000,0.000000,0
2139,36.438110,36.438110,1,606.104858,346.653564,65.373878,37.389713,94,1,825.808960,515.151672,89.070953,55.563759,31,0,0.000000,0.000000,0.000000,0.000000,0,0,0.000000,0.000000,0.000000,0.000000,0
2141,36.471436,36.471436,1,629.853760,327.172150,67.935410,35.288467,91,1,825.057068,513.474915,88.989853,55.382904,39,0,0.000000,0.000000,0.000000,0.000000,0,0,0.000000,0.000000,0.000000,0.000000,0
2143,36.504883,36.504883,1,656.065918,308.909454,70.762634,33.318672,86,1,822.246399,512.412598,88.686691,55.268318,57,0,0.000000,0.000000,0.000000,0.000000,0,0,0.000000,0.000000,0.000000,0.000000,0
2145,36.538208,36.538208,1,684.469238,293.453918,73.826180,31.651655,89,1,821.047119,509.912354,88.557343,54.998650,50,0,0.000000,0.000000,0.000000,0.000000,0,0,0.000000,0.000000,0.000000,0.000000,0
2148,36.571533,36.571533,1,714.244019,281.359650,77.037659,30.347176,87,1,821.341431,511.822083,88.589088,55.204632,37,0,0.000000,0.000000,0.000000,0.000000,0,0,0.000000,0.000000,0.000000,0.000000,0
2150,36.604858,36.604858,1,747.772339,272.333801,80.653992,29.373657,86,1,818.860718,510.397766,88.321518,55.051003,45,0,0.000000,0.000000,0.000000,0.000000,0,0,0.000000,0.000000,0.000000,0.000000,0
2152,36.638184,36.638184,1,782.695679,267.111053,84.420792,28.810337,96,1,815.560120,511.320129,87.965515,55.150490,49,0,0.000000,0.000000,0.000000,0.000000,0,0,0.000000,0.000000,0.000000,0.000000,0
2155,36.671509,36.671509,1,818.506958,266.860565,88.283363,28.783321,85,1,815.625488,510.529480,87.972565,55.065208,37,0,0.000000,0.000000,0.000000,0.000000,0,0,0.000000,0.000000,0.000000,0.000000,0
2157,36.704834,36.704834,1,852.797302,270.142242,91.981880,29.137280,92,1,814.231567,508.880890,87.822227,54.887398,29,0,0.000000,0.000000,0.000000,0.000000,0,0,0.000000,0.000000,0.000000,0.000000,0
2161,36.738159,36.738159,1,886.530457,278.005127,95.620308,29.985361,86,1,813.362976,506.383514,87.728531,54.618031,48,0,0.000000,0.000000,0.000000,0.000000,0,0,0.000000,0.000000,0.000000,0.000000,0
2163,36.771484,36.771484,1,919.023743,289.590057,99.125008,31.234900,94,1,811.818420,505.969330,87.561943,54.573357,58,0,0.000000,0.000000,0.000000,0.000000,0,0,0.000000,0.000000,0.000000,0.000000,0
2165,36.804810,36.804810,1,948.486267,305.059845,102.302803,32.903458,101,1,814.105774,504.969116,87.808655,54.465477,39,0,0.000000,0.000000,0.000000,0.000000,0,0,0.000000,0.000000,0.000000,0.000000,0
2168,36.838257,36.838257,1,976.350098,325.003754,105.308167,35.054588,91,1,816.631592,503.356171,88.081085,54.291508,43,0,0.000000,0.000000,0.000000,0.000000,0,0,0.000000,0.000000,0.000000,0.000000,0
2170,36.871582,36.871582,1,999.731995,346.703278,107.830116,37.395077,94,1,816.983093,503.612152,88.118996,54.319115,55,0,0.000000,0.000000,0.000000,0.000000,0,0,0.000000,0.000000,0.000000,0.000000,0
2173,36.904907,36.904907,1,1019.934570,371.284637,110.009148,40.046398,93,1,814.416687,503.395477,87.842186,54.295746,49,0,0.000000,0.000000,0.000000,0.000000,0,0,0.000000,0.000000,0.000000,0.000000,0
2176,36.938232,36.938232,1,1036.455078,397.678436,111.791023,42.893208,92,1,815.403809,504.026459,87.948654,54.363800,34,0,0.000000,0.000000,0.000000,0.000000,0,0,0.000000,0.000000,0.000000,0.000000,0
2178,36.971558,36.971558,1,1049.947510,425.378906,113.246315,45.880955,104,1,815.224426,504.972382,87.929314,54.465828,35,0,0.000000,0.000000,0.000000,0.000000,0,0,0.000000,0.000000,0.000000,0.000000,0
2181,37.004883,37.004883,1,1059.494385,452.944458,114.276031,48.854149,93,1,812.350647,504.133575,87.619347,54.375355,56,0,0.000000,0.000000,0.000000,0.000000,0,0,0.000000,0.000000,0.000000,0.000000,0
2183,37.038208,37.038208,1,1066.572510,483.003143,115.039467,52.096249,89,1,810.708496,499.565216,87.442223,53.882618,48,0,0.000000,0.000000,0.000000,0.000000,0,0,0.000000,0.000000,0.000000,0.000000,0
2185,37.071533,37.071533,1,1069.487793,510.137573,115.353912,55.022942,85,1,810.220337,498.782654,87.389572,53.798210,34,0,0.000000,0.000000,0.000000,0.000000,0,0,0.000000,0.000000,0.000000,0.000000,0
2188,37.104858,37.104858,1,1069.279663,538.832275,115.331451,58.117924,79,1,810.210144,497.905029,87.388474,53.703548,33,0,0.000000,0.000000,0.000000,0.000000,0,0,0.000000,0.000000,0.000000,0.000000,0
2190,37.138306,37.138306,1,1066.183472,568.252197,114.997505,61.291130,82,1,808.109619,495.229706,87.161919,53.414993,49,0,0.000000,0.000000,0.000000,0.000000,0,0,0.000000,0.000000,0.000000,0.000000,0
2192,37.171631,37.171631,1,1060.119995,595.076599,114.343513,64.184380,91,1,808.008240,493.280243,87.150986,53.204727,58,0,0.000000,0.000000,0.000000,0.000000,0,0,0.000000,0.000000,0.000000,0.000000,0
2196,37.204956,37.204956,1,1051.615234,621.776062,113.426193,67.064163,93,1,809.351501,490.371887,87.295860,52.891033,47,0,0.000000,0.000000,0.000000,0.000000,0,0,0.000000,0.000000,0.000000,0.000000,0
2198,37.238281,37.238281,1,1041.105591,645.313171,112.292633,69.602844,93,1,809.287537,489.713531,87.288963,52.820023,46,0,0.000000,0.000000,0.000000,0.000000,0,0,0.000000,0.000000,0.000000,0.000000,0
2201,37.271606,37.271606,1,1028.210083,667.814331,110.901733,72.029800,103,1,807.821777,487.665070,87.130867,52.599079,53,0,0.000000,0.000000,0.000000,0.000000,0,0,0.000000,0.000000,0.000000,0.000000,0
2203,37.304932,37.304932,1,1014.455872,688.761475,109.418221,74.289139,102,1,808.173889,487.196198,87.168846,52.548504,60,0,0.000000,0.000000,0.000000,0.000000,0,0,0.000000,0.000000,0.000000,0.000000,0
2205,37.338257,37.338257,1,997.722473,708.051636,107.613365,76.369759,96,1,807.896912,486.991302,87.138977,52.526405,52,0,0.000000,0.000000,0.000000,0.000000,0,0,0.000000,0.000000,0.000000,0.000000,0
2208,37.371582,37.371582,1,980.806091,725.431946,105.788788,78.244377,101,1,808.008545,486.201508,87.151016,52.441219,54,0,0.000000,0.000000,0.000000,0.000000,0,0,0.000000,0.000000,0.000000,0.000000,0
2210,37.404907,37.404907,1,960.679321,740.979980,103.617935,79.921379,90,1,809.232239,482.688080,87.282997,52.062263,69,0,0.000000,0.000000,0.000000,0.000000,0,0,0.000000,0.000000,0.000000,0.000000,0
2214,37.438354,37.438354,1,941.139343,754.542664,101.510368,81.384232,88,1,808.217712,485.177032,87.173576,52.330723,64,0,0.000000,0.000000,0.000000,0.000000,0,0,0.000000,0.000000,0.000000,0.000000,0
2216,37.471680,37.471680,1,918.455872,766.116882,99.063751,82.632622,87,1,806.043396,482.247406,86.939049,52.014732,57,0,0.000000,0.000000,0.000000,0.000000,0,0,0.000000,0.000000,0.000000,0.000000,0
2217,37.505005,37.505005,1,895.341858,775.314514,96.570694,83.624664,89,1,811.598022,480.151550,87.538170,51.788677,51,0,0.000000,0.000000,0.000000,0.000000,0,0,0.000000,0.000000,0.000000,0.000000,0
2219,37.538330,37.538330,1,873.136353,782.897583,94.175629,84.442566,93,1,812.984375,481.409454,87.687698,51.924351,62,0,0.000000,0.000000,0.000000,0.000000,0,0,0.000000,0.000000,0.000000,0.000000,0
2223,37.571655,37.571655,1,848.796570,788.627319,91.550369,85.060577,95,1,814.129456,478.593323,87.811211,51.620609,54,0,0.000000,0.000000,0.000000,0.000000,0,0,0.000000,0.000000,0.000000,0.000000,0
2226,37.604980,37.604980,1,825.679810,792.204346,89.057022,85.446388,105,1,820.595642,481.053253,88.508644,51.885933,54,0,0.000000,0.000000,0.000000,0.000000,0,0,0.000000,0.000000,0.000000,0.000000,0
2228,37.638306,37.638306,1,801.092468,793.124268,86.405052,85.545609,100,1,826.675415,488.731323,89.164398,52.714085,53,0,0.000000,0.000000,0.000000,0.000000,0,0,0.000000,0.000000,0.000000,0.000000,0
2230,37.671631,37.671631,1,777.326050,792.252686,83.841629,85.451607,99,1,827.660278,494.378601,89.270630,53.323196,62,0,0.000000,0.000000,0.000000,0.000000,0,0,0.000000,0.000000,0.000000,0.000000,0
2232,37.704956,37.704956,1,752.189331,788.224060,81.130409,85.017082,106,1,828.381287,493.367737,89.348396,53.214161,58,0,0.000000,0.000000,0.000000,0.000000,0,0,0.000000,0.000000,0.000000,0.000000,0
2235,37.738281,37.738281,1,728.700134,781.806213,78.596886,84.324860,106,1,824.752808,492.385651,88.957031,53.108234,55,0,0.000000,0.000000,0.000000,0.000000,0,0,0.000000,0.000000,0.000000,0.000000,0
2239,37.771729,37.771729,1,705.729309,773.300415,76.119270,83.407425,102,1,824.173401,491.052734,88.894539,52.964470,56,0,0.000000,0.000000,0.000000,0.000000,0,0,0.000000,0.000000,0.000000,0.000000,0
2241,37.805054,37.805054,1,682.596924,761.668579,73.624237,82.152832,97,1,827.752136,490.586273,89.280540,52.914158,56,0,0.000000,0.000000,0.000000,0.000000,0,0,0.000000,0.000000,0.000000,0.000000,0
2243,37.838379,37.838379,1,659.715698,747.025452,71.156296,80.573441,102,1,828.950317,490.402863,89.409767,52.894375,63,0,0.000000,0.000000,0.000000,0.000000,0,0,0.000000,0.000000,0.000000,0.000000,0
2245,37.871704,37.871704,1,640.543213,730.823608,69.088364,78.825920,103,1,826.626648,493.922241,89.159142,53.273972,56,0,0.000000,0.000000,0.000000,0.000000,0,0,0.000000,0.000000,0.000000,0.000000,0
2248,37.905029,37.905029,1,621.726501,711.442017,67.058807,76.735443,99,1,826.989563,498.875549,89.198288,53.808231,46,0,0.000000,0.000000,0.000000,0.000000,0,0,0.000000,0.000000,0.000000,0.000000,0
2250,37.938354,37.938354,1,604.322144,690.420349,65.181595,74.468063,96,1,827.947571,502.023895,89.301613,54.147808,61,0,0.000000,0.000000,0.000000,0.000000,0,0,0.000000,0.000000,0.000000,0.000000,0
2252,37.971680,37.971680,1,588.942261,666.546143,63.522736,71.893013,98,1,830.365662,503.284790,89.562431,54.283806,64,0,0.000000,0.000000,0.000000,0.000000,0,0,0.000000,0.000000,0.000000,0.000000,0
2255,38.005005,38.005005,1,575.416382,639.758301,62.063847,69.003708,98,1,832.889282,504.528656,89.834625,54.417969,48,0,0.000000,0.000000,0.000000,0.000000,0,0,0.000000,0.000000,0.000000,0.000000,0
2257,38.038330,38.038330,1,564.403198,611.414185,60.875977,65.946533,92,1,836.642944,507.762970,90.239494,54.766819,50,0,0.000000,0.000000,0.000000,0.000000,0,0,0.000000,0.000000,0.000000,0.000000,0
2261,38.071777,38.071777,1,556.205933,580.559204,59.991829,62.618546,102,1,837.513550,507.780243,90.333397,54.768681,59,0,0.000000,0.000000,0.000000,0.000000,0,0,0.000000,0.000000,0.000000,0.000000,0
2263,38.105103,38.105103,1,551.407654,551.416748,59.474289,59.475273,103,1,839.053833,506.137604,90.499527,54.591507,54,0,0.000000,0.000000,0.000000,0.000000,0,0,0.000000,0.000000,0.000000,0.000000,0
2265,38.138428,38.138428,1,550.884277,519.884888,59.417839,56.074276,98,1,838.868286,505.426514,90.479515,54.514812,46,0,0.000000,0.000000,0.000000,0.000000,0,0,0.000000,0.000000,0.000000,0.000000,0
2268,38.171753,38.171753,1,553.100952,487.800751,59.656929,52.613712,100,1,838.415588,505.824158,90.430687,54.557701,63,0,0.000000,0.000000,0.000000,0.000000,0,0,0.000000,0.000000,0.000000,0.000000,0
2270,38.205078,38.205078,1,558.483521,456.664581,60.237484,49.255394,101,1,839.647034,506.266449,90.563507,54.605404,62,0,0.000000,0.000000,0.000000,0.000000,0,0,0.000000,0.000000,0.000000,0.000000,0
2272,38.238403,38.238403,1,567.877441,425.569916,61.250706,45.901558,103,1,840.915161,505.097290,90.700287,54.479301,51,0,0.000000,0.000000,0.000000,0.000000,0,0,0.000000,0.000000,0.000000,0.000000,0
2276,38.271729,38.271729,1,580.743469,396.250305,62.638424,42.739174,106,1,840.317627,503.196716,90.635841,54.274307,60,0,0.000000,0.000000,0.000000,0.000000,0,0,0.000000,0.000000,0.000000,0.000000,0
2278,38.305054,38.305054,1,597.170837,367.859528,64.410263,39.676968,93,1,837.088013,502.696289,90.287491,54.220329,62,0,0.000000,0.000000,0.000000,0.000000,0,0,0.000000,0.000000,0.000000,0.000000,0
2280,38.338379,38.338379,1,615.318420,342.181854,66.367638,36.907402,92,1,835.471313,505.576019,90.113121,54.530933,54,0,0.000000,0.000000,0.000000,0.000000,0,0,0.000000,0.000000,0.000000,0.000000,0
2282,38.371826,38.371826,1,638.256531,318.414917,68.841728,34.343922,83,1,835.780212,505.380493,90.146439,54.509846,45,0,0.000000,0.000000,0.000000,0.000000,0,0,0.000000,0.000000,0.000000,0.000000,0
2285,38.405151,38.405151,1,663.905396,298.378662,71.608192,32.182831,92,1,833.144592,501.524811,89.862160,54.093979,50,0,0.000000,0.000000,0.000000,0.000000,0,0,0.000000,0.000000,0.000000,0.000000,0
2287,38.438477,38.438477,1,693.149780,281.919189,74.762459,30.407526,94,1,832.169983,500.415344,89.757042,53.974312,63,0,0.000000,0.000000,0.000000,0.000000,0,0,0.000000,0.000000,0.000000,0.000000,0
2289,38.471802,38.471802,1,722.684937,269.665894,77.948090,29.085899,87,1,831.337646,505.588623,89.667267,54.532295,68,0,0.000000,0.000000,0.000000,0.000000,0,0,0.000000,0.000000,0.000000,0.000000,0
2293,38.505127,38.505127,1,756.667236,260.088226,81.613396,28.052860,96,1,831.111511,508.188782,89.642876,54.812748,53,0,0.000000,0.000000,0.000000,0.000000,0,0,0.000000,0.000000,0.000000,0.000000,0
2296,38.538452,38.538452,1,790.617188,255.775009,85.275200,27.587643,87,1,828.881836,510.992126,89.402390,55.115112,67,0,0.000000,0.000000,0.000000,0.000000,0,0,0.000000,0.000000,0.000000,0.000000,0
2298,38.571777,38.571777,1,824.833801,255.495865,88.965767,27.557535,95,1,826.731628,507.236389,89.170464,54.710022,70,0,0.000000,0.000000,0.000000,0.000000,0,0,0.000000,0.000000,0.000000,0.000000,0
2300,38.605103,38.605103,1,858.791870,260.672424,92.628456,28.115873,87,1,826.233887,507.303375,89.116776,54.717247,65,0,0.000000,0.000000,0.000000,0.000000,0,0,0.000000,0.000000,0.000000,0.000000,0
2302,38.638428,38.638428,1,892.552979,270.592316,96.269897,29.185823,95,1,826.260437,502.626526,89.119644,54.212807,63,0,0.000000,0.000000,0.000000,0.000000,0,0,0.000000,0.000000,0.000000,0.000000,0
2305,38.671753,38.671753,1,925.283752,284.707153,99.800201,30.708235,91,1,828.071777,499.436646,89.315010,53.868748,60,0,0.000000,0.000000,0.000000,0.000000,0,0,0.000000,0.000000,0.000000,0.000000,0
2308,38.705200,38.705200,1,954.767334,304.000061,102.980270,32.789150,87,1,829.352539,500.404358,89.453156,53.973125,68,0,0.000000,0.000000,0.000000,0.000000,0,0,0.000000,0.000000,0.000000,0.000000,0
2310,38.738525,38.738525,1,981.920593,327.685272,105.908997,35.343811,96,1,831.292297,500.978241,89.662376,54.035023,59,0,0.000000,0.000000,0.000000,0.000000,0,0,0.000000,0.000000,0.000000,0.000000,0
2313,38.771851,38.771851,1,1005.635986,356.380249,108.466919,38.438828,85,1,834.193542,502.527985,89.975296,54.202179,62,0,0.000000,0.000000,0.000000,0.000000,0,0,0.000000,0.000000,0.000000,0.000000,0
2315,38.805176,38.805176,1,1026.274170,386.877533,110.692924,41.728233,92,1,829.215698,503.584442,89.438400,54.316124,57,0,0.000000,0.000000,0.000000,0.000000,0,0,0.000000,0.000000,0.000000,0.000000,0
2318,38.838501,38.838501,1,1042.153687,421.362854,112.405678,45.447784,88,1,827.821777,500.775330,89.288048,54.013138,71,0,0.000000,0.000000,0.000000,0.000000,0,0,0.000000,0.000000,0.000000,0.000000,0
2320,38.871826,38.871826,1,1051.326782,455.102081,113.395081,49.086864,86,1,826.656860,503.244385,89.162399,54.279449,65,0,0.000000,0.000000,0.000000,0.000000,0,0,0.000000,0.000000,0.000000,0.000000,0
2322,38.905151,38.905151,1,1056.903687,493.177704,113.996597,53.193665,78,1,824.833801,505.436249,88.965767,54.515862,64,0,0.000000,0.000000,0.000000,0.000000,0,0,0.000000,0.000000,0.000000,0.000000,0
2326,38.938477,38.938477,1,1057.065918,528.404663,114.014107,56.993214,82,1,823.896362,507.301392,88.864655,54.717033,72,0,0.000000,0.000000,0.000000,0.000000,0,0,0.000000,0.000000,0.000000,0.000000,0
2328,38.971802,38.971802,1,1052.238037,564.738831,113.493370,60.912178,75,1,822.679382,505.911804,88.733398,54.567154,67,0,0.000000,0.000000,0.000000,0.000000,0,0,0.000000,0.000000,0.000000,0.000000,0
2330,39.005249,39.005249,1,1043.845581,598.931763,112.588165,64.600197,86,1,822.293030,506.975891,88.691727,54.681923,67,0,0.000000,0.000000,0.000000,0.000000,0,0,0.000000,0.000000,0.000000,0.000000,0
2333,39.038574,39.038574,1,1031.063110,631.686279,111.209465,68.133064,82,1,822.600647,505.356628,88.724907,54.507271,67,0,0.000000,0.000000,0.000000,0.000000,0,0,0.000000,0.000000,0.000000,0.000000,0
2335,39.071899,39.071899,1,1013.486206,662.470093,109.313629,71.453377,89,1,823.623108,506.893829,88.835182,54.673073,77,0,0.000000,0.000000,0.000000,0.000000,0,0,0.000000,0.000000,0.000000,0.000000,0
2337,39.105225,39.105225,1,992.386108,689.506653,107.037796,74.369514,96,1,825.509583,505.721466,89.038658,54.546623,69,0,0.000000,0.000000,0.000000,0.000000,0,0,0.000000,0.000000,0.000000,0.000000,0
2339,39.138550,39.138550,1,967.849609,713.201843,104.391312,76.925255,97,1,826.559326,506.066528,89.151886,54.583843,67,0,0.000000,0.000000,0.000000,0.000000,0,0,0.000000,0.000000,0.000000,0.000000,0
2343,39.171875,39.171875,1,941.637268,732.213013,101.564079,78.975777,89,1,828.007019,505.294830,89.308029,54.500607,57,0,0.000000,0.000000,0.000000,0.000000,0,0,0.000000,0.000000,0.000000,0.000000,0
2346,39.205200,39.205200,1,913.638062,748.473999,98.544106,80.729675,82,1,828.778442,505.249817,89.391235,54.495750,72,0,0.000000,0.000000,0.000000,0.000000,0,0,0.000000,0.000000,0.000000,0.000000,0
2348,39.238525,39.238525,1,884.607666,759.977417,95.412918,81.970421,84,1,829.651917,503.043274,89.485443,54.257755,63,0,0.000000,0.000000,0.000000,0.000000,0,0,0.000000,0.000000,0.000000,0.000000,0
2350,39.271851,39.271851,1,852.410767,769.099304,91.940193,82.954300,89,1,831.059509,499.239716,89.637268,53.847507,58,0,0.000000,0.000000,0.000000,0.000000,0,0,0.000000,0.000000,0.000000,0.000000,0
2352,39.305298,39.305298,1,822.180664,773.267883,88.679604,83.403915,97,1,831.504150,496.526550,89.685226,53.554871,43,0,0.000000,0.000000,0.000000,0.000000,0,0,0.000000,0.000000,0.000000,0.000000,0
2356,39.338623,39.338623,1,790.496033,774.944031,85.262131,83.584709,107,1,830.776062,494.689789,89.606697,53.356758,53,0,0.000000,0.000000,0.000000,0.000000,0,0,0.000000,0.000000,0.000000,0.000000,0
2358,39.371948,39.371948,1,759.436646,773.520691,81.912102,83.431190,108,1,830.627563,492.100281,89.590675,53.077457,58,0,0.000000,0.000000,0.000000,0.000000,0,0,0.000000,0.000000,0.000000,0.000000,0
2360,39.405273,39.405273,1,728.659180,768.128662,78.592468,82.849609,109,1,830.356140,489.040344,89.561401,52.747414,43,0,0.000000,0.000000,0.000000,0.000000,0,0,0.000000,0.000000,0.000000,0.000000,0
2363,39.438599,39.438599,1,701.014099,760.110474,75.610695,81.984779,108,1,829.343811,488.202087,89.452217,52.657001,41,0,0.000000,0.000000,0.000000,0.000000,0,0,0.000000,0.000000,0.000000,0.000000,0
2365,39.471924,39.471924,1,674.254150,748.180847,72.724396,80.698059,107,1,830.318298,485.839417,89.557320,52.402164,64,0,0.000000,0.000000,0.000000,0.000000,0,0,0.000000,0.000000,0.000000,0.000000,0
2368,39.505249,39.505249,1,649.125183,735.382385,70.014008,79.317627,101,1,829.437622,484.045715,89.462334,52.208698,44,0,0.000000,0.000000,0.000000,0.000000,0,0,0.000000,0.000000,0.000000,0.000000,0
2370,39.538574,39.538574,1,625.046326,719.426636,67.416885,77.596657,95,1,829.101562,481.497681,89.426086,51.933868,26,0,0.000000,0.000000,0.000000,0.000000,0,0,0.000000,0.000000,0.000000,0.000000,0
2372,39.571899,39.571899,1,602.429749,701.410095,64.977478,75.653412,89,1,826.544006,481.216766,89.150230,51.903568,51,0,0.000000,0.000000,0.000000,0.000000,0,0,0.000000,0.000000,0.000000,0.000000,0
2376,39.605347,39.605347,1,581.823669,682.179077,62.754932,73.579170,94,1,826.809937,481.328766,89.178909,51.915649,48,0,0.000000,0.000000,0.000000,0.000000,0,0,0.000000,0.000000,0.000000,0.000000,0
2378,39.638672,39.638672,1,563.161804,661.575745,60.742085,71.356918,94,1,827.730957,483.634155,89.278252,52.164310,34,0,0.000000,0.000000,0.000000,0.000000,0,0,0.000000,0.000000,0.000000,0.000000,0
2380,39.671997,39.671997,1,548.182495,639.157776,59.126431,68.938934,91,1,828.799316,485.036896,89.393486,52.315605,24,0,0.000000,0.000000,0.000000,0.000000,0,0,0.000000,0.000000,0.000000,0.000000,0
2383,39.705322,39.705322,1,534.998169,614.948181,57.704376,66.327713,94,1,827.039062,486.811432,89.203629,52.507004,41,0,0.000000,0.000000,0.000000,0.000000,0,0,0.000000,0.000000,0.000000,0.000000,0
2385,39.738647,39.738647,1,524.032227,589.878601,56.521606,63.623730,96,1,828.687927,486.682007,89.381470,52.493046,42,0,0.000000,0.000000,0.000000,0.000000,0,0,0.000000,0.000000,0.000000,0.000000,0
2387,39.771973,39.771973,1,515.696350,564.019958,55.622505,60.834644,95,1,829.099243,485.520081,89.425835,52.367722,30,0,0.000000,0.000000,0.000000,0.000000,0,0,0.000000,0.000000,0.000000,0.000000,0
2389,39.805298,39.805298,1,509.928101,537.197449,55.000347,57.941593,100,1,829.001831,483.063416,89.415329,52.102749,35,0,0.000000,0.000000,0.000000,0.000000,0,0,0.000000,0.000000,0.000000,0.000000,0
2392,39.838623,39.838623,1,506.015625,510.141754,54.578350,55.023392,98,1,829.162720,481.379974,89.432678,51.921173,43,0,0.000000,0.000000,0.000000,0.000000,0,0,0.000000,0.000000,0.000000,0.000000,0
2396,39.871948,39.871948,1,504.765076,483.749969,54.443466,52.176800,97,1,828.548462,482.140503,89.366425,52.003204,49,0,0.000000,0.000000,0.000000,0.000000,0,0,0.000000,0.000000,0.000000,0.000000,0
2398,39.905273,39.905273,1,506.308350,456.787354,54.609924,49.268639,94,1,831.528137,482.752991,89.687813,52.069267,45,0,0.000000,0.000000,0.000000,0.000000,0,0,0.000000,0.000000,0.000000,0.000000,0
2400,39.938721,39.938721,1,510.424622,430.229980,55.053902,46.404186,94,1,833.262695,482.023132,89.874901,51.990543,57,0,0.000000,0.000000,0.000000,0.000000,0,0,0.000000,0.000000,0.000000,0.000000,0
2402,39.972046,39.972046,1,516.479675,403.872681,55.706993,43.561314,91,1,835.023254,482.940918,90.064796,52.089535,40,0,0.000000,0.000000,0.000000,0.000000,0,0,0.000000,0.000000,0.000000,0.000000,0
2405,40.005371,40.005371,1,525.134277,378.428162,56.640472,40.816895,94,1,836.694580,485.644653,90.245064,52.381157,17,0,0.000000,0.000000,0.000000,0.000000,0,0,0.000000,0.000000,0.000000,0.000000,0
2407,40.038696,40.038696,1,535.928467,352.425293,57.804722,38.012249,93,1,837.262817,486.133057,90.306351,52.433838,31,0,0.000000,0.000000,0.000000,0.000000,0,0,0.000000,0.000000,0.000000,0.000000,0
2409,40.072021,40.072021,1,549.126343,328.379486,59.228230,35.418690,92,1,837.330933,484.732422,90.313698,52.282768,45,0,0.000000,0.000000,0.000000,0.000000,0,0,0.000000,0.000000,0.000000,0.000000,0
2412,40.105347,40.105347,1,564.320557,304.853882,60.867062,32.881241,95,1,836.714905,484.445740,90.247253,52.251846,48,0,0.000000,0.000000,0.000000,0.000000,0,0,0.000000,0.000000,0.000000,0.000000,0
2414,40.138672,40.138672,1,582.195557,282.707886,62.795044,30.492596,89,1,836.845398,483.519257,90.261330,52.151917,29,0,0.000000,0.000000,0.000000,0.000000,0,0,0.000000,0.000000,0.000000,0.000000,0
2418,40.171997,40.171997,1,601.426941,262.656769,64.869324,28.329903,91,1,835.104370,483.316284,90.073540,52.130020,40,0,0.000000,0.000000,0.000000,0.000000,0,0,0.000000,0.000000,0.000000,0.000000,0
2420,40.205322,40.205322,1,622.435181,243.989777,67.135254,26.316498,87,1,833.860352,483.881531,89.939362,52.190990,56,0,0.000000,0.000000,0.000000,0.000000,0,0,0.000000,0.000000,0.000000,0.000000,0
2422,40.238770,40.238770,1,645.330322,226.706726,69.604698,24.452366,85,1,834.774902,485.187958,90.038002,52.331898,33,0,0.000000,0.000000,0.000000,0.000000,0,0,0.000000,0.000000,0.000000,0.000000,0
2425,40.272095,40.272095,1,670.475281,210.995667,72.316811,22.757788,91,1,836.612366,485.016052,90.236191,52.313354,32,0,0.000000,0.000000,0.000000,0.000000,0,0,0.000000,0.000000,0.000000,0.000000,0
2427,40.305420,40.305420,1,696.257202,198.484070,75.097618,21.408298,95,1,836.407166,483.815826,90.214058,52.183903,45,0,0.000000,0.000000,0.000000,0.000000,0,0,0.000000,0.000000,0.000000,0.000000,0
2430,40.338745,40.338745,1,725.695007,186.761276,78.272758,20.143888,92,1,834.890869,484.829987,90.050514,52.293289,43,0,0.000000,0.000000,0.000000,0.000000,0,0,0.000000,0.000000,0.000000,0.000000,0
2433,40.372070,40.372070,1,753.286072,178.358429,81.248703,19.237566,92,1,837.456726,484.980408,90.327263,52.309513,41,0,0.000000,0.000000,0.000000,0.000000,0,0,0.000000,0.000000,0.000000,0.000000,0
2434,40.405396,40.405396,1,783.367310,172.466705,84.493233,18.602091,99,1,838.909363,484.633148,90.483940,52.272057,39,0,0.000000,0.000000,0.000000,0.000000,0,0,0.000000,0.000000,0.000000,0.000000,0
2438,40.438721,40.438721,1,812.247131,169.418304,87.608185,18.273293,91,1,839.512085,486.432434,90.548958,52.466125,50,0,0.000000,0.000000,0.000000,0.000000,0,0,0.000000,0.000000,0.000000,0.000000,0
2440,40.472046,40.472046,1,842.055298,169.415802,90.823257,18.273024,91,1,842.862488,485.175415,90.910324,52.330547,49,0,0.000000,0.000000,0.000000,0.000000,0,0,0.000000,0.000000,0.000000,0.000000,0
2442,40.505371,40.505371,1,870.038513,171.171234,93.841499,18.462362,83,1,846.091064,486.046478,91.258553,52.424496,36,0,0.000000,0.000000,0.000000,0.000000,0,0,0.000000,0.000000,0.000000,0.000000,0
2445,40.538818,40.538818,1,900.719604,175.839218,97.150742,18.965847,83,1,845.531738,484.783508,91.198227,52.288277,47,0,0.000000,0.000000,0.000000,0.000000,0,0,0.000000,0.000000,0.000000,0.000000,0
2447,40.572144,40.572144,1,929.624939,182.177780,100.268440,19.649517,86,1,844.991394,486.667358,91.139946,52.491467,61,0,0.000000,0.000000,0.000000,0.000000,0,0,0.000000,0.000000,0.000000,0.000000,0
2450,40.605469,40.605469,1,957.741821,191.461258,103.301102,20.650826,89,1,846.182495,488.363373,91.268417,52.674397,45,0,0.000000,0.000000,0.000000,0.000000,0,0,0.000000,0.000000,0.000000,0.000000,0
2452,40.638794,40.638794,1,984.870056,202.942657,106.227119,21.889196,90,1,846.227356,490.050049,91.273262,52.856319,36,0,0.000000,0.000000,0.000000,0.000000,0,0,0.000000,0.000000,0.000000,0.000000,0
2454,40.672119,40.672119,1,1011.058960,217.569199,109.051826,23.466803,85,1,844.959839,490.645966,91.136543,52.920597,64,0,0.000000,0.000000,0.000000,0.000000,0,0,0.000000,0.000000,0.000000,0.000000,0
2458,40.705444,40.705444,1,1035.631714,233.444519,111.702217,25.179098,94,1,841.879089,491.427826,90.804253,53.004925,58,0,0.000000,0.000000,0.000000,0.000000,0,0,0.000000,0.000000,0.000000,0.000000,0
2460,40.738770,40.738770,1,1058.475342,250.840805,114.166115,27.055443,95,1,842.063904,492.321075,90.824188,53.101273,59,0,0.000000,0.000000,0.000000,0.000000,0,0,0.000000,0.000000,0.000000,0.000000,0
2463,40.772095,40.772095,1,1079.334717,270.778168,116.415985,29.205868,95,1,841.625244,493.329163,90.776878,53.210003,49,0,0.000000,0.000000,0.000000,0.000000,0,0,0.000000,0.000000,0.000000,0.000000,0
2465,40.805420,40.805420,1,1097.579102,291.255615,118.383812,31.414547,90,1,840.760559,493.171448,90.683617,53.192993,58,0,0.000000,0.000000,0.000000,0.000000,0,0,0.000000,0.000000,0.000000,0.000000,0
2467,40.838745,40.838745,1,1114.627808,314.207001,120.222664,33.890060,92,1,838.832031,493.965881,90.475609,53.278675,67,0,0.000000,0.000000,0.000000,0.000000,0,0,0.000000,0.000000,0.000000,0.000000,0
2470,40.872192,40.872192,1,1128.907227,336.747864,121.762833,36.321297,96,1,839.433167,493.365265,90.540436,53.213898,50,0,0.000000,0.000000,0.000000,0.000000,0,0,0.000000,0.000000,0.000000,0.000000,0
2473,40.905518,40.905518,1,1142.610107,361.517120,123.240814,38.992882,88,1,839.587524,494.837158,90.557091,53.372650,47,0,0.000000,0.000000,0.000000,0.000000,0,0,0.000000,0.000000,0.000000,0.000000,0
2475,40.938843,40.938843,1,1154.238037,386.665344,124.494987,41.705345,92,1,840.525330,495.365845,90.658241,53.429676,67,0,0.000000,0.000000,0.000000,0.000000,0,0,0.000000,0.000000,0.000000,0.000000,0
2477,40.972168,40.972168,1,1162.942505,411.286530,125.433838,44.360962,89,1,842.900940,496.135742,90.914467,53.512718,53,0,0.000000,0.000000,0.000000,0.000000,0,0,0.000000,0.000000,0.000000,0.000000,0
2480,41.005493,41.005493,1,1169.760132,438.169128,126.169182,47.260494,94,1,846.755737,497.637573,91.330246,53.674702,47,0,0.000000,0.000000,0.000000,0.000000,0,0,0.000000,0.000000,0.000000,0.000000,0
2482,41.038818,41.038818,1,1173.598389,464.505707,126.583176,50.101131,96,1,847.475891,497.703400,91.407921,53.681805,46,0,0.000000,0.000000,0.000000,0.000000,0,0,0.000000,0.000000,0.000000,0.000000,0
2484,41.072144,41.072144,1,1176.549072,490.174500,126.901436,52.869743,86,1,845.798462,499.182861,91.226997,53.841373,54,0,0.000000,0.000000,0.000000,0.000000,0,0,0.000000,0.000000,0.000000,0.000000,0
2488,41.105469,41.105469,1,1176.828735,516.467468,126.931595,55.705677,83,1,847.425293,498.569824,91.402466,53.775253,58,0,0.000000,0.000000,0.000000,0.000000,0,0,0.000000,0.000000,0.000000,0.000000,0
2490,41.138794,41.138794,1,1175.793457,541.996948,126.819939,58.459263,85,1,850.950806,500.378601,91.782722,53.970345,48,0,0.000000,0.000000,0.000000,0.000000,0,0,0.000000,0.000000,0.000000,0.000000,0
2492,41.172241,41.172241,1,1173.334961,567.706665,126.554764,61.232285,85,1,850.627014,499.526428,91.747803,53.878433,26,0,0.000000,0.000000,0.000000,0.000000,0,0,0.000000,0.000000,0.000000,0.000000,0
2495,41.205566,41.205566,1,1168.493530,592.353943,126.032562,63.890717,83,1,848.901672,498.525696,91.561707,53.770493,42,0,0.000000,0.000000,0.000000,0.000000,0,0,0.000000,0.000000,0.000000,0.000000,0
2497,41.238892,41.238892,1,1162.121826,618.195740,125.345322,66.677986,84,1,845.524292,501.239380,91.197426,54.063190,50,0,0.000000,0.000000,0.000000,0.000000,0,0,0.000000,0.000000,0.000000,0.000000,0
2501,41.272217,41.272217,1,1153.610840,642.457642,124.427345,69.294853,86,1,845.657654,502.568298,91.211807,54.206524,44,0,0.000000,0.000000,0.000000,0.000000,0,0,0.000000,0.000000,0.000000,0.000000,0
2503,41.305542,41.305542,1,1143.847656,666.067261,123.374290,71.841362,94,1,844.500732,502.593689,91.087021,54.209263,35,0,0.000000,0.000000,0.000000,0.000000,0,0,0.000000,0.000000,0.000000,0.000000,0
2505,41.338867,41.338867,1,1131.092407,687.816101,121.998520,74.187180,91,1,841.913330,501.004517,90.807945,54.037861,43,0,0.000000,0.000000,0.000000,0.000000,0,0,0.000000,0.000000,0.000000,0.000000,0
2508,41.372192,41.372192,1,1117.558594,708.685242,120.538773,76.438095,95,1,839.124146,502.365662,90.507111,54.184669,54,0,0.000000,0.000000,0.000000,0.000000,0,0,0.000000,0.000000,0.000000,0.000000,0
2509,41.405518,41.405518,1,1101.607788,729.835449,118.818336,78.719337,93,1,838.682983,502.555878,90.459526,54.205189,53,0,0.000000,0.000000,0.000000,0.000000,0,0,0.000000,0.000000,0.000000,0.000000,0
2513,41.438843,41.438843,1,1085.517212,747.892090,117.082832,80.666908,92,1,835.703918,501.912842,90.138206,54.135826,53,0,0.000000,0.000000,0.000000,0.000000,0,0,0.000000,0.000000,0.000000,0.000000,0
2515,41.472290,41.472290,1,1066.593262,766.143066,115.041718,82.635445,89,1,835.224609,499.983398,90.086510,53.927723,55,0,0.000000,0.000000,0.000000,0.000000,0,0,0.000000,0.000000,0.000000,0.000000,0
2517,41.505615,41.505615,1,1048.252808,783.504883,113.063522,84.508072,84,1,839.288452,500.511841,90.524826,53.984718,44,0,0.000000,0.000000,0.000000,0.000000,0,0,0.000000,0.000000,0.000000,0.000000,0
2520,41.538940,41.538940,1,1027.723511,799.794250,110.849258,86.265030,92,1,840.977844,501.049072,90.707047,54.042664,44,0,0.000000,0.000000,0.000000,0.000000,0,0,0.000000,0.000000,0.000000,0.000000,0
2522,41.572266,41.572266,1,1006.196594,814.386902,108.527382,87.838974,89,1,840.897217,500.417572,90.698349,53.974552,53,0,0.000000,0.000000,0.000000,0.000000,0,0,0.000000,0.000000,0.000000,0.000000,0
2526,41.605591,41.605591,1,983.963928,827.161865,106.129387,89.216866,82,1,844.062378,501.571625,91.039742,54.099026,60,0,0.000000,0.000000,0.000000,0.000000,0,0,0.000000,0.000000,0.000000,0.000000,0
2528,41.638916,41.638916,1,961.143066,837.288757,103.667953,90.309151,78,1,847.587830,502.071625,91.419998,54.152954,52,0,0.000000,0.000000,0.000000,0.000000,0,0,0.000000,0.000000,0.000000,0.000000,0
2530,41.672241,41.672241,1,937.464233,846.557800,101.113976,91.308899,78,1,848.687195,503.259674,91.538574,54.281097,50,0,0.000000,0.000000,0.000000,0.000000,0,0,0.000000,0.000000,0.000000,0.000000,0
2533,41.705566,41.705566,1,914.104431,853.887634,98.594406,92.099487,87,1,848.906677,501.689026,91.562241,54.111687,59,0,0.000000,0.000000,0.000000,0.000000,0,0,0.000000,0.000000,0.000000,0.000000,0
2535,41.738892,41.738892,1,889.787598,859.967285,95.971626,92.755234,89,1,849.831055,503.674591,91.661949,54.325851,61,0,0.000000,0.000000,0.000000,0.000000,0,0,0.000000,0.000000,0.000000,0.000000,0
2537,41.772217,41.772217,1,865.833801,863.755432,93.387985,93.163818,88,1,847.406311,504.687500,91.400414,54.435101,44,0,0.000000,0.000000,0.000000,0.000000,0,0,0.000000,0.000000,0.000000,0.000000,0
2539,41.805664,41.805664,1,843.019836,865.793823,90.927299,93.383682,88,1,850.078735,505.636566,91.688660,54.537464,41,0,0.000000,0.000000,0.000000,0.000000,0,0,0.000000,0.000000,0.000000,0.000000,0
2543,41.838989,41.838989,1,818.541870,866.356873,88.287125,93.444405,96,1,851.072571,505.447906,91.795860,54.517117,47,0,0.000000,0.000000,0.000000,0.000000,0,0,0.000000,0.000000,0.000000,0.000000,0
2545,41.872314,41.872314,1,794.872009,865.191956,85.734123,93.318764,97,1,852.479553,504.749359,91.947617,54.441772,51,0,0.000000,0.000000,0.000000,0.000000,0,0,0.000000,0.000000,0.000000,0.000000,0
2547,41.905640,41.905640,1,770.615356,862.228577,83.117821,92.999130,100,1,853.529236,503.411102,92.060837,54.297428,59,0,0.000000,0.000000,0.000000,0.000000,0,0,0.000000,0.000000,0.000000,0.000000,0
2550,41.938965,41.938965,1,747.077515,857.043823,80.579048,92.439911,100,1,854.613464,503.092346,92.177773,54.263050,51,0,0.000000,0.000000,0.000000,0.000000,0,0,0.000000,0.000000,0.000000,0.000000,0
2552,41.972290,41.972290,1,724.165100,850.193481,78.107742,91.701042,104,1,854.328796,503.319611,92.147072,54.287560,58,0,0.000000,0.000000,0.000000,0.000000,0,0,0.000000,0.000000,0.000000,0.000000,0
2556,42.005615,42.005615,1,701.476379,841.833313,75.660553,90.799324,100,1,857.373474,504.434753,92.475464,54.407841,52,0,0.000000,0.000000,0.000000,0.000000,0,0,0.000000,0.000000,0.000000,0.000000,0
2558,42.038940,42.038940,1,678.842468,832.026428,73.219284,89.741554,97,1,858.810303,507.790619,92.630440,54.769798,48,0,0.000000,0.000000,0.000000,0.000000,0,0,0.000000,0.000000,0.000000,0.000000,0
2560,42.072266,42.072266,1,658.067810,820.672302,70.978554,88.516914,97,1,858.569824,511.874695,92.604507,55.210304,48,0,0.000000,0.000000,0.000000,0.000000,0,0,0.000000,0.000000,0.000000,0.000000,0
2562,42.105713,42.105713,1,637.768677,807.711914,68.789108,87.119019,99,1,856.832581,514.051025,92.417122,55.445042,50,0,0.000000,0.000000,0.000000,0.000000,0,0,0.000000,0.000000,0.000000,0.000000,0
2564,42.139038,42.139038,1,618.759644,793.242920,66.738815,85.558403,88,1,858.177551,517.062744,92.562195,55.769882,55,0,0.000000,0.000000,0.000000,0.000000,0,0,0.000000,0.000000,0.000000,0.000000,0
2568,42.172363,42.172363,1,599.966248,776.965271,64.711769,83.802719,95,1,855.004639,517.761169,92.219963,55.845215,48,0,0.000000,0.000000,0.000000,0.000000,0,0,0.000000,0.000000,0.000000,0.000000,0
2570,42.205688,42.205688,1,581.987000,758.013245,62.772549,81.758568,95,1,853.725647,516.104614,92.082016,55.666542,35,0,0.000000,0.000000,0.000000,0.000000,0,0,0.000000,0.000000,0.000000,0.000000,0
2572,42.239014,42.239014,1,565.065063,738.508667,60.947365,79.654823,91,1,852.333862,513.416687,91.931900,55.376625,49,0,0.000000,0.000000,0.000000,0.000000,0,0,0.000000,0.000000,0.000000,0.000000,0
2576,42.272339,42.272339,1,550.140442,718.305847,59.337612,77.475769,90,1,849.539612,514.448486,91.630508,55.487915,54,0,0.000000,0.000000,0.000000,0.000000,0,0,0.000000,0.000000,0.000000,0.000000,0
2578,42.305664,42.305664,1,536.177917,696.941895,57.831627,75.171471,92,1,846.772522,514.995483,91.332054,55.546909,43,0,0.000000,0.000000,0.000000,0.000000,0,0,0.000000,0.000000,0.000000,0.000000,0
2580,42.338989,42.338989,1,523.960022,674.781128,56.513813,72.781235,88,1,846.960144,515.196594,91.352295,55.568604,51,0,0.000000,0.000000,0.000000,0.000000,0,0,0.000000,0.000000,0.000000,0.000000,0
2583,42.372314,42.372314,1,513.378174,650.430969,55.372471,70.154854,92,1,845.119812,515.974670,91.153801,55.652523,55,0,0.000000,0.000000,0.000000,0.000000,0,0,0.000000,0.000000,0.000000,0.000000,0
2585,42.405762,42.405762,1,505.030396,626.411865,54.472084,67.564171,94,1,844.287720,517.286865,91.064049,55.794056,48,0,0.000000,0.000000,0.000000,0.000000,0,0,0.000000,0.000000,0.000000,0.000000,0
2587,42.439087,42.439087,1,498.259155,601.369568,53.741749,64.863136,96,1,844.059998,519.541748,91.039490,56.037266,41,0,0.000000,0.000000,0.000000,0.000000,0,0,0.000000,0.000000,0.000000,0.000000,0
2589,42.472412,42.472412,1,493.376343,574.464111,53.215092,61.961136,101,1,839.619385,520.397034,90.560524,56.129517,52,0,0.000000,0.000000,0.000000,0.000000,0,0,0.000000,0.000000,0.000000,0.000000,0
2592,42.505737,42.505737,1,490.367371,547.934692,52.890545,59.099701,100,1,835.970398,518.458374,90.166954,55.920414,51,0,0.000000,0.000000,0.000000,0.000000,0,0,0.000000,0.000000,0.000000,0.000000,0
2596,42.539062,42.539062,1,490.108887,519.160950,52.862667,55.996197,94,1,834.305298,516.888428,89.987358,55.751083,54,0,0.000000,0.000000,0.000000,0.000000,0,0,0.000000,0.000000,0.000000,0.000000,0
2598,42.572388,42.572388,1,492.092590,492.164764,53.076626,53.084412,97,1,832.499695,513.925781,89.792603,55.431534,40,0,0.000000,0.000000,0.000000,0.000000,0,0,0.000000,0.000000,0.000000,0.000000,0
2599,42.605713,42.605713,1,495.287476,464.949249,53.421223,50.148972,86,1,831.771973,512.617615,89.714111,55.290436,55,0,0.000000,0.000000,0.000000,0.000000,0,0,0.000000,0.000000,0.000000,0.000000,0
2601,42.639038,42.639038,1,500.712555,437.144745,54.006367,47.150005,88,1,830.075195,511.953308,89.531097,55.218784,49,0,0.000000,0.000000,0.000000,0.000000,0,0,0.000000,0.000000,0.000000,0.000000,0
2605,42.672363,42.672363,1,509.227814,410.485352,54.924812,44.274551,93,1,829.962402,513.656128,89.518936,55.402451,51,0,0.000000,0.000000,0.000000,0.000000,0,0,0.000000,0.000000,0.000000,0.000000,0
2608,42.705688,42.705688,1,519.259216,384.353424,56.006790,41.455986,91,1,831.910095,514.232361,89.729012,55.464600,57,0,0.000000,0.000000,0.000000,0.000000,0,0,0.000000,0.000000,0.000000,0.000000,0
2610,42.739136,42.739136,1,531.725281,359.848419,57.351368,38.812901,99,1,829.806824,516.273132,89.502159,55.684711,62,0,0.000000,0.000000,0.000000,0.000000,0,0,0.000000,0.000000,0.000000,0.000000,0
2612,42.772461,42.772461,1,548.013245,335.396912,59.108170,36.175583,86,1,829.690979,513.237061,89.489662,55.357250,54,0,0.000000,0.000000,0.000000,0.000000,0,0,0.000000,0.000000,0.000000,0.000000,0
2614,42.805786,42.805786,1,564.736450,312.006317,60.911926,33.652695,89,1,829.996399,513.109314,89.522606,55.343468,50,0,0.000000,0.000000,0.000000,0.000000,0,0,0.000000,0.000000,0.000000,0.000000,0
2617,42.839111,42.839111,1,584.426758,290.654907,63.035702,31.349754,92,1,827.409729,510.468933,89.243607,55.058681,51,0,0.000000,0.000000,0.000000,0.000000,0,0,0.000000,0.000000,0.000000,0.000000,0
2620,42.872437,42.872437,1,604.038696,271.198517,65.151024,29.251207,94,1,827.802979,510.355591,89.286018,55.046455,53,0,0.000000,0.000000,0.000000,0.000000,0,0,0.000000,0.000000,0.000000,0.000000,0
2621,42.905762,42.905762,1,627.338257,254.078674,67.664093,27.404676,87,1,829.033569,509.657135,89.418747,54.971119,50,0,0.000000,0.000000,0.000000,0.000000,0,0,0.000000,0.000000,0.000000,0.000000,0
2625,42.939087,42.939087,1,652.303223,238.524048,70.356789,25.726971,97,1,830.756042,508.262787,89.604538,54.820728,39,0,0.000000,0.000000,0.000000,0.000000,0,0,0.000000,0.000000,0.000000,0.000000,0
2627,42.972412,42.972412,1,677.903931,226.035309,73.118057,24.379948,94,1,829.479187,506.462433,89.466820,54.626545,42,0,0.000000,0.000000,0.000000,0.000000,0,0,0.000000,0.000000,0.000000,0.000000,0
2630,43.005737,43.005737,1,705.918335,214.873718,76.139664,23.176069,89,1,830.307129,507.421967,89.556114,54.730038,57,0,0.000000,0.000000,0.000000,0.000000,0,0,0.000000,0.000000,0.000000,0.000000,0
2632,43.039185,43.039185,1,734.092346,205.760330,79.178482,22.193108,90,1,832.648804,506.992584,89.808685,54.683723,47,0,0.000000,0.000000,0.000000,0.000000,0,0,0.000000,0.000000,0.000000,0.000000,0
2634,43.072510,43.072510,1,763.667053,199.650040,82.368385,21.534058,98,1,833.414001,507.389130,89.891220,54.726498,47,0,0.000000,0.000000,0.000000,0.000000,0,0,0.000000,0.000000,0.000000,0.000000,0
2637,43.105835,43.105835,1,793.014587,196.726334,85.533783,21.218710,91,1,833.671997,506.828918,89.919052,54.666069,60,0,0.000000,0.000000,0.000000,0.000000,0,0,0.000000,0.000000,0.000000,0.000000,0
2640,43.139160,43.139160,1,823.745667,197.201523,88.848404,21.269964,100,1,833.155762,506.715210,89.863365,54.653809,61,0,0.000000,0.000000,0.000000,0.000000,0,0,0.000000,0.000000,0.000000,0.000000,0
2641,43.172485,43.172485,1,853.682678,199.514832,92.077385,21.519474,100,1,834.495972,503.778748,90.007919,54.337086,44,0,0.000000,0.000000,0.000000,0.000000,0,0,0.000000,0.000000,0.000000,0.000000,0
2645,43.205811,43.205811,1,884.012451,205.466049,95.348717,22.161367,91,1,833.829834,504.253143,89.936073,54.388252,32,0,0.000000,0.000000,0.000000,0.000000,0,0,0.000000,0.000000,0.000000,0.000000,0
2647,43.239136,43.239136,1,912.260986,213.434860,98.395584,23.020876,90,1,832.056946,503.307770,89.744850,54.286285,54,0,0.000000,0.000000,0.000000,0.000000,0,0,0.000000,0.000000,0.000000,0.000000,0
2650,43.272461,43.272461,1,940.406860,225.517746,101.431366,24.324125,94,1,830.880066,503.347839,89.617912,54.290607,51,0,0.000000,0.000000,0.000000,0.000000,0,0,0.000000,0.000000,0.000000,0.000000,0
2652,43.305786,43.305786,1,968.924988,240.396973,104.507301,25.928984,85,1,831.654053,502.791809,89.701393,54.230637,39,0,0.000000,0.000000,0.000000,0.000000,0,0,0.000000,0.000000,0.000000,0.000000,0
2655,43.339233,43.339233,1,995.186584,257.244720,107.339851,27.746164,91,1,830.595398,502.540649,89.587212,54.203545,45,0,0.000000,0.000000,0.000000,0.000000,0,0,0.000000,0.000000,0.000000,0.000000,0
2658,43.372559,43.372559,1,1019.076904,275.974976,109.916641,29.766392,92,1,829.924133,500.627472,89.514809,53.997189,54,0,0.000000,0.000000,0.000000,0.000000,0,0,0.000000,0.000000,0.000000,0.000000,0
2660,43.405884,43.405884,1,1041.844604,297.377625,112.372345,32.074863,92,1,828.231750,500.595062,89.332268,53.993694,62,0,0.000000,0.000000,0.000000,0.000000,0,0,0.000000,0.000000,0.000000,0.000000,0
2663,43.439209,43.439209,1,1061.108032,320.859711,114.450081,34.607616,97,1,828.670654,498.786469,89.379608,53.798622,39,0,0.000000,0.000000,0.000000,0.000000,0,0,0.000000,0.000000,0.000000,0.000000,0
2665,43.472534,43.472534,1,1077.682007,346.849030,116.237724,37.410797,100,1,826.847168,499.251770,89.182922,53.848808,43,0,0.000000,0.000000,0.000000,0.000000,0,0,0.000000,0.000000,0.000000,0.000000,0
2667,43.505859,43.505859,1,1091.575317,372.148468,117.736244,40.139572,85,1,826.629700,499.324524,89.159470,53.856655,58,0,0.000000,0.000000,0.000000,0.000000,0,0,0.000000,0.000000,0.000000,0.000000,0
2670,43.539185,43.539185,1,1102.923096,399.916962,118.960205,43.134655,92,1,826.695557,500.788177,89.166573,54.014523,49,0,0.000000,0.000000,0.000000,0.000000,0,0,0.000000,0.000000,0.000000,0.000000,0
2672,43.572510,43.572510,1,1112.757812,428.427063,120.020966,46.209724,89,1,829.265747,500.468994,89.443794,53.980099,46,0,0.000000,0.000000,0.000000,0.000000,0,0,0.000000,0.000000,0.000000,0.000000,0
2674,43.605835,43.605835,1,1119.467896,457.255280,120.744705,49.319111,86,1,828.157471,499.724091,89.324257,53.899754,53,0,0.000000,0.000000,0.000000,0.000000,0,0,0.000000,0.000000,0.000000,0.000000,0
2678,43.639160,43.639160,1,1123.435181,485.973938,121.172630,52.416676,86,1,828.073608,497.659698,89.315216,53.677090,59,0,0.000000,0.000000,0.000000,0.000000,0,0,0.000000,0.000000,0.000000,0.000000,0
2680,43.672607,43.672607,1,1124.836426,515.221008,121.323753,55.571232,85,1,828.022339,502.892212,89.309685,54.241463,60,0,0.000000,0.000000,0.000000,0.000000,0,0,0.000000,0.000000,0.000000,0.000000,0
2682,43.705933,43.705933,1,1122.571045,544.078796,121.079422,58.683807,88,1,827.727722,504.007202,89.277901,54.361725,51,0,0.000000,0.000000,0.000000,0.000000,0,0,0.000000,0.000000,0.000000,0.000000,0
2684,43.739258,43.739258,1,1118.836182,572.978149,120.676575,61.800861,83,1,827.845703,504.137177,89.290627,54.375744,58,0,0.000000,0.000000,0.000000,0.000000,0,0,0.000000,0.000000,0.000000,0.000000,0
2687,43.772583,43.772583,1,1112.067749,600.271118,119.946533,64.744659,91,1,829.329529,503.933014,89.450676,54.353722,66,0,0.000000,0.000000,0.000000,0.000000,0,0,0.000000,0.000000,0.000000,0.000000,0
2691,43.805908,43.805908,1,1102.914551,627.418396,118.959282,67.672729,93,1,830.678101,504.336578,89.596130,54.397251,59,0,0.000000,0.000000,0.000000,0.000000,0,0,0.000000,0.000000,0.000000,0.000000,0
2693,43.839233,43.839233,1,1090.506592,654.583801,117.620979,70.602776,98,1,832.330017,503.727875,89.774300,54.331596,58,0,0.000000,0.000000,0.000000,0.000000,0,0,0.000000,0.000000,0.000000,0.000000,0
2695,43.872559,43.872559,1,1075.809204,678.276001,116.035728,73.158188,102,1,831.203064,504.822235,89.652748,54.449631,68,0,0.000000,0.000000,0.000000,0.000000,0,0,0.000000,0.000000,0.000000,0.000000,0
2696,43.905884,43.905884,1,1058.976074,700.900330,114.220123,75.598427,98,1,830.718384,500.590271,89.600479,53.993176,66,0,0.000000,0.000000,0.000000,0.000000,0,0,0.000000,0.000000,0.000000,0.000000,0
2700,43.939209,43.939209,1,1040.666992,722.494751,112.245323,77.927574,100,1,826.432373,500.175232,89.138191,53.948414,62,0,0.000000,0.000000,0.000000,0.000000,0,0,0.000000,0.000000,0.000000,0.000000,0
2702,43.972656,43.972656,1,1021.158997,741.821350,110.141212,80.012131,101,1,823.287537,499.227997,88.798988,53.846245,61,0,0.000000,0.000000,0.000000,0.000000,0,0,0.000000,0.000000,0.000000,0.000000,0
2704,44.005981,44.005981,1,999.847961,759.322693,107.842628,81.899803,99,1,822.386475,498.152924,88.701805,53.730289,65,0,0.000000,0.000000,0.000000,0.000000,0,0,0.000000,0.000000,0.000000,0.000000,0
2707,44.039307,44.039307,1,976.480835,773.745911,105.322273,83.455475,97,1,822.863647,498.312744,88.753273,53.747524,67,0,0.000000,0.000000,0.000000,0.000000,0,0,0.000000,0.000000,0.000000,0.000000,0
2709,44.072632,44.072632,1,951.302063,787.179993,102.606514,84.904465,83,1,823.982544,496.273682,88.873947,53.527596,64,0,0.000000,0.000000,0.000000,0.000000,0,0,0.000000,0.000000,0.000000,0.000000,0
2713,44.105957,44.105957,1,925.865295,796.921631,99.862923,85.955185,87,1,825.013123,494.423859,88.985115,53.328075,61,0,0.000000,0.000000,0.000000,0.000000,0,0,0.000000,0.000000,0.000000,0.000000,0
2715,44.139282,44.139282,1,899.252441,805.284912,96.992493,86.857246,85,1,826.918884,493.965912,89.190666,53.278683,66,0,0.000000,0.000000,0.000000,0.000000,0,0,0.000000,0.000000,0.000000,0.000000,0
2717,44.172607,44.172607,1,871.028198,811.753479,93.948250,87.554939,87,1,830.177124,494.481323,89.542091,53.334274,63,0,0.000000,0.000000,0.000000,0.000000,0,0,0.000000,0.000000,0.000000,0.000000,0
2720,44.205933,44.205933,1,844.739258,815.505676,91.112755,87.959648,94,1,833.693909,495.878998,89.921417,53.485023,58,0,0.000000,0.000000,0.000000,0.000000,0,0,0.000000,0.000000,0.000000,0.000000,0
2722,44.239258,44.239258,1,816.723083,816.228638,88.090958,88.037628,105,1,837.935059,500.239288,90.378860,53.955322,56,0,0.000000,0.000000,0.000000,0.000000,0,0,0.000000,0.000000,0.000000,0.000000,0
2725,44.272705,44.272705,1,789.236633,814.046021,85.126289,87.802208,103,1,841.492065,503.831573,90.762512,54.342781,52,0,0.000000,0.000000,0.000000,0.000000,0,0,0.000000,0.000000,0.000000,0.000000,0
2727,44.306030,44.306030,1,761.116333,809.030640,82.093262,87.261261,104,1,844.964172,506.324371,91.137009,54.611652,61,0,0.000000,0.000000,0.000000,0.000000,0,0,0.000000,0.000000,0.000000,0.000000,0
2729,44.339355,44.339355,1,733.714722,801.945984,79.137749,86.497108,110,1,844.469421,504.595398,91.083649,54.425167,63,0,0.000000,0.000000,0.000000,0.000000,0,0,0.000000,0.000000,0.000000,0.000000,0
2733,44.372681,44.372681,1,705.988281,792.217651,76.147209,85.447823,104,1,842.240295,503.713043,90.843216,54.329998,55,0,0.000000,0.000000,0.000000,0.000000,0,0,0.000000,0.000000,0.000000,0.000000,0
2735,44.406006,44.406006,1,679.902527,779.394409,73.333618,84.064720,102,1,840.072571,504.532654,90.609406,54.418400,51,0,0.000000,0.000000,0.000000,0.000000,0,0,0.000000,0.000000,0.000000,0.000000,0
2737,44.439331,44.439331,1,654.527344,765.683472,70.596680,82.585869,98,1,838.566162,505.285828,90.446930,54.499638,55,0,0.000000,0.000000,0.000000,0.000000,0,0,0.000000,0.000000,0.000000,0.000000,0
2741,44.472656,44.472656,1,629.898438,749.326111,67.940231,80.821587,104,1,836.263000,503.465302,90.198509,54.303276,64,0,0.000000,0.000000,0.000000,0.000000,0,0,0.000000,0.000000,0.000000,0.000000,0
2743,44.505981,44.505981,1,607.377197,731.587158,65.511116,78.908272,91,1,835.883118,502.601227,90.157532,54.210075,58,0,0.000000,0.000000,0.000000,0.000000,0,0,0.000000,0.000000,0.000000,0.000000,0
2744,44.539307,44.539307,1,586.687622,712.146240,63.279556,76.811394,94,1,836.496643,502.048309,90.223709,54.150440,57,0,0.000000,0.000000,0.000000,0.000000,0,0,0.000000,0.000000,0.000000,0.000000,0
2746,44.572632,44.572632,1,568.477783,691.377075,61.315460,74.571259,94,1,835.773560,500.780914,90.145721,54.013741,57,0,0.000000,0.000000,0.000000,0.000000,0,0,0.000000,0.000000,0.000000,0.000000,0
2750,44.606079,44.606079,1,552.723206,668.914673,59.616188,72.148483,96,1,837.231018,496.068756,90.302917,53.505493,60,0,0.000000,0.000000,0.000000,0.000000,0,0,0.000000,0.000000,0.000000,0.000000,0
2753,44.639404,44.639404,1,538.738159,643.910889,58.107769,69.451599,96,1,837.475281,494.630646,90.329262,53.350380,61,0,0.000000,0.000000,0.000000,0.000000,0,0,0.000000,0.000000,0.000000,0.000000,0
2755,44.672729,44.672729,1,527.310303,617.615967,56.875175,66.615456,95,1,838.023438,492.034454,90.388390,53.070358,52,0,0.000000,0.000000,0.000000,0.000000,0,0,0.000000,0.000000,0.000000,0.000000,0
2757,44.706055,44.706055,1,517.866943,590.442017,55.856621,63.684498,99,1,838.513489,492.080505,90.441246,53.075321,58,0,0.000000,0.000000,0.000000,0.000000,0,0,0.000000,0.000000,0.000000,0.000000,0
2759,44.739380,44.739380,1,511.119904,561.788757,55.128895,60.593990,98,1,838.634094,491.350250,90.454254,52.996555,55,0,0.000000,0.000000,0.000000,0.000000,0,0,0.000000,0.000000,0.000000,0.000000,0
2762,44.772705,44.772705,1,507.054749,533.988281,54.690430,57.595455,100,1,839.770691,494.171967,90.576843,53.300907,57,0,0.000000,0.000000,0.000000,0.000000,0,0,0.000000,0.000000,0.000000,0.000000,0
2764,44.806030,44.806030,1,505.398407,505.486694,54.511776,54.521301,100,1,839.691772,495.901337,90.568336,53.487434,50,0,0.000000,0.000000,0.000000,0.000000,0,0,0.000000,0.000000,0.000000,0.000000,0
2766,44.839355,44.839355,1,505.845093,476.338257,54.559959,51.377377,103,1,839.834351,498.112488,90.583717,53.725925,62,0,0.000000,0.000000,0.000000,0.000000,0,0,0.000000,0.000000,0.000000,0.000000,0
2770,44.872681,44.872681,1,508.886749,446.837585,54.888027,48.195469,97,1,839.293457,497.564331,90.525368,53.666805,51,0,0.000000,0.000000,0.000000,0.000000,0,0,0.000000,0.000000,0.000000,0.000000,0
2772,44.906128,44.906128,1,514.466187,419.780212,55.489822,45.277084,91,1,839.375244,497.459290,90.534195,53.655472,55,0,0.000000,0.000000,0.000000,0.000000,0,0,0.000000,0.000000,0.000000,0.000000,0
2775,44.939453,44.939453,1,521.335693,392.527069,56.230759,42.337585,98,1,837.493652,493.417603,90.331245,53.219543,44,0,0.000000,0.000000,0.000000,0.000000,0,0,0.000000,0.000000,0.000000,0.000000,0
2777,44.972778,44.972778,1,530.974243,365.816925,57.270363,39.456654,95,1,837.045166,491.995972,90.282875,53.066204,45,0,0.000000,0.000000,0.000000,0.000000,0,0,0.000000,0.000000,0.000000,0.000000,0
2779,45.006104,45.006104,1,543.253906,341.335846,58.594837,36.816151,81,1,838.008362,489.304779,90.386765,52.775936,30,0,0.000000,0.000000,0.000000,0.000000,0,0,0.000000,0.000000,0.000000,0.000000,0
2783,45.039429,45.039429,1,557.711731,318.303253,60.154243,34.331879,95,1,838.684937,487.815521,90.459740,52.615307,38,0,0.000000,0.000000,0.000000,0.000000,0,0,0.000000,0.000000,0.000000,0.000000,0
2785,45.072754,45.072754,1,574.313477,295.999237,61.944889,31.926189,87,1,839.744385,484.621948,90.574005,52.270847,54,0,0.000000,0.000000,0.000000,0.000000,0,0,0.000000,0.000000,0.000000,0.000000,0
2787,45.106079,45.106079,1,592.652649,274.717499,63.922935,29.630760,93,1,841.138123,485.022797,90.724335,52.314087,45,0,0.000000,0.000000,0.000000,0.000000,0,0,0.000000,0.000000,0.000000,0.000000,0
2790,45.139404,45.139404,1,611.804382,255.264267,65.988625,27.532555,96,1,841.022827,484.572021,90.711906,52.265465,23,0,0.000000,0.000000,0.000000,0.000000,0,0,0.000000,0.000000,0.000000,0.000000,0
2792,45.172729,45.172729,1,633.506409,236.605316,68.329384,25.520020,96,1,839.664246,484.471924,90.565369,52.254669,42,0,0.000000,0.000000,0.000000,0.000000,0,0,0.000000,0.000000,0.000000,0.000000,0
2795,45.206177,45.206177,1,657.643372,219.175934,70.932770,23.640102,93,1,839.586304,482.885193,90.556961,52.083527,49,0,0.000000,0.000000,0.000000,0.000000,0,0,0.000000,0.000000,0.000000,0.000000,0
2797,45.239502,45.239502,1,682.890076,204.266068,73.655861,22.031939,93,1,839.260010,483.849945,90.521767,52.187580,39,0,0.000000,0.000000,0.000000,0.000000,0,0,0.000000,0.000000,0.000000,0.000000,0
2799,45.272827,45.272827,1,710.089783,191.143799,76.589592,20.616583,93,1,838.770142,482.022980,90.468925,51.990528,37,0,0.000000,0.000000,0.000000,0.000000,0,0,0.000000,0.000000,0.000000,0.000000,0
2803,45.306152,45.306152,1,737.819458,179.973709,79.580490,19.411789,95,1,838.367065,481.759918,90.425453,51.962154,46,0,0.000000,0.000000,0.000000,0.000000,0,0,0.000000,0.000000,0.000000,0.000000,0
2805,45.339478,45.339478,1,766.948853,171.763367,82.722351,18.526228,88,1,836.573547,483.100067,90.232002,52.106701,53,0,0.000000,0.000000,0.000000,0.000000,0,0,0.000000,0.000000,0.000000,0.000000,0
2808,45.372803,45.372803,1,795.339661,166.345596,85.784561,17.941874,96,1,839.117493,484.135590,90.506393,52.218391,36,0,0.000000,0.000000,0.000000,0.000000,0,0,0.000000,0.000000,0.000000,0.000000,0
2810,45.406128,45.406128,1,824.162720,164.101105,88.893387,17.699785,98,1,840.417725,483.310638,90.646629,52.129414,39,0,0.000000,0.000000,0.000000,0.000000,0,0,0.000000,0.000000,0.000000,0.000000,0
2812,45.439453,45.439453,1,853.046631,165.447144,92.008781,17.844969,91,1,842.576599,484.112061,90.879486,52.215855,60,0,0.000000,0.000000,0.000000,0.000000,0,0,0.000000,0.000000,0.000000,0.000000,0
2815,45.472778,45.472778,1,881.624329,167.771622,95.091141,18.095682,88,1,843.360352,482.208008,90.964027,52.010487,43,0,0.000000,0.000000,0.000000,0.000000,0,0,0.000000,0.000000,0.000000,0.000000,0
2818,45.506226,45.506226,1,908.723083,172.005844,98.013985,18.552383,95,1,846.922791,482.342438,91.348267,52.024986,38,0,0.000000,0.000000,0.000000,0.000000,0,0,0.000000,0.000000,0.000000,0.000000,0
2820,45.539551,45.539551,1,936.442139,180.589844,101.003738,19.478245,92,1,849.286987,484.614655,91.603264,52.270061,44,0,0.000000,0.000000,0.000000,0.000000,0,0,0.000000,0.000000,0.000000,0.000000,0
2821,45.572876,45.572876,1,961.842896,190.473251,103.743431,20.544258,90,1,850.339844,483.486115,91.716827,52.148338,40,0,0.000000,0.000000,0.000000,0.000000,0,0,0.000000,0.000000,0.000000,0.000000,0
2825,45.606201,45.606201,1,986.473938,203.165222,106.400116,21.913202,89,1,851.791931,485.121124,91.873451,52.324692,29,0,0.000000,0.000000,0.000000,0.000000,0,0,0.000000,0.000000,0.000000,0.000000,0
2828,45.639526,45.639526,1,1010.893677,218.215424,109.034004,23.536503,88,1,851.804993,487.939606,91.874855,52.628689,19,0,0.000000,0.000000,0.000000,0.000000,0,0,0.000000,0.000000,0.000000,0.000000,0
2830,45.672852,45.672852,1,1033.968262,235.361206,111.522804,25.385830,99,1,851.136536,490.810333,91.802757,52.938324,42,0,0.000000,0.000000,0.000000,0.000000,0,0,0.000000,0.000000,0.000000,0.000000,0
2832,45.706177,45.706177,1,1055.216675,253.971771,113.814636,27.393148,101,1,852.364502,495.551422,91.935204,53.449692,32,0,0.000000,0.000000,0.000000,0.000000,0,0,0.000000,0.000000,0.000000,0.000000,0
2834,45.739502,45.739502,1,1076.190796,274.707275,116.076881,29.629660,98,1,853.296936,498.124390,92.035774,53.727211,17,0,0.000000,0.000000,0.000000,0.000000,0,0,0.000000,0.000000,0.000000,0.000000,0
2837,45.772827,45.772827,1,1093.789551,296.958435,117.975075,32.029644,101,1,849.828491,497.588745,91.661667,53.669437,41,0,0.000000,0.000000,0.000000,0.000000,0,0,0.000000,0.000000,0.000000,0.000000,0
2839,45.806152,45.806152,1,1111.079712,320.307526,119.839966,34.548058,102,1,851.099976,497.722961,91.798813,53.683910,51,0,0.000000,0.000000,0.000000,0.000000,0,0,0.000000,0.000000,0.000000,0.000000,0
2841,45.839600,45.839600,1,1126.072876,345.244080,121.457115,37.237690,92,1,850.934204,499.731140,91.780930,53.900513,38,0,0.000000,0.000000,0.000000,0.000000,0,0,0.000000,0.000000,0.000000,0.000000,0
2845,45.872925,45.872925,1,1138.703003,372.448944,122.819397,40.171978,93,1,852.817017,500.011658,91.984009,53.930767,30,0,0.000000,0.000000,0.000000,0.000000,0,0,0.000000,0.000000,0.000000,0.000000,0
2846,45.906250,45.906250,1,1149.958252,400.322449,124.033371,43.178391,88,1,853.192749,499.978241,92.024536,53.927166,40,0,0.000000,0.000000,0.000000,0.000000,0,0,0.000000,0.000000,0.000000,0.000000,0
2850,45.939575,45.939575,1,1158.027466,429.046722,124.903709,46.276562,94,1,854.725159,499.323334,92.189819,53.856525,48,0,0.000000,0.000000,0.000000,0.000000,0,0,0.000000,0.000000,0.000000,0.000000,0
2852,45.972900,45.972900,1,1164.194092,457.893982,125.568832,49.387997,92,1,856.294006,500.499298,92.359039,53.983364,40,0,0.000000,0.000000,0.000000,0.000000,0,0,0.000000,0.000000,0.000000,0.000000,0
2854,46.006226,46.006226,1,1168.058838,486.652222,125.985687,52.489834,93,1,859.850159,505.567596,92.742599,54.530025,41,0,0.000000,0.000000,0.000000,0.000000,0,0,0.000000,0.000000,0.000000,0.000000,0
2857,46.039551,46.039551,1,1169.306030,516.157043,126.120209,55.672199,84,1,860.723999,507.253021,92.836845,54.711815,48,0,0.000000,0.000000,0.000000,0.000000,0,0,0.000000,0.000000,0.000000,0.000000,0
2859,46.072876,46.072876,1,1169.047119,544.126953,126.092278,58.689003,87,1,861.627014,508.698761,92.934250,54.867752,41,0,0.000000,0.000000,0.000000,0.000000,0,0,0.000000,0.000000,0.000000,0.000000,0
2861,46.106201,46.106201,1,1165.695435,572.943970,125.730774,61.797173,75,1,861.295288,509.519440,92.898468,54.956272,20,0,0.000000,0.000000,0.000000,0.000000,0,0,0.000000,0.000000,0.000000,0.000000,0
2865,46.139648,46.139648,1,1159.377441,601.064880,125.049324,64.830276,85,1,857.975525,509.798401,92.540405,54.986359,29,0,0.000000,0.000000,0.000000,0.000000,0,0,0.000000,0.000000,0.000000,0.000000,0
2867,46.172974,46.172974,1,1151.609131,628.992981,124.211433,67.842567,84,1,855.813049,508.423920,92.307159,54.838108,33,0,0.000000,0.000000,0.000000,0.000000,0,0,0.000000,0.000000,0.000000,0.000000,0
2870,46.206299,46.206299,1,1141.043823,656.051453,123.071869,70.761070,88,1,853.015381,508.342224,92.005409,54.829296,33,0,0.000000,0.000000,0.000000,0.000000,0,0,0.000000,0.000000,0.000000,0.000000,0
2872,46.239624,46.239624,1,1127.788818,680.131226,121.642204,73.358292,93,1,852.852966,509.190857,91.987892,54.920830,24,0,0.000000,0.000000,0.000000,0.000000,0,0,0.000000,0.000000,0.000000,0.000000,0
2874,46.272949,46.272949,1,1112.866089,703.588806,120.032646,75.888405,92,1,851.669922,507.497620,91.860283,54.738197,51,0,0.000000,0.000000,0.000000,0.000000,0,0,0.000000,0.000000,0.000000,0.000000,0
2877,46.306274,46.306274,1,1097.774902,726.316406,118.404922,78.339783,89,1,853.954529,507.194336,92.106697,54.705486,57,0,0.000000,0.000000,0.000000,0.000000,0,0,0.000000,0.000000,0.000000,0.000000,0
2879,46.339600,46.339600,1,1079.765503,748.059692,116.462448,80.684990,84,1,854.595459,507.659088,92.175835,54.755615,38,0,0.000000,0.000000,0.000000,0.000000,0,0,0.000000,0.000000,0.000000,0.000000,0
2882,46.372925,46.372925,1,1061.357056,768.450562,114.476936,82.884323,93,1,853.502014,510.010101,92.057899,55.009190,35,0,0.000000,0.000000,0.000000,0.000000,0,0,0.000000,0.000000,0.000000,0.000000,0
2883,46.406250,46.406250,1,1040.625488,786.009888,112.240852,84.778259,100,1,855.186035,509.746094,92.239532,54.980713,50,0,0.000000,0.000000,0.000000,0.000000,0,0,0.000000,0.000000,0.000000,0.000000,0
2887,46.439697,46.439697,1,1018.737793,802.084778,109.880058,86.512077,101,1,856.450867,511.644623,92.375954,55.185490,30,0,0.000000,0.000000,0.000000,0.000000,0,0,0.000000,0.000000,0.000000,0.000000,0
2891,46.473022,46.473022,1,997.099365,816.071472,107.546158,88.020676,98,1,856.671692,513.017700,92.399773,55.333591,21,0,0.000000,0.000000,0.000000,0.000000,0,0,0.000000,0.000000,0.000000,0.000000,0
2893,46.506348,46.506348,1,974.185303,828.744995,105.074677,89.387627,99,1,854.482666,511.316681,92.163666,55.150120,27,0,0.000000,0.000000,0.000000,0.000000,0,0,0.000000,0.000000,0.000000,0.000000,0
2894,46.539673,46.539673,1,950.302185,839.367371,102.498665,90.533348,91,1,853.301086,510.310242,92.036224,55.041565,56,0,0.000000,0.000000,0.000000,0.000000,0,0,0.000000,0.000000,0.000000,0.000000,0
2896,46.572998,46.572998,1,926.532227,846.398804,99.934860,91.291748,86,1,854.095215,510.929718,92.121880,55.108379,50,0,0.000000,0.000000,0.000000,0.000000,0,0,0.000000,0.000000,0.000000,0.000000,0
2899,46.606323,46.606323,1,901.077148,853.381775,97.189301,92.044922,83,1,855.764954,512.126648,92.301971,55.237476,46,0,0.000000,0.000000,0.000000,0.000000,0,0,0.000000,0.000000,0.000000,0.000000,0
2902,46.639648,46.639648,1,876.140869,858.062378,94.499695,92.549774,81,1,856.512268,510.663940,92.382576,55.079716,57,0,0.000000,0.000000,0.000000,0.000000,0,0,0.000000,0.000000,0.000000,0.000000,0
2905,46.672974,46.672974,1,852.235535,860.926941,91.921295,92.858742,96,1,856.960327,510.540558,92.430901,55.066406,63,0,0.000000,0.000000,0.000000,0.000000,0,0,0.000000,0.000000,0.000000,0.000000,0
2907,46.706299,46.706299,1,827.387207,862.000244,89.241180,92.974503,88,1,855.654114,510.225800,92.290016,55.032455,52,0,0.000000,0.000000,0.000000,0.000000,0,0,0.000000,0.000000,0.000000,0.000000,0
2909,46.739624,46.739624,1,802.261597,860.682251,86.531151,92.832352,97,1,854.687317,512.880127,92.185738,55.318748,40,0,0.000000,0.000000,0.000000,0.000000,0,0,0.000000,0.000000,0.000000,0.000000,0
2913,46.773071,46.773071,1,778.038208,858.152954,83.918442,92.559540,94,1,854.011658,516.473999,92.112869,55.706383,53,0,0.000000,0.000000,0.000000,0.000000,0,0,0.000000,0.000000,0.000000,0.000000,0
2915,46.806396,46.806396,1,752.746277,853.783936,81.190483,92.088303,106,1,853.236633,520.005310,92.029274,56.087261,58,0,0.000000,0.000000,0.000000,0.000000,0,0,0.000000,0.000000,0.000000,0.000000,0
2916,46.839722,46.839722,1,728.465881,847.274597,78.571617,91.386208,100,1,856.201172,520.102112,92.349022,56.097706,53,0,0.000000,0.000000,0.000000,0.000000,0,0,0.000000,0.000000,0.000000,0.000000,0
2920,46.873047,46.873047,1,704.421753,839.613831,75.978249,90.559929,103,1,855.452454,520.132812,92.268265,56.101017,51,0,0.000000,0.000000,0.000000,0.000000,0,0,0.000000,0.000000,0.000000,0.000000,0
2922,46.906372,46.906372,1,682.308960,829.918640,73.593178,89.514214,98,1,852.848877,522.448181,91.987442,56.350754,59,0,0.000000,0.000000,0.000000,0.000000,0,0,0.000000,0.000000,0.000000,0.000000,0
2924,46.939697,46.939697,1,660.799316,817.343384,71.273163,88.157860,102,1,850.029846,524.451233,91.683388,56.566799,60,0,0.000000,0.000000,0.000000,0.000000,0,0,0.000000,0.000000,0.000000,0.000000,0
2927,46.973022,46.973022,1,640.257019,803.888733,69.057503,86.706650,101,1,848.265442,524.355286,91.493080,56.556450,58,0,0.000000,0.000000,0.000000,0.000000,0,0,0.000000,0.000000,0.000000,0.000000,0
2929,47.006348,47.006348,1,620.722046,789.560669,66.950478,85.161247,97,1,846.801514,523.016174,91.335190,56.412014,49,0,0.000000,0.000000,0.000000,0.000000,0,0,0.000000,0.000000,0.000000,0.000000,0
2932,47.039673,47.039673,1,601.523132,774.316895,64.879700,83.517059,102,1,844.185242,523.596985,91.052994,56.474655,57,0,0.000000,0.000000,0.000000,0.000000,0,0,0.000000,0.000000,0.000000,0.000000,0
2934,47.073120,47.073120,1,583.325928,757.597290,62.916965,81.713707,97,1,838.332458,521.285034,90.421722,56.225292,66,0,0.000000,0.000000,0.000000,0.000000,0,0,0.000000,0.000000,0.000000,0.000000,0
2936,47.106445,47.106445,1,566.113281,738.814880,61.060425,79.687851,98,1,838.107544,521.516907,90.397461,56.250301,66,0,0.000000,0.000000,0.000000,0.000000,0,0,0.000000,0.000000,0.000000,0.000000,0
2940,47.139771,47.139771,1,551.354126,720.020142,59.468517,77.660667,99,1,836.616394,521.534180,90.236626,56.252167,58,0,0.000000,0.000000,0.000000,0.000000,0,0,0.000000,0.000000,0.000000,0.000000,0
2941,47.173096,47.173096,1,537.955139,698.992249,58.023319,75.392624,95,1,835.501343,523.535828,90.116364,56.468063,64,0,0.000000,0.000000,0.000000,0.000000,0,0,0.000000,0.000000,0.000000,0.000000,0
2945,47.206421,47.206421,1,525.804260,677.454407,56.712734,73.069572,92,1,834.785339,523.065857,90.039131,56.417370,62,0,0.000000,0.000000,0.000000,0.000000,0,0,0.000000,0.000000,0.000000,0.000000,0
2947,47.239746,47.239746,1,515.100220,655.839661,55.558205,70.738228,93,1,834.821411,522.914001,90.043022,56.400997,66,0,0.000000,0.000000,0.000000,0.000000,0,0,0.000000,0.000000,0.000000,0.000000,0
2949,47.273071,47.273071,1,505.120941,631.776245,54.481853,68.142769,93,1,832.271545,523.666931,89.767990,56.482201,58,0,0.000000,0.000000,0.000000,0.000000,0,0,0.000000,0.000000,0.000000,0.000000,0
2952,47.306396,47.306396,1,497.792389,609.016846,53.691402,65.687965,94,1,833.268738,524.647156,89.875549,56.587933,56,0,0.000000,0.000000,0.000000,0.000000,0,0,0.000000,0.000000,0.000000,0.000000,0
2954,47.339722,47.339722,1,491.259857,584.390259,52.986809,63.031761,94,1,834.056824,524.578735,89.960556,56.580547,60,0,0.000000,0.000000,0.000000,0.000000,0,0,0.000000,0.000000,0.000000,0.000000,0
2958,47.373169,47.373169,1,487.115753,559.248413,52.539829,60.319984,101,1,837.449829,525.634094,90.326515,56.694382,62,0,0.000000,0.000000,0.000000,0.000000,0,0,0.000000,0.000000,0.000000,0.000000,0
2960,47.406494,47.406494,1,484.954651,534.430176,52.306736,57.643116,97,1,836.308899,525.176270,90.203461,56.645000,59,0,0.000000,0.000000,0.000000,0.000000,0,0,0.000000,0.000000,0.000000,0.000000,0
2961,47.439819,47.439819,1,484.043152,509.439117,52.208424,54.947605,93,1,832.934570,526.653076,89.839508,56.804287,60,0,0.000000,0.000000,0.000000,0.000000,0,0,0.000000,0.000000,0.000000,0.000000,0
2965,47.473145,47.473145,1,484.544312,485.515717,52.262474,52.367252,95,1,830.947998,527.637512,89.625237,56.910469,57,0,0.000000,0.000000,0.000000,0.000000,0,0,0.000000,0.000000,0.000000,0.000000,0
2967,47.506470,47.506470,1,487.362671,459.776794,52.566463,49.591076,93,1,829.716370,528.597412,89.492401,57.014000,58,0,0.000000,0.000000,0.000000,0.000000,0,0,0.000000,0.000000,0.000000,0.000000,0
2970,47.539795,47.539795,1,492.606842,436.967560,53.132092,47.130894,92,1,829.574707,528.163879,89.477119,56.967243,64,0,0.000000,0.000000,0.000000,0.000000,0,0,0.000000,0.000000,0.000000,0.000000,0
2972,47.573120,47.573120,1,499.358734,411.941956,53.860348,44.431656,95,1,826.016357,525.135498,89.093315,56.640606,61,0,0.000000,0.000000,0.000000,0.000000,0,0,0.000000,0.000000,0.000000,0.000000,0
2974,47.606445,47.606445,1,507.237488,387.768799,54.710140,41.824364,91,1,822.746338,521.888916,88.740616,56.290428,56,0,0.000000,0.000000,0.000000,0.000000,0,0,0.000000,0.000000,0.000000,0.000000,0
2977,47.639771,47.639771,1,516.562195,364.231171,55.715893,39.285618,85,1,821.308411,520.344971,88.585526,56.123905,46,0,0.000000,0.000000,0.000000,0.000000,0,0,0.000000,0.000000,0.000000,0.000000,0
2979,47.673096,47.673096,1,527.820129,341.708557,56.930168,36.856350,91,1,821.294434,517.845703,88.584015,55.854332,47,0,0.000000,0.000000,0.000000,0.000000,0,0,0.000000,0.000000,0.000000,0.000000,0
2981,47.706543,47.706543,1,540.104248,320.656677,58.255116,34.585716,92,1,819.733154,513.717896,88.415619,55.409111,56,0,0.000000,0.000000,0.000000,0.000000,0,0,0.000000,0.000000,0.000000,0.000000,0
2983,47.739868,47.739868,1,554.900452,300.268127,59.851021,32.386627,99,1,819.430664,511.622925,88.382988,55.183147,46,0,0.000000,0.000000,0.000000,0.000000,0,0,0.000000,0.000000,0.000000,0.000000,0
2986,47.773193,47.773193,1,571.876892,280.851868,61.682083,30.292408,89,1,818.989197,510.550201,88.335381,55.067444,30,0,0.000000,0.000000,0.000000,0.000000,0,0,0.000000,0.000000,0.000000,0.000000,0
2990,47.806519,47.806519,1,589.727295,262.310211,63.607410,28.292522,95,1,816.673462,509.902100,88.085602,54.997543,34,0,0.000000,0.000000,0.000000,0.000000,0,0,0.000000,0.000000,0.000000,0.000000,0
2992,47.839844,47.839844,1,608.057007,244.982269,65.584435,26.423548,87,1,815.414307,506.268921,87.949791,54.605671,49,0,0.000000,0.000000,0.000000,0.000000,0,0,0.000000,0.000000,0.000000,0.000000,0
2995,47.873169,47.873169,1,628.846375,229.230530,67.826752,24.724581,92,1,814.473206,503.844574,87.848289,54.344181,41,0,0.000000,0.000000,0.000000,0.000000,0,0,0.000000,0.000000,0.000000,0.000000,0
2997,47.906494,47.906494,1,650.052979,215.187469,70.114082,23.209909,89,1,815.808044,504.322632,87.992256,54.395744,18,0,0.000000,0.000000,0.000000,0.000000,0,0,0.000000,0.000000,0.000000,0.000000,0
2999,47.939819,47.939819,1,672.453796,203.071930,72.530212,21.903139,89,1,814.816406,501.877594,87.885300,54.132027,33,0,0.000000,0.000000,0.000000,0.000000,0,0,0.000000,0.000000,0.000000,0.000000,0
3002,47.973145,47.973145,1,695.028625,192.691254,74.965111,20.783491,91,1,812.874146,501.920288,87.675812,54.136631,43,0,0.000000,0.000000,0.000000,0.000000,0,0,0.000000,0.000000,0.000000,0.000000,0
3005,48.006592,48.006592,1,719.989807,182.878235,77.657394,19.725067,90,1,814.999695,502.053131,87.905067,54.150959,38,0,0.000000,0.000000,0.000000,0.000000,0,0,0.000000,0.000000,0.000000,0.000000,0
3007,48.039917,48.039917,1,744.602966,175.259201,80.312149,18.903288,88,1,816.048401,503.320862,88.018188,54.287697,45,0,0.000000,0.000000,0.000000,0.000000,0,0,0.000000,0.000000,0.000000,0.000000,0
3008,48.073242,48.073242,1,769.987061,170.052704,83.050049,18.341719,90,1,815.728577,503.976715,87.983688,54.358437,50,0,0.000000,0.000000,0.000000,0.000000,0,0,0.000000,0.000000,0.000000,0.000000,0
3012,48.106567,48.106567,1,795.464478,166.059967,85.798027,17.911066,92,1,817.478210,501.842468,88.172401,54.128239,36,0,0.000000,0.000000,0.000000,0.000000,0,0,0.000000,0.000000,0.000000,0.000000,0
3015,48.139893,48.139893,1,821.108093,164.402451,88.563919,17.732288,93,1,816.750000,498.322144,88.093857,53.748539,33,0,0.000000,0.000000,0.000000,0.000000,0,0,0.000000,0.000000,0.000000,0.000000,0
3017,48.173218,48.173218,1,845.438721,163.661362,91.188194,17.652353,87,1,814.784302,499.677704,87.881836,53.894749,48,0,0.000000,0.000000,0.000000,0.000000,0,0,0.000000,0.000000,0.000000,0.000000,0
3019,48.206543,48.206543,1,870.199402,164.707275,93.858856,17.765167,89,1,813.168640,498.674225,87.707581,53.786514,51,0,0.000000,0.000000,0.000000,0.000000,0,0,0.000000,0.000000,0.000000,0.000000,0
3021,48.239868,48.239868,1,895.003479,168.109390,96.534203,18.132114,90,1,815.754517,496.624634,87.986488,53.565449,31,0,0.000000,0.000000,0.000000,0.000000,0,0,0.000000,0.000000,0.000000,0.000000,0
3024,48.273193,48.273193,1,918.962341,173.215652,99.118385,18.682871,86,1,819.256470,495.241882,88.364204,53.416306,44,0,0.000000,0.000000,0.000000,0.000000,0,0,0.000000,0.000000,0.000000,0.000000,0
3026,48.306641,48.306641,1,943.049988,180.472961,101.716454,19.465637,88,1,817.117493,493.149353,88.133492,53.190609,59,0,0.000000,0.000000,0.000000,0.000000,0,0,0.000000,0.000000,0.000000,0.000000,0
3030,48.339966,48.339966,1,966.113220,188.558029,104.204033,20.337685,86,1,821.052734,493.163574,88.557945,53.192142,41,0,0.000000,0.000000,0.000000,0.000000,0,0,0.000000,0.000000,0.000000,0.000000,0
3032,48.373291,48.373291,1,988.780212,198.266968,106.648872,21.384882,87,1,825.191528,494.487671,89.004356,53.334957,27,0,0.000000,0.000000,0.000000,0.000000,0,0,0.000000,0.000000,0.000000,0.000000,0
3034,48.406616,48.406616,1,1010.453979,210.512344,108.986580,22.705656,80,1,829.726135,495.343964,89.493454,53.427319,42,0,0.000000,0.000000,0.000000,0.000000,0,0,0.000000,0.000000,0.000000,0.000000,0
3037,48.439941,48.439941,1,1030.379150,223.557373,111.135689,24.112680,85,1,829.164124,495.270813,89.432831,53.419426,39,0,0.000000,0.000000,0.000000,0.000000,0,0,0.000000,0.000000,0.000000,0.000000,0
3039,48.473267,48.473267,1,1051.096313,237.786301,113.370224,25.647398,90,1,829.514526,498.776093,89.470627,53.797504,38,0,0.000000,0.000000,0.000000,0.000000,0,0,0.000000,0.000000,0.000000,0.000000,0
3041,48.506592,48.506592,1,1069.421143,252.959915,115.346718,27.284010,92,1,828.740601,501.132263,89.387154,54.051636,34,0,0.000000,0.000000,0.000000,0.000000,0,0,0.000000,0.000000,0.000000,0.000000,0
3044,48.539917,48.539917,1,1086.652710,269.115356,117.205299,29.026518,91,1,825.570618,505.270081,89.045242,54.497936,42,0,0.000000,0.000000,0.000000,0.000000,0,0,0.000000,0.000000,0.000000,0.000000,0
3046,48.573242,48.573242,1,1102.826904,286.587067,118.949837,30.910999,91,1,824.831604,507.344421,88.965530,54.721672,49,0,0.000000,0.000000,0.000000,0.000000,0,0,0.000000,0.000000,0.000000,0.000000,0
3050,48.606567,48.606567,1,1117.281128,304.042267,120.508850,32.793701,91,1,823.179993,508.575562,88.787392,54.854462,30,0,0.000000,0.000000,0.000000,0.000000,0,0,0.000000,0.000000,0.000000,0.000000,0
3052,48.640015,48.640015,1,1129.908569,322.066681,121.870827,34.737801,93,1,825.695557,507.090881,89.058716,54.694328,22,0,0.000000,0.000000,0.000000,0.000000,0,0,0.000000,0.000000,0.000000,0.000000,0
3054,48.673340,48.673340,1,1140.885010,340.280945,123.054741,36.702370,91,1,822.995117,503.559021,88.767448,54.313381,38,0,0.000000,0.000000,0.000000,0.000000,0,0,0.000000,0.000000,0.000000,0.000000,0
3057,48.706665,48.706665,1,1151.863403,361.490784,124.238861,38.990044,91,1,821.813110,505.655823,88.639961,54.539543,52,0,0.000000,0.000000,0.000000,0.000000,0,0,0.000000,0.000000,0.000000,0.000000,0
3059,48.739990,48.739990,1,1160.203979,380.513947,125.138474,41.041862,87,1,821.271729,504.818604,88.581566,54.449242,35,0,0.000000,0.000000,0.000000,0.000000,0,0,0.000000,0.000000,0.000000,0.000000,0
3062,48.773315,48.773315,1,1167.534058,401.399353,125.929085,43.294540,89,1,821.774597,505.102020,88.635803,54.479813,37,0,0.000000,0.000000,0.000000,0.000000,0,0,0.000000,0.000000,0.000000,0.000000,0
3064,48.806641,48.806641,1,1173.450562,422.000275,126.567230,45.516537,90,1,819.299561,504.916809,88.368851,54.459835,52,0,0.000000,0.000000,0.000000,0.000000,0,0,0.000000,0.000000,0.000000,0.000000,0
3066,48.839966,48.839966,1,1178.229248,442.277466,127.082649,47.703613,86,1,819.482544,505.093231,88.388588,54.478863,45,0,0.000000,0.000000,0.000000,0.000000,0,0,0.000000,0.000000,0.000000,0.000000,0
3070,48.873291,48.873291,1,1181.664917,462.634308,127.453224,49.899284,91,1,822.260986,504.791534,88.688271,54.446323,35,0,0.000000,0.000000,0.000000,0.000000,0,0,0.000000,0.000000,0.000000,0.000000,0
3072,48.906616,48.906616,1,1182.943604,484.080475,127.591148,52.212444,85,1,822.335693,502.513000,88.696327,54.200562,58,0,0.000000,0.000000,0.000000,0.000000,0,0,0.000000,0.000000,0.000000,0.000000,0
3074,48.940063,48.940063,1,1183.924683,505.751556,127.696960,54.549870,85,1,823.898132,501.001343,88.864853,54.037518,56,0,0.000000,0.000000,0.000000,0.000000,0,0,0.000000,0.000000,0.000000,0.000000,0
3077,48.973389,48.973389,1,1182.565063,526.581055,127.550316,56.796516,90,1,825.135071,502.802826,88.998260,54.231823,39,0,0.000000,0.000000,0.000000,0.000000,0,0,0.000000,0.000000,0.000000,0.000000,0
3079,49.006714,49.006714,1,1179.995239,548.222717,127.273132,59.130768,82,1,825.619446,502.610321,89.050507,54.211060,35,0,0.000000,0.000000,0.000000,0.000000,0,0,0.000000,0.000000,0.000000,0.000000,0
3081,49.040039,49.040039,1,1176.134766,569.267944,126.856750,61.400684,86,1,823.944214,504.126312,88.869820,54.374573,51,0,0.000000,0.000000,0.000000,0.000000,0,0,0.000000,0.000000,0.000000,0.000000,0
3085,49.073364,49.073364,1,1170.047119,591.868469,126.200142,63.838352,95,1,823.997314,503.128113,88.875542,54.266907,55,0,0.000000,0.000000,0.000000,0.000000,0,0,0.000000,0.000000,0.000000,0.000000,0
3087,49.106689,49.106689,1,1164.078125,613.344971,125.556335,66.154793,94,1,827.032898,502.403900,89.202965,54.188793,44,0,0.000000,0.000000,0.000000,0.000000,0,0,0.000000,0.000000,0.000000,0.000000,0
3090,49.140015,49.140015,1,1155.122192,637.206116,124.590355,68.728424,109,1,830.066772,500.457031,89.530190,53.978806,31,0,0.000000,0.000000,0.000000,0.000000,0,0,0.000000,0.000000,0.000000,0.000000,0
3092,49.173340,49.173340,1,1146.489502,657.733459,123.659241,70.942490,105,1,831.346436,500.228790,89.668213,53.954185,52,0,0.000000,0.000000,0.000000,0.000000,0,0,0.000000,0.000000,0.000000,0.000000,0
3094,49.206665,49.206665,1,1133.807495,680.630859,122.291367,73.412178,120,1,831.246765,501.024597,89.657471,54.040024,51,0,0.000000,0.000000,0.000000,0.000000,0,0,0.000000,0.000000,0.000000,0.000000,0
3097,49.240112,49.240112,1,1121.954224,701.132629,121.012886,75.623482,121,1,830.484924,499.743683,89.575287,53.901867,43,0,0.000000,0.000000,0.000000,0.000000,0,0,0.000000,0.000000,0.000000,0.000000,0
3099,49.273438,49.273438,1,1108.828979,719.698425,119.597206,77.625969,127,1,833.100220,497.855621,89.857376,53.698219,33,0,0.000000,0.000000,0.000000,0.000000,0,0,0.000000,0.000000,0.000000,0.000000,0
3101,49.306763,49.306763,1,1094.365723,738.791687,118.037216,79.685349,119,1,830.059509,497.068665,89.529411,53.613342,45,0,0.000000,0.000000,0.000000,0.000000,0,0,0.000000,0.000000,0.000000,0.000000,0
3105,49.340088,49.340088,1,1080.634155,755.821167,116.556145,81.522133,122,1,829.968445,494.902924,89.519585,53.379745,56,0,0.000000,0.000000,0.000000,0.000000,0,0,0.000000,0.000000,0.000000,0.000000,0
3107,49.373413,49.373413,1,1064.150269,772.956909,114.778206,83.370377,115,1,833.089294,495.316956,89.856194,53.424404,44,0,0.000000,0.000000,0.000000,0.000000,0,0,0.000000,0.000000,0.000000,0.000000,0
3110,49.406738,49.406738,1,1046.498535,788.382568,112.874313,85.034172,119,1,835.036865,496.198792,90.066261,53.519520,36,0,0.000000,0.000000,0.000000,0.000000,0,0,0.000000,0.000000,0.000000,0.000000,0
3112,49.440063,49.440063,1,1028.923096,802.343567,110.978645,86.539993,125,1,835.651489,495.666412,90.132553,53.462097,46,0,0.000000,0.000000,0.000000,0.000000,0,0,0.000000,0.000000,0.000000,0.000000,0
3114,49.473389,49.473389,1,1010.081299,815.192017,108.946381,87.925819,115,1,837.995239,495.508026,90.385353,53.445015,57,0,0.000000,0.000000,0.000000,0.000000,0,0,0.000000,0.000000,0.000000,0.000000,0
3116,49.506714,49.506714,1,991.264893,826.541931,106.916862,89.150002,115,1,837.714111,495.010559,90.355026,53.391354,43,0,0.000000,0.000000,0.000000,0.000000,0,0,0.000000,0.000000,0.000000,0.000000,0
3119,49.540039,49.540039,1,971.789734,837.012817,104.816292,90.279381,113,1,836.855774,497.390778,90.262451,53.648087,22,0,0.000000,0.000000,0.000000,0.000000,0,0,0.000000,0.000000,0.000000,0.000000,0
3122,49.573486,49.573486,1,952.834778,844.962097,102.771835,91.136787,115,1,836.314941,497.999695,90.204117,53.713760,39,0,0.000000,0.000000,0.000000,0.000000,0,0,0.000000,0.000000,0.000000,0.000000,0
3124,49.606812,49.606812,1,932.183472,852.271606,100.544403,91.925186,119,1,835.582825,499.191345,90.125145,53.842293,55,0,0.000000,0.000000,0.000000,0.000000,0,0,0.000000,0.000000,0.000000,0.000000,0
3127,49.640137,49.640137,1,912.102661,858.581299,98.378502,92.605743,110,1,835.726868,497.073395,90.140686,53.613850,47,0,0.000000,0.000000,0.000000,0.000000,0,0,0.000000,0.000000,0.000000,0.000000,0
3129,49.673462,49.673462,1,891.796997,862.893494,96.188354,93.070854,108,1,833.990295,494.680328,89.953384,53.355740,46,0,0.000000,0.000000,0.000000,0.000000,0,0,0.000000,0.000000,0.000000,0.000000,0
3132,49.706787,49.706787,1,871.935364,866.644836,94.046097,93.475464,108,1,831.616150,494.605560,89.697311,53.347675,52,0,0.000000,0.000000,0.000000,0.000000,0,0,0.000000,0.000000,0.000000,0.000000,0
3135,49.740112,49.740112,1,851.110779,868.735535,91.799980,93.700966,107,1,829.318054,492.940674,89.449432,53.168098,64,0,0.000000,0.000000,0.000000,0.000000,0,0,0.000000,0.000000,0.000000,0.000000,0
3136,49.773438,49.773438,1,831.604370,869.959229,89.696030,93.832954,115,1,834.578430,492.174866,90.016815,53.085499,47,0,0.000000,0.000000,0.000000,0.000000,0,0,0.000000,0.000000,0.000000,0.000000,0
3140,49.806763,49.806763,1,811.347839,869.786194,87.511185,93.814285,115,1,835.065796,496.823486,90.069382,53.586895,53,0,0.000000,0.000000,0.000000,0.000000,0,0,0.000000,0.000000,0.000000,0.000000,0
3142,49.840088,49.840088,1,791.361877,869.107056,85.355515,93.741035,116,1,833.278687,498.419067,89.876625,53.758995,63,0,0.000000,0.000000,0.000000,0.000000,0,0,0.000000,0.000000,0.000000,0.000000,0
3144,49.873535,49.873535,1,771.659119,867.072754,83.230400,93.521622,120,1,836.512756,499.586914,90.225449,53.884960,59,0,0.000000,0.000000,0.000000,0.000000,0,0,0.000000,0.000000,0.000000,0.000000,0
3147,49.906860,49.906860,1,752.227783,862.660034,81.134552,93.045670,124,1,835.585938,500.904053,90.125481,54.027023,52,0,0.000000,0.000000,0.000000,0.000000,0,0,0.000000,0.000000,0.000000,0.000000,0
3149,49.940186,49.940186,1,733.255676,857.658508,79.088242,92.506210,123,1,835.440857,497.458923,90.109840,53.655434,50,0,0.000000,0.000000,0.000000,0.000000,0,0,0.000000,0.000000,0.000000,0.000000,0
3153,49.973511,49.973511,1,714.929565,851.590942,77.111603,91.851768,126,1,837.463562,497.957581,90.328003,53.709221,65,0,0.000000,0.000000,0.000000,0.000000,0,0,0.000000,0.000000,0.000000,0.000000,0
3155,50.006836,50.006836,1,696.927551,844.162354,75.169922,91.050522,127,1,835.405518,499.861053,90.106026,53.914524,53,0,0.000000,0.000000,0.000000,0.000000,0,0,0.000000,0.000000,0.000000,0.000000,0
3156,50.040161,50.040161,1,680.122192,836.233521,73.357315,90.195335,133,1,836.211365,495.857269,90.192940,53.482681,52,0,0.000000,0.000000,0.000000,0.000000,0,0,0.000000,0.000000,0.000000,0.000000,0
3160,50.073486,50.073486,1,662.409058,827.059875,71.446793,89.205872,127,1,838.750916,493.791077,90.466858,53.259823,53,0,0.000000,0.000000,0.000000,0.000000,0,0,0.000000,0.000000,0.000000,0.000000,0
3162,50.106812,50.106812,1,645.132629,816.417969,69.583374,88.058044,121,1,838.163879,495.689575,90.403534,53.464596,54,0,0.000000,0.000000,0.000000,0.000000,0,0,0.000000,0.000000,0.000000,0.000000,0
3164,50.140137,50.140137,1,629.960327,804.902344,67.946899,86.815987,124,1,840.419434,491.026093,90.646820,52.961597,50,0,0.000000,0.000000,0.000000,0.000000,0,0,0.000000,0.000000,0.000000,0.000000,0
3166,50.173584,50.173584,1,615.046997,791.815796,66.338371,85.404480,120,1,844.695557,494.621216,91.108040,53.349361,61,0,0.000000,0.000000,0.000000,0.000000,0,0,0.000000,0.000000,0.000000,0.000000,0
3169,50.206909,50.206909,1,600.580627,778.156311,64.778038,83.931183,116,1,842.548340,498.093323,90.876442,53.723858,52,0,0.000000,0.000000,0.000000,0.000000,0,0,0.000000,0.000000,0.000000,0.000000,0
3173,50.240234,50.240234,1,586.499207,764.051941,63.259232,82.409897,112,1,842.526489,496.357941,90.874084,53.536682,51,0,0.000000,0.000000,0.000000,0.000000,0,0,0.000000,0.000000,0.000000,0.000000,0
3175,50.273560,50.273560,1,574.705566,749.736023,61.987179,80.865791,100,1,843.643127,494.376099,90.994530,53.322926,59,0,0.000000,0.000000,0.000000,0.000000,0,0,0.000000,0.000000,0.000000,0.000000,0
3176,50.306885,50.306885,1,562.412842,733.302307,60.661301,79.093269,100,1,843.726074,496.468384,91.003471,53.548595,50,0,0.000000,0.000000,0.000000,0.000000,0,0,0.000000,0.000000,0.000000,0.000000,0
3178,50.340210,50.340210,1,550.605835,716.819336,59.387806,77.315430,97,1,843.864502,500.530273,91.018402,53.986706,54,0,0.000000,0.000000,0.000000,0.000000,0,0,0.000000,0.000000,0.000000,0.000000,0
3182,50.373535,50.373535,1,538.942810,698.844910,58.129848,75.376732,95,1,845.393250,501.639709,91.183289,54.106369,57,0,0.000000,0.000000,0.000000,0.000000,0,0,0.000000,0.000000,0.000000,0.000000,0
3184,50.406860,50.406860,1,529.765442,680.427246,57.139984,73.390221,89,1,846.565491,498.771515,91.309731,53.797009,60,0,0.000000,0.000000,0.000000,0.000000,0,0,0.000000,0.000000,0.000000,0.000000,0
3186,50.440186,50.440186,1,520.762939,660.544556,56.168983,71.245689,90,1,846.828796,498.136353,91.338127,53.728500,58,0,0.000000,0.000000,0.000000,0.000000,0,0,0.000000,0.000000,0.000000,0.000000,0
3190,50.473511,50.473511,1,513.078491,640.702759,55.340141,69.105568,92,1,846.839600,496.897522,91.339294,53.594883,52,0,0.000000,0.000000,0.000000,0.000000,0,0,0.000000,0.000000,0.000000,0.000000,0
3192,50.506958,50.506958,1,507.002380,620.459412,54.684780,66.922142,93,1,848.052917,498.609680,91.470161,53.779552,64,0,0.000000,0.000000,0.000000,0.000000,0,0,0.000000,0.000000,0.000000,0.000000,0
3194,50.540283,50.540283,1,500.390137,598.373352,53.971592,64.539963,95,1,847.989685,498.505768,91.463341,53.768345,58,0,0.000000,0.000000,0.000000,0.000000,0,0,0.000000,0.000000,0.000000,0.000000,0
3197,50.573608,50.573608,1,495.539398,577.028503,53.448395,62.237732,90,1,848.039429,500.037292,91.468704,53.933533,61,0,0.000000,0.000000,0.000000,0.000000,0,0,0.000000,0.000000,0.000000,0.000000,0
3199,50.606934,50.606934,1,491.719879,553.976013,53.036423,59.751312,98,1,848.644653,497.640198,91.533981,53.674984,52,0,0.000000,0.000000,0.000000,0.000000,0,0,0.000000,0.000000,0.000000,0.000000,0
3202,50.640259,50.640259,1,490.595184,531.355896,52.915115,57.311527,95,1,851.332031,497.865143,91.823845,53.699249,58,0,0.000000,0.000000,0.000000,0.000000,0,0,0.000000,0.000000,0.000000,0.000000,0
3204,50.673584,50.673584,1,490.326843,507.387360,52.886173,54.726303,94,1,851.674316,495.294617,91.860764,53.421993,59,0,0.000000,0.000000,0.000000,0.000000,0,0,0.000000,0.000000,0.000000,0.000000,0
3206,50.706909,50.706909,1,491.183929,484.413147,52.978619,52.248329,101,1,851.890442,496.267181,91.884071,53.526894,57,0,0.000000,0.000000,0.000000,0.000000,0,0,0.000000,0.000000,0.000000,0.000000,0
3210,50.740234,50.740234,1,493.723450,459.335541,53.252529,49.543480,95,1,848.835999,498.333160,91.554626,53.749729,66,0,0.000000,0.000000,0.000000,0.000000,0,0,0.000000,0.000000,0.000000,0.000000,0
3212,50.773560,50.773560,1,497.815216,435.838715,53.693863,47.009140,88,1,848.204102,496.652130,91.486465,53.568413,57,0,0.000000,0.000000,0.000000,0.000000,0,0,0.000000,0.000000,0.000000,0.000000,0
3215,50.807007,50.807007,1,503.012604,412.801392,54.254448,44.524357,99,1,847.526978,495.988434,91.413429,53.496830,55,0,0.000000,0.000000,0.000000,0.000000,0,0,0.000000,0.000000,0.000000,0.000000,0
3217,50.840332,50.840332,1,511.264008,389.856354,55.144440,42.049526,90,1,847.847046,493.030853,91.447952,53.177826,49,0,0.000000,0.000000,0.000000,0.000000,0,0,0.000000,0.000000,0.000000,0.000000,0
3219,50.873657,50.873657,1,520.784912,366.858673,56.171352,39.569019,94,1,846.133972,492.871094,91.263184,53.160595,55,0,0.000000,0.000000,0.000000,0.000000,0,0,0.000000,0.000000,0.000000,0.000000,0
3223,50.906982,50.906982,1,531.715942,345.053223,57.350365,37.217106,92,1,846.961121,495.477692,91.352402,53.441742,52,0,0.000000,0.000000,0.000000,0.000000,0,0,0.000000,0.000000,0.000000,0.000000,0
3225,50.940308,50.940308,1,544.322388,323.328827,58.710079,34.873932,91,1,850.167114,496.822174,91.698196,53.586758,48,0,0.000000,0.000000,0.000000,0.000000,0,0,0.000000,0.000000,0.000000,0.000000,0
3226,50.973633,50.973633,1,558.610596,303.520844,60.251190,32.737461,90,1,852.820862,499.467743,91.984421,53.872105,41,0,0.000000,0.000000,0.000000,0.000000,0,0,0.000000,0.000000,0.000000,0.000000,0
3228,51.006958,51.006958,1,575.871338,283.536957,62.112919,30.582020,91,1,850.710632,499.141998,91.756821,53.836971,45,0,0.000000,0.000000,0.000000,0.000000,0,0,0.000000,0.000000,0.000000,0.000000,0
3232,51.040283,51.040283,1,593.270752,266.214111,63.989605,28.713594,105,1,849.343323,501.741089,91.609344,54.117302,47,0,0.000000,0.000000,0.000000,0.000000,0,0,0.000000,0.000000,0.000000,0.000000,0
3235,51.073608,51.073608,1,612.066833,249.599899,66.016930,26.921602,96,1,847.338501,504.337067,91.393105,54.397305,47,0,0.000000,0.000000,0.000000,0.000000,0,0,0.000000,0.000000,0.000000,0.000000,0
3237,51.107056,51.107056,1,633.500366,233.939423,68.328735,25.232479,98,1,848.253113,507.799133,91.491753,54.770718,60,0,0.000000,0.000000,0.000000,0.000000,0,0,0.000000,0.000000,0.000000,0.000000,0
3239,51.140381,51.140381,1,654.791077,220.702240,70.625130,23.804729,100,1,846.874451,506.065857,91.343056,54.583767,55,0,0.000000,0.000000,0.000000,0.000000,0,0,0.000000,0.000000,0.000000,0.000000,0
3241,51.173706,51.173706,1,678.169678,208.541534,73.146713,22.493086,97,1,847.176086,505.771912,91.375580,54.552063,44,0,0.000000,0.000000,0.000000,0.000000,0,0,0.000000,0.000000,0.000000,0.000000,0
3244,51.207031,51.207031,1,701.730286,198.715424,75.687943,21.433250,103,1,845.459106,505.893799,91.190399,54.565208,33,0,0.000000,0.000000,0.000000,0.000000,0,0,0.000000,0.000000,0.000000,0.000000,0
3247,51.240356,51.240356,1,727.896729,190.027542,78.510231,20.496185,97,1,844.405396,506.217285,91.076744,54.600101,37,0,0.000000,0.000000,0.000000,0.000000,0,0,0.000000,0.000000,0.000000,0.000000,0
3248,51.273682,51.273682,1,752.704895,183.832825,81.186020,19.828030,94,1,845.580811,504.378723,91.203522,54.401798,52,0,0.000000,0.000000,0.000000,0.000000,0,0,0.000000,0.000000,0.000000,0.000000,0
3252,51.307007,51.307007,1,779.778931,180.493378,84.106194,19.467840,102,1,844.653809,504.453827,91.103531,54.409897,37,0,0.000000,0.000000,0.000000,0.000000,0,0,0.000000,0.000000,0.000000,0.000000,0
3254,51.340332,51.340332,1,806.391357,179.735367,86.976585,19.386082,98,1,844.406128,505.263367,91.076820,54.497211,43,0,0.000000,0.000000,0.000000,0.000000,0,0,0.000000,0.000000,0.000000,0.000000,0
3256,51.373657,51.373657,1,832.309692,180.608414,89.772110,19.480247,106,1,839.524353,504.823212,90.550278,54.449741,57,0,0.000000,0.000000,0.000000,0.000000,0,0,0.000000,0.000000,0.000000,0.000000,0
3260,51.407104,51.407104,1,859.753052,183.126862,92.732124,19.751884,101,1,838.204895,503.210205,90.407959,54.275761,39,0,0.000000,0.000000,0.000000,0.000000,0,0,0.000000,0.000000,0.000000,0.000000,0
3262,51.440430,51.440430,1,885.652100,188.621567,95.525566,20.344538,98,1,835.249756,501.989288,90.089218,54.144073,40,0,0.000000,0.000000,0.000000,0.000000,0,0,0.000000,0.000000,0.000000,0.000000,0
3264,51.473755,51.473755,1,911.123169,196.634933,98.272858,21.208851,99,1,833.637878,500.815979,89.915367,54.017521,49,0,0.000000,0.000000,0.000000,0.000000,0,0,0.000000,0.000000,0.000000,0.000000,0
3266,51.507080,51.507080,1,936.967346,207.289246,101.060387,22.358015,93,1,832.482788,500.696198,89.790787,54.004604,51,0,0.000000,0.000000,0.000000,0.000000,0,0,0.000000,0.000000,0.000000,0.000000,0
3269,51.540405,51.540405,1,961.762878,220.031921,103.734802,23.732428,91,1,833.690430,500.791107,89.921036,54.014843,39,0,0.000000,0.000000,0.000000,0.000000,0,0,0.000000,0.000000,0.000000,0.000000,0
3271,51.573730,51.573730,1,983.978638,235.216263,106.130974,25.370195,99,1,832.599365,499.216431,89.803352,53.844997,48,0,0.000000,0.000000,0.000000,0.000000,0,0,0.000000,0.000000,0.000000,0.000000,0
3273,51.607056,51.607056,1,1005.925537,251.952301,108.498146,27.175329,96,1,831.280640,498.065002,89.661118,53.720802,52,0,0.000000,0.000000,0.000000,0.000000,0,0,0.000000,0.000000,0.000000,0.000000,0
3277,51.640381,51.640381,1,1025.636230,271.459106,110.624123,29.279312,93,1,830.829468,499.155609,89.612457,53.838436,41,0,0.000000,0.000000,0.000000,0.000000,0,0,0.000000,0.000000,0.000000,0.000000,0
3279,51.673706,51.673706,1,1042.891357,293.066559,112.485252,31.609871,100,1,832.086792,499.667816,89.748070,53.893681,30,0,0.000000,0.000000,0.000000,0.000000,0,0,0.000000,0.000000,0.000000,0.000000,0
3281,51.707031,51.707031,1,1058.941162,314.749115,114.216362,33.948532,100,1,831.450073,499.658478,89.679390,53.892677,36,0,0.000000,0.000000,0.000000,0.000000,0,0,0.000000,0.000000,0.000000,0.000000,0
3284,51.740479,51.740479,1,1073.277588,340.117188,115.762680,36.684708,94,1,829.539246,498.129517,89.473289,53.727764,46,0,0.000000,0.000000,0.000000,0.000000,0,0,0.000000,0.000000,0.000000,0.000000,0
3286,51.773804,51.773804,1,1085.504028,364.719055,117.081413,39.338242,93,1,828.208191,497.530884,89.329727,53.663197,37,0,0.000000,0.000000,0.000000,0.000000,0,0,0.000000,0.000000,0.000000,0.000000,0
3290,51.807129,51.807129,1,1095.774414,391.491852,118.189156,42.225929,94,1,829.796936,497.061066,89.501083,53.612518,41,0,0.000000,0.000000,0.000000,0.000000,0,0,0.000000,0.000000,0.000000,0.000000,0
3292,51.840454,51.840454,1,1102.535889,418.543060,118.918449,45.143646,94,1,828.029907,495.450897,89.310493,53.438850,54,0,0.000000,0.000000,0.000000,0.000000,0,0,0.000000,0.000000,0.000000,0.000000,0
3294,51.873779,51.873779,1,1106.918457,446.838898,119.391144,48.195606,80,1,831.551819,494.681427,89.690369,53.355854,45,0,0.000000,0.000000,0.000000,0.000000,0,0,0.000000,0.000000,0.000000,0.000000,0
3297,51.907104,51.907104,1,1108.621216,475.543121,119.574806,51.291618,81,1,830.146179,498.029999,89.538757,53.717030,20,0,0.000000,0.000000,0.000000,0.000000,0,0,0.000000,0.000000,0.000000,0.000000,0
3299,51.940430,51.940430,1,1107.043335,504.282745,119.404610,54.391445,80,1,830.757812,495.584503,89.604729,53.453262,22,0,0.000000,0.000000,0.000000,0.000000,0,0,0.000000,0.000000,0.000000,0.000000,0
3302,51.973755,51.973755,1,1103.491455,533.546631,119.021507,57.547817,84,1,828.993958,495.726013,89.414482,53.468525,44,0,0.000000,0.000000,0.000000,0.000000,0,0,0.000000,0.000000,0.000000,0.000000,0
3304,52.007080,52.007080,1,1096.714844,562.361511,118.290596,60.655766,78,1,831.287842,497.413910,89.661896,53.650578,35,0,0.000000,0.000000,0.000000,0.000000,0,0,0.000000,0.000000,0.000000,0.000000,0
3306,52.040527,52.040527,1,1087.523438,590.407898,117.299217,63.680817,84,1,832.928955,496.153839,89.838898,53.514668,27,0,0.000000,0.000000,0.000000,0.000000,0,0,0.000000,0.000000,0.000000,0.000000,0
3309,52.073853,52.073853,1,1075.213379,617.604736,115.971466,66.614243,91,1,833.577820,496.845612,89.908890,53.589283,53,0,0.000000,0.000000,0.000000,0.000000,0,0,0.000000,0.000000,0.000000,0.000000,0
3311,52.107178,52.107178,1,1060.408691,643.613342,114.374649,69.419510,91,1,835.144531,493.987579,90.077873,53.281017,49,0,0.000000,0.000000,0.000000,0.000000,0,0,0.000000,0.000000,0.000000,0.000000,0
3315,52.140503,52.140503,1,1043.789795,668.571655,112.582146,72.111488,97,1,837.307800,493.630890,90.311203,53.242546,41,0,0.000000,0.000000,0.000000,0.000000,0,0,0.000000,0.000000,0.000000,0.000000,0
3317,52.173828,52.173828,1,1023.252075,691.811096,110.366974,74.618073,103,1,840.439453,491.955811,90.648979,53.061874,55,0,0.000000,0.000000,0.000000,0.000000,0,0,0.000000,0.000000,0.000000,0.000000,0
3319,52.207153,52.207153,1,1001.488220,713.127930,108.019539,76.917282,109,1,841.004822,492.954163,90.709961,53.169552,58,0,0.000000,0.000000,0.000000,0.000000,0,0,0.000000,0.000000,0.000000,0.000000,0
3322,52.240479,52.240479,1,976.640747,732.483276,105.339523,79.004929,101,1,843.384888,491.670776,90.966675,53.031132,34,0,0.000000,0.000000,0.000000,0.000000,0,0,0.000000,0.000000,0.000000,0.000000,0
3324,52.273804,52.273804,1,952.213379,747.924377,102.704803,80.670395,94,1,845.710449,495.369720,91.217506,53.430092,6,0,0.000000,0.000000,0.000000,0.000000,0,0,0.000000,0.000000,0.000000,0.000000,0
3326,52.307129,52.307129,1,924.301208,761.741028,99.694221,82.160637,98,1,848.328308,495.928741,91.499863,53.490387,27,0,0.000000,0.000000,0.000000,0.000000,0,0,0.000000,0.000000,0.000000,0.000000,0
3328,52.340576,52.340576,1,897.794373,772.536255,96.835228,83.325005,96,1,847.131897,491.911407,91.370819,53.057083,44,0,0.000000,0.000000,0.000000,0.000000,0,0,0.000000,0.000000,0.000000,0.000000,0
3331,52.373901,52.373901,1,871.041321,780.161926,93.949661,84.147507,90,1,846.496826,490.726501,91.302315,52.929283,20,0,0.000000,0.000000,0.000000,0.000000,0,0,0.000000,0.000000,0.000000,0.000000,0
3335,52.407227,52.407227,1,842.153442,785.520996,90.833847,84.725525,99,1,850.987610,491.997528,91.786690,53.066372,6,0,0.000000,0.000000,0.000000,0.000000,0,0,0.000000,0.000000,0.000000,0.000000,0
3337,52.440552,52.440552,1,814.828064,787.409851,87.886559,84.929260,97,1,852.984680,489.651367,92.002098,52.813316,26,0,0.000000,0.000000,0.000000,0.000000,0,0,0.000000,0.000000,0.000000,0.000000,0
3339,52.473877,52.473877,1,787.816650,788.022217,84.973137,84.995308,98,1,853.317566,489.652618,92.038002,52.813454,38,0,0.000000,0.000000,0.000000,0.000000,0,0,0.000000,0.000000,0.000000,0.000000,0
3341,52.507202,52.507202,1,761.914734,786.375732,82.179382,84.817719,95,1,855.804321,490.514404,92.306221,52.906403,35,0,0.000000,0.000000,0.000000,0.000000,0,0,0.000000,0.000000,0.000000,0.000000,0
3345,52.540527,52.540527,1,735.260132,782.415894,79.304443,84.390617,106,1,854.314758,492.636536,92.145554,53.135296,40,0,0.000000,0.000000,0.000000,0.000000,0,0,0.000000,0.000000,0.000000,0.000000,0
3347,52.573853,52.573853,1,710.456848,776.549988,76.629181,83.757927,103,1,851.649597,493.589325,91.858093,53.238064,52,0,0.000000,0.000000,0.000000,0.000000,0,0,0.000000,0.000000,0.000000,0.000000,0
3349,52.607178,52.607178,1,686.883423,768.577148,74.086571,82.897980,97,1,850.637695,493.046600,91.748955,53.179527,41,0,0.000000,0.000000,0.000000,0.000000,0,0,0.000000,0.000000,0.000000,0.000000,0
3351,52.640503,52.640503,1,664.370483,758.821167,71.658348,81.845711,105,1,855.980469,490.982239,92.325218,52.956867,16,0,0.000000,0.000000,0.000000,0.000000,0,0,0.000000,0.000000,0.000000,0.000000,0
3353,52.673950,52.673950,1,642.930725,746.453552,69.345879,80.511749,110,1,856.526611,492.920166,92.384125,53.165890,22,0,0.000000,0.000000,0.000000,0.000000,0,0,0.000000,0.000000,0.000000,0.000000,0
3356,52.707275,52.707275,1,622.186768,734.227539,67.108459,79.193062,102,1,857.727051,491.602417,92.513603,53.023758,38,0,0.000000,0.000000,0.000000,0.000000,0,0,0.000000,0.000000,0.000000,0.000000,0
3360,52.740601,52.740601,1,603.869446,719.813599,65.132774,77.638390,99,1,860.103699,496.131439,92.769951,53.512253,38,0,0.000000,0.000000,0.000000,0.000000,0,0,0.000000,0.000000,0.000000,0.000000,0
3362,52.773926,52.773926,1,586.148254,703.975525,63.221378,75.930107,108,1,860.307190,501.707031,92.791893,54.113628,34,0,0.000000,0.000000,0.000000,0.000000,0,0,0.000000,0.000000,0.000000,0.000000,0
3364,52.807251,52.807251,1,570.477051,686.651062,61.531097,74.061508,104,1,858.081482,502.449219,92.551826,54.193684,41,0,0.000000,0.000000,0.000000,0.000000,0,0,0.000000,0.000000,0.000000,0.000000,0
3366,52.840576,52.840576,1,556.608093,668.490784,60.035206,72.102760,93,1,856.745361,502.444885,92.407715,54.193214,48,0,0.000000,0.000000,0.000000,0.000000,0,0,0.000000,0.000000,0.000000,0.000000,0
3369,52.873901,52.873901,1,545.117371,649.425964,58.795830,70.046455,94,1,858.996826,500.008698,92.650558,53.930447,38,0,0.000000,0.000000,0.000000,0.000000,0,0,0.000000,0.000000,0.000000,0.000000,0
3371,52.907227,52.907227,1,535.124207,628.847839,57.717976,67.826912,88,1,862.553589,500.891479,93.034187,54.025665,20,0,0.000000,0.000000,0.000000,0.000000,0,0,0.000000,0.000000,0.000000,0.000000,0
3373,52.940552,52.940552,1,526.827942,608.790344,56.823151,65.663528,100,1,865.598145,501.577972,93.362572,54.099709,38,0,0.000000,0.000000,0.000000,0.000000,0,0,0.000000,0.000000,0.000000,0.000000,0
3377,52.973999,52.973999,1,520.566895,587.901611,56.147839,63.410492,92,1,867.475830,504.207458,93.565094,54.383324,44,0,0.000000,0.000000,0.000000,0.000000,0,0,0.000000,0.000000,0.000000,0.000000,0
3379,53.007324,53.007324,1,516.413879,566.385376,55.699898,61.089771,94,1,866.757202,510.423126,93.487587,55.053738,45,0,0.000000,0.000000,0.000000,0.000000,0,0,0.000000,0.000000,0.000000,0.000000,0
3382,53.040649,53.040649,1,514.032959,545.204224,55.443096,58.805195,95,1,865.432373,514.389526,93.344696,55.481556,37,0,0.000000,0.000000,0.000000,0.000000,0,0,0.000000,0.000000,0.000000,0.000000,0
3384,53.073975,53.073975,1,512.368408,521.960205,55.263561,56.298122,92,1,866.466797,518.891235,93.456261,55.967106,43,0,0.000000,0.000000,0.000000,0.000000,0,0,0.000000,0.000000,0.000000,0.000000,0
3386,53.107300,53.107300,1,513.579407,499.555695,55.394176,53.881592,96,1,862.390381,522.626099,93.016586,56.369938,63,0,0.000000,0.000000,0.000000,0.000000,0,0,0.000000,0.000000,0.000000,0.000000,0
3389,53.140625,53.140625,1,516.118652,476.758484,55.668053,51.422703,91,1,860.445496,521.073120,92.806808,56.202438,48,0,0.000000,0.000000,0.000000,0.000000,0,0,0.000000,0.000000,0.000000,0.000000,0
3391,53.173950,53.173950,1,520.815063,454.140198,56.174606,48.983120,95,1,864.159790,517.104858,93.207436,55.774422,40,0,0.000000,0.000000,0.000000,0.000000,0,0,0.000000,0.000000,0.000000,0.000000,0
3393,53.207275,53.207275,1,526.903320,431.671661,56.831276,46.559681,99,1,866.942505,522.165222,93.507568,56.320232,59,0,0.000000,0.000000,0.000000,0.000000,0,0,0.000000,0.000000,0.000000,0.000000,0
3396,53.240601,53.240601,1,534.297607,409.599670,57.628819,44.179024,100,1,864.443176,526.096191,93.237999,56.744221,61,0,0.000000,0.000000,0.000000,0.000000,0,0,0.000000,0.000000,0.000000,0.000000,0
3399,53.274048,53.274048,1,545.225037,388.240479,58.807438,41.875240,92,1,860.537476,531.186401,92.816727,57.293247,51,0,0.000000,0.000000,0.000000,0.000000,0,0,0.000000,0.000000,0.000000,0.000000,0
3402,53.307373,53.307373,1,556.780579,367.537323,60.053810,39.642216,94,1,855.826111,534.572937,92.308563,57.658516,51,0,0.000000,0.000000,0.000000,0.000000,0,0,0.000000,0.000000,0.000000,0.000000,0
3404,53.340698,53.340698,1,570.156982,346.849884,61.496574,37.410889,96,1,851.726562,537.657288,91.866394,57.991188,62,0,0.000000,0.000000,0.000000,0.000000,0,0,0.000000,0.000000,0.000000,0.000000,0
3406,53.374023,53.374023,1,585.304626,328.210876,63.130386,35.400505,93,1,850.823547,539.325928,91.768997,58.171165,62,0,0.000000,0.000000,0.000000,0.000000,0,0,0.000000,0.000000,0.000000,0.000000,0
3409,53.407349,53.407349,1,603.278076,309.431091,65.068985,33.374935,103,1,851.637695,538.369629,91.856812,58.068024,54,0,0.000000,0.000000,0.000000,0.000000,0,0,0.000000,0.000000,0.000000,0.000000,0
3412,53.440674,53.440674,1,622.576355,292.477844,67.150475,31.546373,95,1,853.173523,539.150757,92.022461,58.152271,51,0,0.000000,0.000000,0.000000,0.000000,0,0,0.000000,0.000000,0.000000,0.000000,0
3414,53.473999,53.473999,1,641.071472,276.885345,69.145340,29.864584,89,1,853.965271,542.857605,92.107864,58.552090,44,0,0.000000,0.000000,0.000000,0.000000,0,0,0.000000,0.000000,0.000000,0.000000,0
3416,53.507324,53.507324,1,662.612061,263.899017,71.468689,28.463890,100,1,853.971558,545.864014,92.108536,58.876358,49,0,0.000000,0.000000,0.000000,0.000000,0,0,0.000000,0.000000,0.000000,0.000000,0
3419,53.540649,53.540649,1,685.703857,252.307114,73.959343,27.213598,104,1,854.309448,546.680603,92.144981,58.964439,50,0,0.000000,0.000000,0.000000,0.000000,0,0,0.000000,0.000000,0.000000,0.000000,0
3421,53.573975,53.573975,1,709.664124,242.350723,76.543678,26.139711,103,1,850.822510,545.958496,91.768883,58.886551,50,0,0.000000,0.000000,0.000000,0.000000,0,0,0.000000,0.000000,0.000000,0.000000,0
3423,53.607422,53.607422,1,734.266541,234.683670,79.197273,25.312752,102,1,846.752747,546.922791,91.329926,58.990555,53,0,0.000000,0.000000,0.000000,0.000000,0,0,0.000000,0.000000,0.000000,0.000000,0
3427,53.640747,53.640747,1,760.012695,228.447357,81.974228,24.640110,97,1,842.459595,546.545166,90.866867,58.949829,57,0,0.000000,0.000000,0.000000,0.000000,0,0,0.000000,0.000000,0.000000,0.000000,0
3428,53.674072,53.674072,1,786.571167,224.816727,84.838799,24.248514,93,1,839.432495,545.303223,90.540367,58.815876,56,0,0.000000,0.000000,0.000000,0.000000,0,0,0.000000,0.000000,0.000000,0.000000,0
3432,53.707397,53.707397,1,813.375305,223.654770,87.729866,24.123186,98,1,836.682129,542.707642,90.243713,58.535915,60,0,0.000000,0.000000,0.000000,0.000000,0,0,0.000000,0.000000,0.000000,0.000000,0
3434,53.740723,53.740723,1,842.445435,225.760788,90.865341,24.350338,98,1,834.755371,540.164612,90.035896,58.261627,64,0,0.000000,0.000000,0.000000,0.000000,0,0,0.000000,0.000000,0.000000,0.000000,0
3436,53.774048,53.774048,1,870.891418,230.495010,93.933495,24.860968,95,1,837.359070,537.826904,90.316727,58.009487,53,0,0.000000,0.000000,0.000000,0.000000,0,0,0.000000,0.000000,0.000000,0.000000,0
3439,53.807373,53.807373,1,898.335205,238.263046,96.893555,25.698820,91,1,837.938354,537.509583,90.379211,57.975258,46,0,0.000000,0.000000,0.000000,0.000000,0,0,0.000000,0.000000,0.000000,0.000000,0
3441,53.840698,53.840698,1,926.216125,248.879807,99.900764,26.843933,85,1,839.020752,534.236084,90.495964,57.622181,47,0,0.000000,0.000000,0.000000,0.000000,0,0,0.000000,0.000000,0.000000,0.000000,0
3444,53.874023,53.874023,1,953.579956,261.894073,102.852203,28.247639,92,1,839.423889,533.874512,90.539436,57.583187,57,0,0.000000,0.000000,0.000000,0.000000,0,0,0.000000,0.000000,0.000000,0.000000,0
3447,53.907471,53.907471,1,978.989380,277.005432,105.592842,29.877535,89,1,838.665771,530.712830,90.457672,57.242165,46,0,0.000000,0.000000,0.000000,0.000000,0,0,0.000000,0.000000,0.000000,0.000000,0
3448,53.940796,53.940796,1,1003.449280,294.814911,108.231064,31.798450,88,1,836.148315,527.277527,90.186142,56.871639,29,0,0.000000,0.000000,0.000000,0.000000,0,0,0.000000,0.000000,0.000000,0.000000,0
3452,53.974121,53.974121,1,1026.679810,316.080383,110.736679,34.092121,84,1,836.964539,522.165466,90.274178,56.320255,38,0,0.000000,0.000000,0.000000,0.000000,0,0,0.000000,0.000000,0.000000,0.000000,0
3454,54.007446,54.007446,1,1047.307739,338.406128,112.961594,36.500153,87,1,836.068787,520.935974,90.177559,56.187645,37,0,0.000000,0.000000,0.000000,0.000000,0,0,0.000000,0.000000,0.000000,0.000000,0
3456,54.040771,54.040771,1,1064.792847,362.640442,114.847519,39.114044,81,1,837.139404,516.996826,90.293037,55.762772,28,0,0.000000,0.000000,0.000000,0.000000,0,0,0.000000,0.000000,0.000000,0.000000,0
3460,54.074097,54.074097,1,1079.346191,386.877350,116.417221,41.728214,84,1,838.943359,515.978333,90.487610,55.652920,16,0,0.000000,0.000000,0.000000,0.000000,0,0,0.000000,0.000000,0.000000,0.000000,0
3462,54.107422,54.107422,1,1090.853394,413.277832,117.658386,44.575745,69,1,838.929077,516.576111,90.486069,55.717396,23,0,0.000000,0.000000,0.000000,0.000000,0,0,0.000000,0.000000,0.000000,0.000000,0
3464,54.140747,54.140747,1,1100.454468,441.410889,118.693947,47.610149,78,1,839.474426,516.134033,90.544891,55.669712,26,0,0.000000,0.000000,0.000000,0.000000,0,0,0.000000,0.000000,0.000000,0.000000,0
3466,54.174072,54.174072,1,1105.854126,469.695496,119.276352,50.660900,81,1,840.121033,519.117126,90.614639,55.991467,27,0,0.000000,0.000000,0.000000,0.000000,0,0,0.000000,0.000000,0.000000,0.000000,0
3469,54.207520,54.207520,1,1109.487305,500.408508,119.668213,53.973576,72,1,840.539917,517.508484,90.659821,55.817959,30,0,0.000000,0.000000,0.000000,0.000000,0,0,0.000000,0.000000,0.000000,0.000000,0
3471,54.240845,54.240845,1,1109.904419,529.406616,119.713211,57.101280,73,1,840.372192,519.904846,90.641724,56.076427,44,0,0.000000,0.000000,0.000000,0.000000,0,0,0.000000,0.000000,0.000000,0.000000,0
3473,54.274170,54.274170,1,1107.495117,559.218140,119.453339,60.316723,64,1,842.459167,519.961548,90.866829,56.082542,30,0,0.000000,0.000000,0.000000,0.000000,0,0,0.000000,0.000000,0.000000,0.000000,0
3476,54.307495,54.307495,1,1102.769165,589.119690,118.943596,63.541878,69,1,843.762207,523.182129,91.007370,56.429913,20,0,0.000000,0.000000,0.000000,0.000000,0,0,0.000000,0.000000,0.000000,0.000000,0
3478,54.340820,54.340820,1,1094.664551,617.599976,118.069443,66.613731,82,1,841.605225,521.232910,90.774712,56.219669,26,0,0.000000,0.000000,0.000000,0.000000,0,0,0.000000,0.000000,0.000000,0.000000,0
3482,54.374146,54.374146,1,1084.558105,645.596985,116.979385,69.633461,80,1,838.393921,525.402405,90.428352,56.669388,37,0,0.000000,0.000000,0.000000,0.000000,0,0,0.000000,0.000000,0.000000,0.000000,0
3484,54.407471,54.407471,1,1070.946655,673.360107,115.511269,72.627968,84,1,839.565857,526.588806,90.554756,56.797352,24,0,0.000000,0.000000,0.000000,0.000000,0,0,0.000000,0.000000,0.000000,0.000000,0
3486,54.440796,54.440796,1,1056.420898,698.343140,113.944527,75.322609,88,1,837.171631,529.583130,90.296509,57.120319,29,0,0.000000,0.000000,0.000000,0.000000,0,0,0.000000,0.000000,0.000000,0.000000,0
3489,54.474121,54.474121,1,1037.455811,723.626587,111.898964,78.049660,80,1,834.600769,527.258423,90.019218,56.869576,38,0,0.000000,0.000000,0.000000,0.000000,0,0,0.000000,0.000000,0.000000,0.000000,0
3491,54.507446,54.507446,1,1017.680420,745.302856,109.766022,80.387634,83,1,834.700623,528.663879,90.029991,57.021168,35,0,0.000000,0.000000,0.000000,0.000000,0,0,0.000000,0.000000,0.000000,0.000000,0
3494,54.540894,54.540894,1,994.052429,766.089417,107.217522,82.629654,87,1,834.069763,526.470886,89.961952,56.784637,21,0,0.000000,0.000000,0.000000,0.000000,0,0,0.000000,0.000000,0.000000,0.000000,0
3496,54.574219,54.574219,1,969.019409,782.610840,104.517487,84.411644,85,1,831.478577,524.786255,89.682472,56.602932,41,0,0.000000,0.000000,0.000000,0.000000,0,0,0.000000,0.000000,0.000000,0.000000,0
3498,54.607544,54.607544,1,943.519043,797.410339,101.767044,86.007904,92,1,827.627625,521.724365,89.267105,56.272678,44,0,0.000000,0.000000,0.000000,0.000000,0,0,0.000000,0.000000,0.000000,0.000000,0
3502,54.640869,54.640869,1,917.200439,808.717224,98.928345,87.227448,82,1,825.763611,520.730164,89.066055,56.165447,27,0,0.000000,0.000000,0.000000,0.000000,0,0,0.000000,0.000000,0.000000,0.000000,0
3504,54.674194,54.674194,1,890.449707,816.851746,96.043037,88.104828,82,1,825.984558,519.702393,89.089882,56.054592,25,0,0.000000,0.000000,0.000000,0.000000,0,0,0.000000,0.000000,0.000000,0.000000,0
3506,54.707520,54.707520,1,861.999512,822.921448,92.974426,88.759506,91,1,823.291321,516.845825,88.799400,55.746490,40,0,0.000000,0.000000,0.000000,0.000000,0,0,0.000000,0.000000,0.000000,0.000000,0
3509,54.740845,54.740845,1,834.276855,826.548767,89.984291,89.150742,103,1,821.397461,512.330200,88.595123,55.259434,58,0,0.000000,0.000000,0.000000,0.000000,0,0,0.000000,0.000000,0.000000,0.000000,0
3511,54.774170,54.774170,1,805.714111,827.383057,86.903534,89.240730,95,1,820.191345,512.602966,88.465034,55.288857,51,0,0.000000,0.000000,0.000000,0.000000,0,0,0.000000,0.000000,0.000000,0.000000,0
3515,54.807495,54.807495,1,777.223816,825.809082,83.830605,89.070961,104,1,820.632080,512.961731,88.512573,55.327553,29,0,0.000000,0.000000,0.000000,0.000000,0,0,0.000000,0.000000,0.000000,0.000000,0
3517,54.840942,54.840942,1,747.385254,822.428223,80.612244,88.706306,103,1,822.662109,512.255432,88.731529,55.251373,27,0,0.000000,0.000000,0.000000,0.000000,0,0,0.000000,0.000000,0.000000,0.000000,0
3518,54.874268,54.874268,1,720.334656,816.608643,77.694595,88.078606,110,1,822.722595,511.935791,88.738052,55.216896,43,0,0.000000,0.000000,0.000000,0.000000,0,0,0.000000,0.000000,0.000000,0.000000,0
3522,54.907593,54.907593,1,692.828796,808.513428,74.727837,87.205467,108,1,823.564941,510.669495,88.828911,55.080311,41,0,0.000000,0.000000,0.000000,0.000000,0,0,0.000000,0.000000,0.000000,0.000000,0
3524,54.940918,54.940918,1,665.625427,797.164307,71.793709,85.981361,113,1,823.857849,510.225128,88.860504,55.032383,36,0,0.000000,0.000000,0.000000,0.000000,0,0,0.000000,0.000000,0.000000,0.000000,0
3527,54.974243,54.974243,1,640.330444,784.205139,69.065414,84.583603,110,1,820.944275,511.267151,88.546249,55.144775,48,0,0.000000,0.000000,0.000000,0.000000,0,0,0.000000,0.000000,0.000000,0.000000,0
3529,55.007568,55.007568,1,616.166321,769.161743,66.459099,82.961037,106,1,819.665955,512.372803,88.408363,55.264030,50,0,0.000000,0.000000,0.000000,0.000000,0,0,0.000000,0.000000,0.000000,0.000000,0
3531,55.040894,55.040894,1,593.987610,752.397217,64.066925,81.152832,111,1,821.965515,514.648499,88.656395,55.509487,30,0,0.000000,0.000000,0.000000,0.000000,0,0,0.000000,0.000000,0.000000,0.000000,0
3534,55.074219,55.074219,1,573.252502,733.929688,61.830456,79.160942,103,1,822.661255,513.197815,88.731445,55.353012,11,0,0.000000,0.000000,0.000000,0.000000,0,0,0.000000,0.000000,0.000000,0.000000,0
3536,55.107544,55.107544,1,555.211304,712.775940,59.884548,76.879311,107,1,818.585449,511.361877,88.291824,55.154991,33,0,0.000000,0.000000,0.000000,0.000000,0,0,0.000000,0.000000,0.000000,0.000000,0
3538,55.140991,55.140991,1,538.856934,690.720032,58.120579,74.500389,107,1,817.509827,511.899536,88.175812,55.212982,36,0,0.000000,0.000000,0.000000,0.000000,0,0,0.000000,0.000000,0.000000,0.000000,0
3541,55.174316,55.174316,1,524.761475,665.508362,56.600262,71.781082,98,1,817.492676,510.784760,88.173958,55.092743,23,0,0.000000,0.000000,0.000000,0.000000,0,0,0.000000,0.000000,0.000000,0.000000,0
3544,55.207642,55.207642,1,513.008057,640.384399,55.332550,69.071236,96,1,815.802246,509.898621,87.991631,54.997169,38,0,0.000000,0.000000,0.000000,0.000000,0,0,0.000000,0.000000,0.000000,0.000000,0
3547,55.240967,55.240967,1,502.807343,613.747437,54.232307,66.198196,101,1,817.888916,511.672577,88.216698,55.188503,57,0,0.000000,0.000000,0.000000,0.000000,0,0,0.000000,0.000000,0.000000,0.000000,0
3549,55.274292,55.274292,1,495.546387,587.293030,53.449150,63.344856,95,1,817.470459,512.695312,88.171570,55.298817,51,0,0.000000,0.000000,0.000000,0.000000,0,0,0.000000,0.000000,0.000000,0.000000,0
3551,55.307617,55.307617,1,491.272888,558.233093,52.988216,60.210480,99,1,819.215332,513.601868,88.359764,55.396599,45,0,0.000000,0.000000,0.000000,0.000000,0,0,0.000000,0.000000,0.000000,0.000000,0
3554,55.340942,55.340942,1,489.355713,531.779114,52.781429,57.357174,93,1,815.808167,515.882874,87.992271,55.642624,55,0,0.000000,0.000000,0.000000,0.000000,0,0,0.000000,0.000000,0.000000,0.000000,0
3556,55.374268,55.374268,1,490.230408,503.547668,52.875774,54.312160,97,1,815.271057,521.003174,87.934341,56.194897,58,0,0.000000,0.000000,0.000000,0.000000,0,0,0.000000,0.000000,0.000000,0.000000,0
3560,55.407593,55.407593,1,493.576416,473.565521,53.236671,51.078316,94,1,813.051697,524.177612,87.694962,56.537285,51,0,0.000000,0.000000,0.000000,0.000000,0,0,0.000000,0.000000,0.000000,0.000000,0
3562,55.440918,55.440918,1,499.358459,446.170868,53.860317,48.123554,86,1,813.089355,526.829041,87.699028,56.823269,63,0,0.000000,0.000000,0.000000,0.000000,0,0,0.000000,0.000000,0.000000,0.000000,0
3564,55.474365,55.474365,1,509.339386,417.795776,54.936852,45.063042,97,1,807.585938,526.288818,87.105431,56.764999,57,0,0.000000,0.000000,0.000000,0.000000,0,0,0.000000,0.000000,0.000000,0.000000,0
3567,55.507690,55.507690,1,521.854370,389.503754,56.286705,42.011497,92,1,806.751465,527.232666,87.015427,56.866798,48,0,0.000000,0.000000,0.000000,0.000000,0,0,0.000000,0.000000,0.000000,0.000000,0
3569,55.541016,55.541016,1,538.150818,363.684662,58.044422,39.226673,90,1,804.875000,528.942810,86.813034,57.051258,44,0,0.000000,0.000000,0.000000,0.000000,0,0,0.000000,0.000000,0.000000,0.000000,0
3571,55.574341,55.574341,1,555.567322,338.237732,59.922951,36.481991,97,1,805.567383,525.777405,86.887711,56.709835,57,0,0.000000,0.000000,0.000000,0.000000,0,0,0.000000,0.000000,0.000000,0.000000,0
3573,55.607666,55.607666,1,575.947937,313.941528,62.121185,33.861427,99,1,805.310852,526.899536,86.860039,56.830872,59,0,0.000000,0.000000,0.000000,0.000000,0,0,0.000000,0.000000,0.000000,0.000000,0
3576,55.640991,55.640991,1,597.799011,292.457764,64.478012,31.544209,94,1,802.385010,524.554382,86.544464,56.577923,61,0,0.000000,0.000000,0.000000,0.000000,0,0,0.000000,0.000000,0.000000,0.000000,0
3580,55.674316,55.674316,1,621.603943,273.972382,67.045593,29.550394,99,1,806.003479,520.619141,86.934753,56.153469,57,0,0.000000,0.000000,0.000000,0.000000,0,0,0.000000,0.000000,0.000000,0.000000,0
3582,55.707642,55.707642,1,645.101807,258.341492,69.580048,27.864462,96,1,803.825378,519.272095,86.699821,56.008183,56,0,0.000000,0.000000,0.000000,0.000000,0,0,0.000000,0.000000,0.000000,0.000000,0
3584,55.740967,55.740967,1,672.001953,245.476624,72.481476,26.476868,96,1,800.091492,521.080017,86.297089,56.203182,64,0,0.000000,0.000000,0.000000,0.000000,0,0,0.000000,0.000000,0.000000,0.000000,0
3586,55.774414,55.774414,1,698.953125,236.280884,75.388405,25.485025,89,1,802.154541,523.661194,86.519608,56.481583,59,0,0.000000,0.000000,0.000000,0.000000,0,0,0.000000,0.000000,0.000000,0.000000,0
3589,55.807739,55.807739,1,726.834717,230.331879,78.395683,24.843370,91,1,804.714417,528.686157,86.795708,57.023575,57,0,0.000000,0.000000,0.000000,0.000000,0,0,0.000000,0.000000,0.000000,0.000000,0
3591,55.841064,55.841064,1,755.102478,228.358643,81.444611,24.630541,90,1,800.593079,530.468567,86.351189,57.215820,61,0,0.000000,0.000000,0.000000,0.000000,0,0,0.000000,0.000000,0.000000,0.000000,0
3593,55.874390,55.874390,1,783.204224,229.261520,84.475647,24.727924,85,1,799.068665,526.453247,86.186760,56.782734,69,0,0.000000,0.000000,0.000000,0.000000,0,0,0.000000,0.000000,0.000000,0.000000,0
3596,55.907715,55.907715,1,813.656128,233.380295,87.760155,25.172171,91,1,797.932739,529.111145,86.064247,57.069408,60,0,0.000000,0.000000,0.000000,0.000000,0,0,0.000000,0.000000,0.000000,0.000000,0
3598,55.941040,55.941040,1,841.909424,241.295349,90.807526,26.025881,96,1,790.497864,530.158142,85.262329,57.182339,62,0,0.000000,0.000000,0.000000,0.000000,0,0,0.000000,0.000000,0.000000,0.000000,0
3602,55.974365,55.974365,1,871.155579,253.547867,93.961990,27.347425,91,1,787.140442,523.659790,84.900200,56.481434,62,0,0.000000,0.000000,0.000000,0.000000,0,0,0.000000,0.000000,0.000000,0.000000,0
3604,56.007690,56.007690,1,899.089783,269.031555,96.974945,29.017483,85,1,787.594543,518.298523,84.949181,55.903172,58,0,0.000000,0.000000,0.000000,0.000000,0,0,0.000000,0.000000,0.000000,0.000000,0
3606,56.041016,56.041016,1,925.118469,287.783356,99.782372,31.040033,95,1,789.566528,514.915283,85.161873,55.538261,62,0,0.000000,0.000000,0.000000,0.000000,0,0,0.000000,0.000000,0.000000,0.000000,0
3609,56.074463,56.074463,1,950.692993,309.228516,102.540817,33.353088,92,1,789.634216,515.432373,85.169174,55.594032,62,0,0.000000,0.000000,0.000000,0.000000,0,0,0.000000,0.000000,0.000000,0.000000,0
3611,56.107788,56.107788,1,972.487488,334.211090,104.891548,36.047684,92,1,791.965088,518.108826,85.420578,55.882710,56,0,0.000000,0.000000,0.000000,0.000000,0,0,0.000000,0.000000,0.000000,0.000000,0
3613,56.141113,56.141113,1,991.119324,362.449432,106.901161,39.093441,90,1,792.351746,519.811035,85.462288,56.066311,68,0,0.000000,0.000000,0.000000,0.000000,0,0,0.000000,0.000000,0.000000,0.000000,0
3616,56.174438,56.174438,1,1006.896545,392.892792,108.602882,42.377033,87,1,792.326904,517.792969,85.459610,55.848640,65,0,0.000000,0.000000,0.000000,0.000000,0,0,0.000000,0.000000,0.000000,0.000000,0
3619,56.207764,56.207764,1,1018.900757,425.505066,109.897636,45.894558,91,1,791.673218,514.803284,85.389099,55.526180,63,0,0.000000,0.000000,0.000000,0.000000,0,0,0.000000,0.000000,0.000000,0.000000,0
3622,56.241089,56.241089,1,1025.980347,458.257904,110.661232,49.427250,92,1,789.682617,512.980408,85.174400,55.329567,66,0,0.000000,0.000000,0.000000,0.000000,0,0,0.000000,0.000000,0.000000,0.000000,0
3624,56.274414,56.274414,1,1029.595337,493.274719,111.051147,53.204128,77,1,788.594910,510.808624,85.057076,55.095322,65,0,0.000000,0.000000,0.000000,0.000000,0,0,0.000000,0.000000,0.000000,0.000000,0
3626,56.307739,56.307739,1,1028.345215,529.763733,110.916306,57.139797,79,1,789.798645,512.252930,85.186913,55.251099,60,0,0.000000,0.000000,0.000000,0.000000,0,0,0.000000,0.000000,0.000000,0.000000,0
3629,56.341064,56.341064,1,1023.504639,563.733459,110.394211,60.803741,100,1,791.376526,512.182129,85.357094,55.243465,62,0,0.000000,0.000000,0.000000,0.000000,0,0,0.000000,0.000000,0.000000,0.000000,0
3631,56.374512,56.374512,1,1014.560974,597.841370,109.429558,64.482582,93,1,794.275208,511.714691,85.669754,55.193047,65,0,0.000000,0.000000,0.000000,0.000000,0,0,0.000000,0.000000,0.000000,0.000000,0
3635,56.407837,56.407837,1,1002.324097,630.340576,108.109703,67.987923,94,1,794.204895,511.889343,85.662170,55.211887,62,0,0.000000,0.000000,0.000000,0.000000,0,0,0.000000,0.000000,0.000000,0.000000,0
3636,56.441162,56.441162,1,984.665894,660.810730,106.205101,71.274399,98,1,792.544495,513.453369,85.483078,55.380581,57,0,0.000000,0.000000,0.000000,0.000000,0,0,0.000000,0.000000,0.000000,0.000000,0
3638,56.474487,56.474487,1,963.358154,687.673645,103.906868,74.171806,106,1,790.542053,513.091492,85.267090,55.341549,65,0,0.000000,0.000000,0.000000,0.000000,0,0,0.000000,0.000000,0.000000,0.000000,0
3642,56.507812,56.507812,1,938.442932,711.076843,101.219536,76.696053,104,1,791.450500,513.370544,85.365074,55.371643,68,0,0.000000,0.000000,0.000000,0.000000,0,0,0.000000,0.000000,0.000000,0.000000,0
3644,56.541138,56.541138,1,909.630371,731.184998,98.111839,78.864899,100,1,791.746277,510.382843,85.396980,55.049393,60,0,0.000000,0.000000,0.000000,0.000000,0,0,0.000000,0.000000,0.000000,0.000000,0
3646,56.574463,56.574463,1,878.998230,745.965149,94.807892,80.459076,98,1,793.299255,505.340515,85.564484,54.505535,62,0,0.000000,0.000000,0.000000,0.000000,0,0,0.000000,0.000000,0.000000,0.000000,0
3648,56.607788,56.607788,1,846.261169,756.731140,91.276901,81.620285,109,1,795.634033,499.927032,85.816307,53.921642,57,0,0.000000,0.000000,0.000000,0.000000,0,0,0.000000,0.000000,0.000000,0.000000,0
3651,56.641113,56.641113,1,812.121399,763.397766,87.594620,82.339333,103,1,801.862061,498.974213,86.488060,53.818871,61,0,0.000000,0.000000,0.000000,0.000000,0,0,0.000000,0.000000,0.000000,0.000000,0
3654,56.674438,56.674438,1,778.007996,764.844421,83.915184,82.495369,96,1,806.143188,500.200226,86.949821,53.951111,60,0,0.000000,0.000000,0.000000,0.000000,0,0,0.000000,0.000000,0.000000,0.000000,0
3657,56.707886,56.707886,1,743.220398,761.209106,80.163025,82.103271,99,1,811.806946,499.502899,87.560707,53.875896,63,0,0.000000,0.000000,0.000000,0.000000,0,0,0.000000,0.000000,0.000000,0.000000,0
3658,56.741211,56.741211,1,709.872009,752.868469,76.566101,81.203659,112,1,812.753296,498.820496,87.662781,53.802288,54,0,0.000000,0.000000,0.000000,0.000000,0,0,0.000000,0.000000,0.000000,0.000000,0
3660,56.774536,56.774536,1,677.902649,739.768738,73.117920,79.790733,104,1,814.217163,496.053925,87.820663,53.503891,53,0,0.000000,0.000000,0.000000,0.000000,0,0,0.000000,0.000000,0.000000,0.000000,0
3664,56.807861,56.807861,1,647.949890,723.255371,69.887238,78.009613,105,1,812.696899,494.644287,87.656693,53.351849,54,0,0.000000,0.000000,0.000000,0.000000,0,0,0.000000,0.000000,0.000000,0.000000,0
3668,56.874512,56.874512,1,596.666992,681.578247,64.355919,73.514366,102,1,813.320312,488.190765,87.723938,52.655777,53,0,0.000000,0.000000,0.000000,0.000000,0,0,0.000000,0.000000,0.000000,0.000000,0
3671,56.907837,56.907837,1,575.053711,655.523193,62.024731,70.704094,94,1,814.593628,483.624573,87.861275,52.163273,51,0,0.000000,0.000000,0.000000,0.000000,0,0,0.000000,0.000000,0.000000,0.000000,0
3674,56.941162,56.941162,1,556.663635,629.167603,60.041199,67.861404,97,1,817.077942,479.425903,88.129227,51.710411,47,0,0.000000,0.000000,0.000000,0.000000,0,0,0.000000,0.000000,0.000000,0.000000,0
3677,56.974487,56.974487,1,541.077393,599.762512,58.360081,64.689804,98,1,818.532288,479.992920,88.286095,51.771568,38,0,0.000000,0.000000,0.000000,0.000000,0,0,0.000000,0.000000,0.000000,0.000000,0
3679,57.007935,57.007935,1,529.377747,569.448547,57.098167,61.420162,97,1,820.301331,479.952759,88.476898,51.767235,32,0,0.000000,0.000000,0.000000,0.000000,0,0,0.000000,0.000000,0.000000,0.000000,0
3681,57.041260,57.041260,1,520.551697,538.245667,56.146198,58.054649,100,1,818.610046,479.233917,88.294479,51.689701,43,0,0.000000,0.000000,0.000000,0.000000,0,0,0.000000,0.000000,0.000000,0.000000,0
3684,57.074585,57.074585,1,514.313232,505.433044,55.473320,54.515514,105,1,817.365540,479.173553,88.160248,51.683193,48,0,0.000000,0.000000,0.000000,0.000000,0,0,0.000000,0.000000,0.000000,0.000000,0
3686,57.107910,57.107910,1,513.089355,474.098572,55.341316,51.135807,98,1,815.538086,477.980988,87.963142,51.554565,48,0,0.000000,0.000000,0.000000,0.000000,0,0,0.000000,0.000000,0.000000,0.000000,0
3688,57.141235,57.141235,1,514.263672,441.782501,55.467976,47.650230,91,1,814.651672,476.807068,87.867538,51.427944,49,0,0.000000,0.000000,0.000000,0.000000,0,0,0.000000,0.000000,0.000000,0.000000,0
3691,57.174561,57.174561,1,518.252075,411.146942,55.898163,44.345905,91,1,817.410278,473.814941,88.165077,51.105217,34,0,0.000000,0.000000,0.000000,0.000000,0,0,0.000000,0.000000,0.000000,0.000000,0
3693,57.207886,57.207886,1,525.638062,380.862946,56.694809,41.079506,96,1,818.794861,471.445984,88.314407,50.849705,25,0,0.000000,0.000000,0.000000,0.000000,0,0,0.000000,0.000000,0.000000,0.000000,0
3697,57.241211,57.241211,1,536.107849,350.998291,57.824070,37.858334,95,1,821.001892,470.639618,88.552460,50.762730,42,0,0.000000,0.000000,0.000000,0.000000,0,0,0.000000,0.000000,0.000000,0.000000,0
3699,57.274536,57.274536,1,549.796021,323.246552,59.300461,34.865059,91,1,822.425232,468.449554,88.705986,50.526512,41,0,0.000000,0.000000,0.000000,0.000000,0,0,0.000000,0.000000,0.000000,0.000000,0
3701,57.307983,57.307983,1,565.482239,296.649811,60.992363,31.996359,94,1,824.778198,467.913910,88.959770,50.468735,23,0,0.000000,0.000000,0.000000,0.000000,0,0,0.000000,0.000000,0.000000,0.000000,0
3704,57.341309,57.341309,1,584.168030,272.079742,63.007793,29.346254,91,1,824.808228,466.349457,88.963013,50.299995,32,0,0.000000,0.000000,0.000000,0.000000,0,0,0.000000,0.000000,0.000000,0.000000,0
3706,57.374634,57.374634,1,604.218201,249.409134,65.170387,26.901026,92,1,825.160583,465.944153,89.001015,50.256283,40,0,0.000000,0.000000,0.000000,0.000000,0,0,0.000000,0.000000,0.000000,0.000000,0
3710,57.407959,57.407959,1,627.058655,228.371338,67.633934,24.631908,98,1,826.182983,465.078064,89.111290,50.162868,36,0,0.000000,0.000000,0.000000,0.000000,0,0,0.000000,0.000000,0.000000,0.000000,0
3712,57.441284,57.441284,1,651.696106,210.838211,70.291306,22.740803,94,1,829.110352,465.817078,89.427032,50.242577,30,0,0.000000,0.000000,0.000000,0.000000,0,0,0.000000,0.000000,0.000000,0.000000,0
3714,57.474609,57.474609,1,678.457825,194.745163,73.177803,21.005022,92,1,831.059998,463.229523,89.637321,49.963486,47,0,0.000000,0.000000,0.000000,0.000000,0,0,0.000000,0.000000,0.000000,0.000000,0
3717,57.507935,57.507935,1,706.226624,182.050064,76.172913,19.635742,93,1,832.821472,462.530762,89.827309,49.888115,40,0,0.000000,0.000000,0.000000,0.000000,0,0,0.000000,0.000000,0.000000,0.000000,0
3719,57.541260,57.541260,1,733.711609,172.306152,79.137421,18.584774,87,1,835.121460,462.215546,90.075386,49.854118,29,0,0.000000,0.000000,0.000000,0.000000,0,0,0.000000,0.000000,0.000000,0.000000,0
3721,57.574585,57.574585,1,763.893433,164.515335,82.392799,17.744465,92,1,834.449707,460.972260,90.002930,49.720016,46,0,0.000000,0.000000,0.000000,0.000000,0,0,0.000000,0.000000,0.000000,0.000000,0
3723,57.607910,57.607910,1,794.387268,159.278381,85.681839,17.179609,85,1,835.215454,461.295532,90.085526,49.754887,49,0,0.000000,0.000000,0.000000,0.000000,0,0,0.000000,0.000000,0.000000,0.000000,0
3726,57.641357,57.641357,1,825.515137,157.494308,89.039261,16.987183,90,1,837.219971,463.066284,90.301727,49.945877,35,0,0.000000,0.000000,0.000000,0.000000,0,0,0.000000,0.000000,0.000000,0.000000,0
3729,57.674683,57.674683,1,856.816589,159.444077,92.415398,17.197483,88,1,838.658875,463.441986,90.456932,49.986401,38,0,0.000000,0.000000,0.000000,0.000000,0,0,0.000000,0.000000,0.000000,0.000000,0
3730,57.708008,57.708008,1,888.200928,164.179962,95.800484,17.708290,87,1,836.940186,465.494812,90.271545,50.207817,50,0,0.000000,0.000000,0.000000,0.000000,0,0,0.000000,0.000000,0.000000,0.000000,0
3734,57.741333,57.741333,1,919.154419,171.965546,99.139099,18.548037,84,1,839.597229,467.534424,90.558144,50.427807,43,0,0.000000,0.000000,0.000000,0.000000,0,0,0.000000,0.000000,0.000000,0.000000,0
3736,57.774658,57.774658,1,949.106262,182.025238,102.369675,19.633064,79,1,841.619202,471.584991,90.776222,50.864697,21,0,0.000000,0.000000,0.000000,0.000000,0,0,0.000000,0.000000,0.000000,0.000000,0
3739,57.807983,57.807983,1,977.480042,195.046555,105.430046,21.037531,79,1,842.429504,473.851349,90.863625,51.109142,29,0,0.000000,0.000000,0.000000,0.000000,0,0,0.000000,0.000000,0.000000,0.000000,0
3741,57.841309,57.841309,1,1004.560120,210.499725,108.350876,22.704294,81,1,842.875000,472.617432,90.911674,50.976055,47,0,0.000000,0.000000,0.000000,0.000000,0,0,0.000000,0.000000,0.000000,0.000000,0
3743,57.874634,57.874634,1,1031.090332,228.563583,111.212395,24.652645,83,1,844.346375,475.885071,91.070374,51.328499,32,0,0.000000,0.000000,0.000000,0.000000,0,0,0.000000,0.000000,0.000000,0.000000,0
3746,57.907959,57.907959,1,1055.310181,248.484009,113.824722,26.801243,92,0,0.000000,0.000000,0.000000,0.000000,0,0,0.000000,0.000000,0.000000,0.000000,0,0,0.000000,0.000000,0.000000,0.000000,0
3748,57.941406,57.941406,1,1076.896729,269.701935,116.153030,29.089787,87,1,845.262268,475.614105,91.169167,51.299271,36,0,0.000000,0.000000,0.000000,0.000000,0,0,0.000000,0.000000,0.000000,0.000000,0
3750,57.974731,57.974731,1,1097.276611,293.141479,118.351189,31.617952,90,1,846.556885,479.880615,91.308800,51.759457,38,0,0.000000,0.000000,0.000000,0.000000,0,0,0.000000,0.000000,0.000000,0.000000,0
3754,58.008057,58.008057,1,1115.454956,318.277893,120.311882,34.329144,88,1,848.244812,483.726288,91.490860,52.174248,21,0,0.000000,0.000000,0.000000,0.000000,0,0,0.000000,0.000000,0.000000,0.000000,0
3756,58.041382,58.041382,1,1129.796753,343.627502,121.858780,37.063324,83,1,852.309998,485.205688,91.929329,52.333813,23,0,0.000000,0.000000,0.000000,0.000000,0,0,0.000000,0.000000,0.000000,0.000000,0
3759,58.074707,58.074707,1,1142.639160,370.929138,123.243950,40.008053,80,1,849.081970,485.137878,91.581154,52.326496,42,0,0.000000,0.000000,0.000000,0.000000,0,0,0.000000,0.000000,0.000000,0.000000,0
3761,58.108032,58.108032,1,1153.733276,397.760681,124.440544,42.902077,90,1,848.533569,489.850189,91.522003,52.834763,33,0,0.000000,0.000000,0.000000,0.000000,0,0,0.000000,0.000000,0.000000,0.000000,0
3764,58.141357,58.141357,1,1161.959229,424.889587,125.327782,45.828175,94,1,849.220642,492.991455,91.596107,53.173576,20,0,0.000000,0.000000,0.000000,0.000000,0,0,0.000000,0.000000,0.000000,0.000000,0
3767,58.174683,58.174683,1,1167.428467,453.384827,125.917686,48.901646,90,1,847.199158,497.488190,91.378075,53.658592,46,0,0.000000,0.000000,0.000000,0.000000,0,0,0.000000,0.000000,0.000000,0.000000,0
3768,58.208008,58.208008,1,1171.218994,481.552338,126.326538,51.939766,86,1,846.031433,497.389771,91.252121,53.647976,54,0,0.000000,0.000000,0.000000,0.000000,0,0,0.000000,0.000000,0.000000,0.000000,0
3772,58.241455,58.241455,1,1173.703735,510.078918,126.594536,55.016617,88,1,848.865173,499.618347,91.557770,53.888348,41,0,0.000000,0.000000,0.000000,0.000000,0,0,0.000000,0.000000,0.000000,0.000000,0
3774,58.274780,58.274780,1,1173.480225,538.313171,126.570427,58.061932,94,1,850.139343,502.005951,91.695198,54.145870,31,0,0.000000,0.000000,0.000000,0.000000,0,0,0.000000,0.000000,0.000000,0.000000,0
3776,58.308105,58.308105,1,1170.913818,565.664001,126.293617,61.011971,92,1,848.488464,502.640533,91.517136,54.214317,54,0,0.000000,0.000000,0.000000,0.000000,0,0,0.000000,0.000000,0.000000,0.000000,0
3779,58.341431,58.341431,1,1166.949707,592.714172,125.866051,63.929573,82,1,848.950317,503.021210,91.566948,54.255375,49,0,0.000000,0.000000,0.000000,0.000000,0,0,0.000000,0.000000,0.000000,0.000000,0
3781,58.374756,58.374756,1,1159.749634,618.784607,125.089455,66.741508,81,1,851.158325,508.388000,91.805107,54.834232,41,0,0.000000,0.000000,0.000000,0.000000,0,0,0.000000,0.000000,0.000000,0.000000,0
3783,58.408081,58.408081,1,1151.097412,644.351624,124.156242,69.499138,83,1,851.536743,508.961334,91.845924,54.896072,35,0,0.000000,0.000000,0.000000,0.000000,0,0,0.000000,0.000000,0.000000,0.000000,0
3785,58.441406,58.441406,1,1142.364746,667.794983,123.214348,72.027710,85,1,848.226685,509.059723,91.488907,54.906685,49,0,0.000000,0.000000,0.000000,0.000000,0,0,0.000000,0.000000,0.000000,0.000000,0
3788,58.474731,58.474731,1,1130.831543,692.039551,121.970383,74.642708,92,1,848.595520,508.313690,91.528687,54.826218,55,0,0.000000,0.000000,0.000000,0.000000,0,0,0.000000,0.000000,0.000000,0.000000,0
3792,58.508057,58.508057,1,1117.469727,713.801208,120.529198,76.989906,97,1,849.031860,510.598419,91.575752,55.072647,55,0,0.000000,0.000000,0.000000,0.000000,0,0,0.000000,0.000000,0.000000,0.000000,0
3794,58.541382,58.541382,1,1102.651123,733.970764,118.930878,79.165367,88,1,851.173462,508.600769,91.806740,54.857182,58,0,0.000000,0.000000,0.000000,0.000000,0,0,0.000000,0.000000,0.000000,0.000000,0
3796,58.574829,58.574829,1,1086.222778,754.007019,117.158920,81.326462,86,1,852.825989,507.470490,91.984978,54.735271,63,0,0.000000,0.000000,0.000000,0.000000,0,0,0.000000,0.000000,0.000000,0.000000,0
3798,58.608154,58.608154,1,1069.118042,771.082336,115.314026,83.168190,88,1,851.854431,505.949799,91.880188,54.571251,51,0,0.000000,0.000000,0.000000,0.000000,0,0,0.000000,0.000000,0.000000,0.000000,0
3801,58.641479,58.641479,1,1051.016235,786.645996,113.361588,84.846870,94,1,853.387146,505.395203,92.045502,54.511433,49,0,0.000000,0.000000,0.000000,0.000000,0,0,0.000000,0.000000,0.000000,0.000000,0
3803,58.674805,58.674805,1,1031.494019,800.719238,111.255936,86.364799,91,1,854.080200,502.611938,92.120262,54.211231,54,0,0.000000,0.000000,0.000000,0.000000,0,0,0.000000,0.000000,0.000000,0.000000,0
3805,58.708130,58.708130,1,1010.670593,812.976929,109.009941,87.686897,88,1,855.543030,503.332397,92.278030,54.288940,57,0,0.000000,0.000000,0.000000,0.000000,0,0,0.000000,0.000000,0.000000,0.000000,0
3809,58.741455,58.741455,1,989.054810,823.738647,106.678490,88.847641,91,1,854.207520,498.219116,92.133987,53.737431,53,0,0.000000,0.000000,0.000000,0.000000,0,0,0.000000,0.000000,0.000000,0.000000,0
3811,58.774780,58.774780,1,966.734436,832.461731,104.271034,89.788513,89,1,855.925110,499.320740,92.319244,53.856247,55,0,0.000000,0.000000,0.000000,0.000000,0,0,0.000000,0.000000,0.000000,0.000000,0
3814,58.808105,58.808105,1,943.543701,839.826477,101.769699,90.582863,87,1,855.837219,500.203522,92.309761,53.951462,51,0,0.000000,0.000000,0.000000,0.000000,0,0,0.000000,0.000000,0.000000,0.000000,0
3816,58.841431,58.841431,1,916.869812,846.630859,98.892677,91.316772,95,1,858.266296,501.549164,92.571770,54.096603,65,0,0.000000,0.000000,0.000000,0.000000,0,0,0.000000,0.000000,0.000000,0.000000,0
3819,58.874878,58.874878,1,888.615479,850.225891,95.845200,91.704529,86,1,858.421021,503.751831,92.588455,54.334179,63,0,0.000000,0.000000,0.000000,0.000000,0,0,0.000000,0.000000,0.000000,0.000000,0
3823,58.908203,58.908203,1,859.910278,852.050720,92.749077,91.901360,101,1,862.072021,509.215027,92.982246,54.923435,61,0,0.000000,0.000000,0.000000,0.000000,0,0,0.000000,0.000000,0.000000,0.000000,0
3826,58.941528,58.941528,1,830.913025,849.548706,89.621468,91.631493,110,1,868.548462,511.288818,93.680786,55.147114,57,0,0.000000,0.000000,0.000000,0.000000,0,0,0.000000,0.000000,0.000000,0.000000,0
3828,58.974854,58.974854,1,802.685303,843.904053,86.576859,91.022667,119,1,874.211670,509.774384,94.291618,54.983768,48,0,0.000000,0.000000,0.000000,0.000000,0,0,0.000000,0.000000,0.000000,0.000000,0
3831,59.008179,59.008179,1,774.462952,835.733582,83.532814,90.141411,112,1,877.177551,509.953522,94.611519,55.003090,60,0,0.000000,0.000000,0.000000,0.000000,0,0,0.000000,0.000000,0.000000,0.000000,0
3835,59.041504,59.041504,1,746.945679,823.685669,80.564835,88.841927,124,1,880.637573,511.241882,94.984711,55.142052,75,0,0.000000,0.000000,0.000000,0.000000,0,0,0.000000,0.000000,0.000000,0.000000,0
3837,59.074829,59.074829,1,718.689758,806.618530,77.517174,87.001091,115,1,882.230347,511.657654,95.156502,55.186897,54,0,0.000000,0.000000,0.000000,0.000000,0,0,0.000000,0.000000,0.000000,0.000000,0
3840,59.108154,59.108154,1,693.609619,787.222595,74.812057,84.909065,122,1,883.619019,515.932007,95.306290,55.647926,21,0,0.000000,0.000000,0.000000,0.000000,0,0,0.000000,0.000000,0.000000,0.000000,0
3844,59.141479,59.141479,1,669.312866,763.595886,72.191429,82.360710,116,1,880.997620,519.597290,95.023544,56.043259,30,0,0.000000,0.000000,0.000000,0.000000,0,0,0.000000,0.000000,0.000000,0.000000,0
3846,59.174927,59.174927,1,648.664856,737.438354,69.964355,79.539383,115,1,878.432129,520.152283,94.746834,56.103115,57,0,0.000000,0.000000,0.000000,0.000000,0,0,0.000000,0.000000,0.000000,0.000000,0
3849,59.208252,59.208252,1,627.546204,708.051697,67.686516,76.369766,118,1,874.776062,519.076660,94.352493,55.987103,70,0,0.000000,0.000000,0.000000,0.000000,0,0,0.000000,0.000000,0.000000,0.000000,0
3853,59.241577,59.241577,1,610.158386,675.712830,65.811089,72.881729,126,1,869.418701,520.724731,93.774658,56.164860,57,0,0.000000,0.000000,0.000000,0.000000,0,0,0.000000,0.000000,0.000000,0.000000,0
3855,59.274902,59.274902,1,596.116394,640.702271,64.296532,69.105522,112,1,862.148071,521.220337,92.990448,56.218315,68,0,0.000000,0.000000,0.000000,0.000000,0,0,0.000000,0.000000,0.000000,0.000000,0
3858,59.308228,59.308228,1,584.371887,603.685181,63.029785,65.112892,123,1,861.410095,525.966431,92.910851,56.730225,52,0,0.000000,0.000000,0.000000,0.000000,0,0,0.000000,0.000000,0.000000,0.000000,0
3862,59.341553,59.341553,1,578.070923,564.820129,62.350166,60.920948,123,1,858.111023,527.381287,92.555016,56.882828,63,0,0.000000,0.000000,0.000000,0.000000,0,0,0.000000,0.000000,0.000000,0.000000,0
3864,59.374878,59.374878,1,578.083801,525.051697,62.351559,56.631561,125,1,856.153687,529.561157,92.343903,57.117947,64,0,0.000000,0.000000,0.000000,0.000000,0,0,0.000000,0.000000,0.000000,0.000000,0
3867,59.408203,59.408203,1,583.152527,483.772980,62.898262,52.179279,119,1,852.589600,530.356079,91.959480,57.203693,61,0,0.000000,0.000000,0.000000,0.000000,0,0,0.000000,0.000000,0.000000,0.000000,0
3870,59.441528,59.441528,1,593.781067,442.122833,64.044647,47.686935,118,1,849.597595,530.986328,91.636772,57.271664,62,0,0.000000,0.000000,0.000000,0.000000,0,0,0.000000,0.000000,0.000000,0.000000,0
3875,59.474854,59.474854,1,609.920776,403.212036,65.785461,43.490059,122,1,843.542969,530.438904,90.983719,57.212624,63,0,0.000000,0.000000,0.000000,0.000000,0,0,0.000000,0.000000,0.000000,0.000000,0
3877,59.508301,59.508301,1,633.130615,367.454376,68.288849,39.633270,118,1,843.596069,526.868774,90.989449,56.827549,52,0,0.000000,0.000000,0.000000,0.000000,0,0,0.000000,0.000000,0.000000,0.000000,0
3880,59.541626,59.541626,1,660.302795,337.500458,71.219612,36.402470,115,1,842.828247,525.380981,90.906631,56.667080,66,0,0.000000,0.000000,0.000000,0.000000,0,0,0.000000,0.000000,0.000000,0.000000,0
3882,59.574951,59.574951,1,692.227722,310.683868,74.663010,33.510059,116,1,839.366577,528.565308,90.533264,57.010536,65,0,0.000000,0.000000,0.000000,0.000000,0,0,0.000000,0.000000,0.000000,0.000000,0
3886,59.608276,59.608276,1,727.537659,291.020325,78.471504,31.389166,105,1,837.992981,525.062195,90.385109,56.632698,54,0,0.000000,0.000000,0.000000,0.000000,0,0,0.000000,0.000000,0.000000,0.000000,0
3888,59.641602,59.641602,1,764.853088,275.862366,82.496307,29.754244,100,1,837.792542,525.867981,90.363487,56.719604,64,0,0.000000,0.000000,0.000000,0.000000,0,0,0.000000,0.000000,0.000000,0.000000,0
3891,59.674927,59.674927,1,803.419983,267.520630,86.656097,28.854513,103,1,832.789612,524.922852,89.823875,56.617668,67,0,0.000000,0.000000,0.000000,0.000000,0,0,0.000000,0.000000,0.000000,0.000000,0
3895,59.708252,59.708252,1,843.165405,266.086243,90.942993,28.699800,89,1,830.361633,525.277405,89.561996,56.655907,52,0,0.000000,0.000000,0.000000,0.000000,0,0,0.000000,0.000000,0.000000,0.000000,0
3898,59.741577,59.741577,1,882.140564,271.793915,95.146820,29.315426,106,1,830.015808,523.178650,89.524696,56.429535,48,0,0.000000,0.000000,0.000000,0.000000,0,0,0.000000,0.000000,0.000000,0.000000,0
3900,59.774902,59.774902,1,920.319397,283.779266,99.264748,30.608154,102,1,826.174927,522.678589,89.110420,56.375599,61,0,0.000000,0.000000,0.000000,0.000000,0,0,0.000000,0.000000,0.000000,0.000000,0
3904,59.808350,59.808350,1,955.696899,300.100067,103.080536,32.368500,105,1,825.879944,520.140747,89.078606,56.101871,64,0,0.000000,0.000000,0.000000,0.000000,0,0,0.000000,0.000000,0.000000,0.000000,0
3907,59.841675,59.841675,1,987.997314,322.527771,106.564423,34.787529,105,1,827.158752,518.831482,89.216537,55.960659,43,0,0.000000,0.000000,0.000000,0.000000,0,0,0.000000,0.000000,0.000000,0.000000,0
3909,59.875000,59.875000,1,1016.718567,349.288971,109.662270,37.673965,105,1,825.928406,517.589478,89.083832,55.826694,50,0,0.000000,0.000000,0.000000,0.000000,0,0,0.000000,0.000000,0.000000,0.000000,0
3913,59.908325,59.908325,1,1040.229858,380.073883,112.198181,40.994400,110,1,825.168457,513.691101,89.001869,55.406219,51,0,0.000000,0.000000,0.000000,0.000000,0,0,0.000000,0.000000,0.000000,0.000000,0
3915,59.941650,59.941650,1,1059.118164,415.058960,114.235443,44.767853,113,1,825.443481,513.665771,89.031532,55.403488,34,0,0.000000,0.000000,0.000000,0.000000,0,0,0.000000,0.000000,0.000000,0.000000,0
3918,59.974976,59.974976,1,1072.148926,450.912231,115.640930,48.634953,101,1,827.716309,513.060913,89.276672,55.338245,66,0,0.000000,0.000000,0.000000,0.000000,0,0,0.000000,0.000000,0.000000,0.000000,0
3921,60.008301,60.008301,1,1079.564453,488.010254,116.440773,52.636307,87,1,829.421021,510.625183,89.460541,55.075531,58,0,0.000000,0.000000,0.000000,0.000000,0,0,0.000000,0.000000,0.000000,0.000000,0
3925,60.041626,60.041626,1,1080.815918,526.172058,116.575752,56.752403,89,1,830.064575,508.025116,89.529953,54.795094,42,0,0.000000,0.000000,0.000000,0.000000,0,0,0.000000,0.000000,0.000000,0.000000,0
3927,60.074951,60.074951,1,1076.546021,565.191772,116.115196,60.961029,86,1,829.890808,509.982513,89.511208,55.006218,58,0,0.000000,0.000000,0.000000,0.000000,0,0,0.000000,0.000000,0.000000,0.000000,0
3930,60.108398,60.108398,1,1066.345337,604.296143,115.014977,65.178787,103,1,831.895630,509.207214,89.727448,54.922592,49,0,0.000000,0.000000,0.000000,0.000000,0,0,0.000000,0.000000,0.000000,0.000000,0
3934,60.141724,60.141724,1,1052.290405,638.715271,113.499008,68.891205,111,1,835.158142,510.968292,90.079338,55.112541,34,0,0.000000,0.000000,0.000000,0.000000,0,0,0.000000,0.000000,0.000000,0.000000,0
3936,60.175049,60.175049,1,1033.521362,670.740295,111.474602,72.345398,99,1,833.788879,510.736877,89.931656,55.087582,51,0,0.000000,0.000000,0.000000,0.000000,0,0,0.000000,0.000000,0.000000,0.000000,0
3939,60.208374,60.208374,1,1007.847595,701.289001,108.705460,75.640343,108,1,834.810547,510.640320,90.041847,55.077168,44,0,0.000000,0.000000,0.000000,0.000000,0,0,0.000000,0.000000,0.000000,0.000000,0
3941,60.241699,60.241699,1,979.650940,726.342896,105.664192,78.342636,109,1,835.810547,513.639099,90.149712,55.400608,26,0,0.000000,0.000000,0.000000,0.000000,0,0,0.000000,0.000000,0.000000,0.000000,0
3945,60.275024,60.275024,1,946.597168,747.456970,102.099045,80.619980,96,1,833.312561,513.114685,89.880280,55.344048,57,0,0.000000,0.000000,0.000000,0.000000,0,0,0.000000,0.000000,0.000000,0.000000,0
3948,60.308350,60.308350,1,911.342041,763.973633,98.296463,82.401451,92,1,833.027893,514.342712,89.849571,55.476505,36,0,0.000000,0.000000,0.000000,0.000000,0,0,0.000000,0.000000,0.000000,0.000000,0
3952,60.341675,60.341675,1,875.746094,775.859497,94.457123,83.683449,104,1,834.940186,516.421082,90.055840,55.700672,29,0,0.000000,0.000000,0.000000,0.000000,0,0,0.000000,0.000000,0.000000,0.000000,0
3955,60.375000,60.375000,1,838.297546,782.377991,90.417953,84.386528,110,1,831.685120,516.624573,89.704742,55.722626,59,0,0.000000,0.000000,0.000000,0.000000,0,0,0.000000,0.000000,0.000000,0.000000,0
3957,60.408325,60.408325,1,800.067505,783.386902,86.294502,84.495346,118,1,833.700867,517.735291,89.922157,55.842426,43,0,0.000000,0.000000,0.000000,0.000000,0,0,0.000000,0.000000,0.000000,0.000000,0
3961,60.441772,60.441772,1,762.781616,779.011597,82.272881,84.023430,115,1,836.301758,521.930176,90.202690,56.294880,26,0,0.000000,0.000000,0.000000,0.000000,0,0,0.000000,0.000000,0.000000,0.000000,0
3963,60.475098,60.475098,1,726.599609,769.749146,78.370323,83.024391,122,1,834.170105,522.178467,89.972778,56.321663,59,0,0.000000,0.000000,0.000000,0.000000,0,0,0.000000,0.000000,0.000000,0.000000,0
3966,60.508423,60.508423,1,692.150879,755.356262,74.654716,81.471992,127,1,831.915161,520.976562,89.729553,56.192024,60,0,0.000000,0.000000,0.000000,0.000000,0,0,0.000000,0.000000,0.000000,0.000000,0
3968,60.541748,60.541748,1,659.872375,735.256592,71.173187,79.304054,124,1,828.829712,517.940308,89.396759,55.864540,46,0,0.000000,0.000000,0.000000,0.000000,0,0,0.000000,0.000000,0.000000,0.000000,0
3972,60.575073,60.575073,1,631.506592,710.897949,68.113686,76.676758,112,1,825.570496,518.564514,89.045227,55.931862,66,0,0.000000,0.000000,0.000000,0.000000,0,0,0.000000,0.000000,0.000000,0.000000,0
3976,60.608398,60.608398,1,605.841736,682.665466,65.345497,73.631630,122,1,824.169617,518.416321,88.894127,55.915882,63,0,0.000000,0.000000,0.000000,0.000000,0,0,0.000000,0.000000,0.000000,0.000000,0
3979,60.641724,60.641724,1,586.790771,653.526001,63.290680,70.488670,114,1,828.435852,516.056091,89.354279,55.661304,22,0,0.000000,0.000000,0.000000,0.000000,0,0,0.000000,0.000000,0.000000,0.000000,0
3981,60.675049,60.675049,1,570.648560,618.849487,61.549595,66.748497,108,1,828.766357,515.825562,89.389931,55.636440,21,0,0.000000,0.000000,0.000000,0.000000,0,0,0.000000,0.000000,0.000000,0.000000,0
3985,60.708374,60.708374,1,560.530762,583.452087,60.458302,62.930576,119,1,821.949402,515.571289,88.654655,55.609016,49,0,0.000000,0.000000,0.000000,0.000000,0,0,0.000000,0.000000,0.000000,0.000000,0
3987,60.741821,60.741821,1,554.148132,544.725403,59.769875,58.753551,122,1,819.095703,516.238892,88.346863,55.681023,41,0,0.000000,0.000000,0.000000,0.000000,0,0,0.000000,0.000000,0.000000,0.000000,0
3990,60.775146,60.775146,1,554.504517,506.483948,59.808319,54.628864,129,1,817.433472,513.716492,88.167572,55.408958,55,0,0.000000,0.000000,0.000000,0.000000,0,0,0.000000,0.000000,0.000000,0.000000,0
3992,60.808472,60.808472,1,560.171326,466.835663,60.419537,50.352440,119,1,815.593689,512.689819,87.969139,55.298225,70,0,0.000000,0.000000,0.000000,0.000000,0,0,0.000000,0.000000,0.000000,0.000000,0
3997,60.841797,60.841797,1,574.192627,427.091461,61.931854,46.065666,119,1,819.375610,510.329865,88.377052,55.043678,38,0,0.000000,0.000000,0.000000,0.000000,0,0,0.000000,0.000000,0.000000,0.000000,0
4000,60.875122,60.875122,1,594.785156,389.824493,64.152946,42.046089,113,1,818.738586,507.626953,88.308342,54.752148,35,0,0.000000,0.000000,0.000000,0.000000,0,0,0.000000,0.000000,0.000000,0.000000,0
4003,60.908447,60.908447,1,620.015930,353.853271,66.874313,38.166271,115,1,818.571899,508.633423,88.290367,54.860706,66,0,0.000000,0.000000,0.000000,0.000000,0,0,0.000000,0.000000,0.000000,0.000000,0
4005,60.941772,60.941772,1,649.695984,324.862854,70.075577,35.039391,98,1,821.161987,505.375092,88.569725,54.509262,47,0,0.000000,0.000000,0.000000,0.000000,0,0,0.000000,0.000000,0.000000,0.000000,0
4008,60.975098,60.975098,1,688.159546,298.388763,74.224213,32.183922,100,1,819.014709,505.518890,88.338127,54.524773,27,0,0.000000,0.000000,0.000000,0.000000,0,0,0.000000,0.000000,0.000000,0.000000,0
4012,61.008423,61.008423,1,727.897339,280.624054,78.510300,30.267838,96,1,812.677429,502.436218,87.654594,54.192280,55,0,0.000000,0.000000,0.000000,0.000000,0,0,0.000000,0.000000,0.000000,0.000000,0
4014,61.041870,61.041870,1,770.255005,270.690216,83.078949,29.196383,89,1,812.958557,503.233307,87.684914,54.278252,63,0,0.000000,0.000000,0.000000,0.000000,0,0,0.000000,0.000000,0.000000,0.000000,0
4017,61.075195,61.075195,1,815.901428,270.164490,88.002335,29.139679,95,1,814.054626,504.417206,87.803139,54.405945,62,0,0.000000,0.000000,0.000000,0.000000,0,0,0.000000,0.000000,0.000000,0.000000,0
4019,61.108521,61.108521,1,860.887085,277.344604,92.854439,29.914118,89,1,815.913696,500.674042,88.003654,54.002213,80,0,0.000000,0.000000,0.000000,0.000000,0,0,0.000000,0.000000,0.000000,0.000000,0
4024,61.141846,61.141846,1,902.787842,292.725677,97.373810,31.573107,105,1,817.296326,504.876068,88.152779,54.455441,79,0,0.000000,0.000000,0.000000,0.000000,0,0,0.000000,0.000000,0.000000,0.000000,0
4026,61.175171,61.175171,1,940.962708,315.578064,101.491318,34.037941,107,1,815.145508,504.398499,87.920799,54.403931,69,0,0.000000,0.000000,0.000000,0.000000,0,0,0.000000,0.000000,0.000000,0.000000,0
4029,61.208496,61.208496,1,977.298889,347.981873,105.410500,37.532986,110,1,810.526306,501.150482,87.422577,54.053600,67,0,0.000000,0.000000,0.000000,0.000000,0,0,0.000000,0.000000,0.000000,0.000000,0
4033,61.241821,61.241821,1,1003.516663,382.379059,108.238327,41.243031,93,1,809.848572,500.415466,87.349480,53.974323,82,0,0.000000,0.000000,0.000000,0.000000,0,0,0.000000,0.000000,0.000000,0.000000,0
4035,61.275146,61.275146,1,1023.924438,422.898926,110.439491,45.613464,103,1,813.512695,497.875031,87.744682,53.700314,68,0,0.000000,0.000000,0.000000,0.000000,0,0,0.000000,0.000000,0.000000,0.000000,0
4038,61.308472,61.308472,1,1036.735596,466.816437,111.821289,50.350365,83,1,817.114563,495.389282,88.133179,53.432201,72,0,0.000000,0.000000,0.000000,0.000000,0,0,0.000000,0.000000,0.000000,0.000000,0
4040,61.341797,61.341797,1,1042.915894,511.269012,112.487885,55.144978,58,1,815.840332,498.342743,87.995743,53.750759,68,0,0.000000,0.000000,0.000000,0.000000,0,0,0.000000,0.000000,0.000000,0.000000,0
4044,61.375244,61.375244,1,1039.518311,556.243530,112.121437,59.995880,99,1,816.790527,500.202209,88.098228,53.951321,70,0,0.000000,0.000000,0.000000,0.000000,0,0,0.000000,0.000000,0.000000,0.000000,0
4047,61.408569,61.408569,1,1029.768921,597.157715,111.069878,64.408844,92,1,817.450378,499.407135,88.169403,53.865566,72,0,0.000000,0.000000,0.000000,0.000000,0,0,0.000000,0.000000,0.000000,0.000000,0
4051,61.441895,61.441895,1,1013.865662,637.690735,109.354561,68.780701,98,1,815.348389,500.342773,87.942680,53.966484,71,0,0.000000,0.000000,0.000000,0.000000,0,0,0.000000,0.000000,0.000000,0.000000,0
4053,61.475220,61.475220,1,993.926453,674.136536,107.203941,72.711708,109,1,814.708740,504.314789,87.873688,54.394901,75,0,0.000000,0.000000,0.000000,0.000000,0,0,0.000000,0.000000,0.000000,0.000000,0
4056,61.508545,61.508545,1,966.540894,706.347473,104.250153,76.185951,118,1,817.192810,507.499359,88.141617,54.738384,71,0,0.000000,0.000000,0.000000,0.000000,0,0,0.000000,0.000000,0.000000,0.000000,0
4060,61.541870,61.541870,1,938.261292,733.009338,101.199944,79.061668,98,1,817.226624,507.173309,88.145264,54.703220,77,0,0.000000,0.000000,0.000000,0.000000,0,0,0.000000,0.000000,0.000000,0.000000,0
4062,61.575195,61.575195,1,907.820618,752.665588,97.916649,81.181778,103,1,817.551941,507.542847,88.180351,54.743076,73,0,0.000000,0.000000,0.000000,0.000000,0,0,0.000000,0.000000,0.000000,0.000000,0
4065,61.608521,61.608521,1,871.886414,769.027283,94.040817,82.946533,108,1,819.455505,509.221649,88.385674,54.924149,71,0,0.000000,0.000000,0.000000,0.000000,0,0,0.000000,0.000000,0.000000,0.000000,0
4067,61.641846,61.641846,1,836.465515,778.831604,90.220352,84.004021,91,1,820.721130,506.551117,88.522179,54.636108,67,0,0.000000,0.000000,0.000000,0.000000,0,0,0.000000,0.000000,0.000000,0.000000,0
4073,61.675293,61.675293,1,800.627930,785.115845,86.354950,84.681831,113,1,820.737000,505.283295,88.523888,54.499363,84,0,0.000000,0.000000,0.000000,0.000000,0,0,0.000000,0.000000,0.000000,0.000000,0
4075,61.708618,61.708618,1,763.612915,784.671326,82.362549,84.633888,116,1,818.652222,506.267242,88.299034,54.605492,75,0,0.000000,0.000000,0.000000,0.000000,0,0,0.000000,0.000000,0.000000,0.000000,0
4078,61.741943,61.741943,1,729.122437,778.822449,78.642433,84.003029,121,1,821.904358,504.372620,88.649803,54.401138,52,0,0.000000,0.000000,0.000000,0.000000,0,0,0.000000,0.000000,0.000000,0.000000,0
4080,61.775269,61.775269,1,695.358765,767.839600,75.000717,82.818428,139,1,825.352661,502.341919,89.021729,54.182110,68,0,0.000000,0.000000,0.000000,0.000000,0,0,0.000000,0.000000,0.000000,0.000000,0
4083,61.808594,61.808594,1,662.941223,752.693176,71.504196,81.184753,115,1,821.720032,503.527344,88.629921,54.309967,73,0,0.000000,0.000000,0.000000,0.000000,0,0,0.000000,0.000000,0.000000,0.000000,0
4087,61.841919,61.841919,1,633.693787,733.852234,68.349594,79.152588,113,1,821.479980,506.116516,88.604027,54.589233,69,0,0.000000,0.000000,0.000000,0.000000,0,0,0.000000,0.000000,0.000000,0.000000,0
4089,61.875244,61.875244,1,605.572571,709.934326,65.316467,76.572823,115,1,822.822266,506.492737,88.748802,54.629814,80,0,0.000000,0.000000,0.000000,0.000000,0,0,0.000000,0.000000,0.000000,0.000000,0
4092,61.908569,61.908569,1,580.696960,683.241089,62.633404,73.693718,113,1,822.109924,506.346375,88.671974,54.614025,63,0,0.000000,0.000000,0.000000,0.000000,0,0,0.000000,0.000000,0.000000,0.000000,0
4095,61.941895,61.941895,1,561.635132,652.844543,60.577415,70.415176,114,1,822.135498,507.835480,88.674728,54.774639,67,0,0.000000,0.000000,0.000000,0.000000,0,0,0.000000,0.000000,0.000000,0.000000,0
4099,61.975342,61.975342,1,546.578186,620.406250,58.953388,66.916412,113,1,821.132629,508.989349,88.566566,54.899094,75,0,0.000000,0.000000,0.000000,0.000000,0,0,0.000000,0.000000,0.000000,0.000000,0
4101,62.008667,62.008667,1,535.098450,585.832092,57.715195,63.187279,115,1,824.338623,509.921539,88.912361,54.999638,66,0,0.000000,0.000000,0.000000,0.000000,0,0,0.000000,0.000000,0.000000,0.000000,0
4104,62.041992,62.041992,1,528.633972,549.372498,57.017944,59.254780,124,1,823.267151,508.371613,88.796791,54.832466,57,0,0.000000,0.000000,0.000000,0.000000,0,0,0.000000,0.000000,0.000000,0.000000,0
4108,62.075317,62.075317,1,527.599121,511.340088,56.906330,55.152641,124,1,823.307861,509.904724,88.801178,54.997826,74,0,0.000000,0.000000,0.000000,0.000000,0,0,0.000000,0.000000,0.000000,0.000000,0
4110,62.108643,62.108643,1,531.514099,472.368500,57.328594,50.949203,131,1,820.268127,508.452332,88.473320,54.841171,57,0,0.000000,0.000000,0.000000,0.000000,0,0,0.000000,0.000000,0.000000,0.000000,0
4113,62.141968,62.141968,1,539.402100,433.838806,58.179382,46.793427,116,1,821.627075,509.495239,88.619896,54.953659,47,0,0.000000,0.000000,0.000000,0.000000,0,0,0.000000,0.000000,0.000000,0.000000,0
4115,62.175293,62.175293,1,554.641357,395.196350,59.823078,42.625492,118,1,822.113831,508.338898,88.672394,54.828938,61,0,0.000000,0.000000,0.000000,0.000000,0,0,0.000000,0.000000,0.000000,0.000000,0
4118,62.208618,62.208618,1,573.438538,360.095154,61.850521,38.839512,113,1,820.207886,505.516022,88.466820,54.524464,61,0,0.000000,0.000000,0.000000,0.000000,0,0,0.000000,0.000000,0.000000,0.000000,0
4122,62.241943,62.241943,1,596.775574,327.484039,64.367630,35.322109,110,1,820.201843,506.721466,88.466171,54.654484,41,0,0.000000,0.000000,0.000000,0.000000,0,0,0.000000,0.000000,0.000000,0.000000,0
4125,62.275391,62.275391,1,623.895630,297.085419,67.292770,32.043343,113,1,816.976868,504.239655,88.118324,54.386799,67,0,0.000000,0.000000,0.000000,0.000000,0,0,0.000000,0.000000,0.000000,0.000000,0
4129,62.308716,62.308716,1,656.098633,271.220703,70.766151,29.253601,107,1,816.915405,502.580383,88.111694,54.207829,67,0,0.000000,0.000000,0.000000,0.000000,0,0,0.000000,0.000000,0.000000,0.000000,0
4131,62.342041,62.342041,1,689.758301,251.574097,74.396652,27.134537,119,1,817.179504,500.581940,88.140182,53.992279,54,0,0.000000,0.000000,0.000000,0.000000,0,0,0.000000,0.000000,0.000000,0.000000,0
4134,62.375366,62.375366,1,726.843384,235.842758,78.396614,25.437771,111,1,813.855591,498.802246,87.781670,53.800323,62,0,0.000000,0.000000,0.000000,0.000000,0,0,0.000000,0.000000,0.000000,0.000000,0
4136,62.408691,62.408691,1,764.281982,226.870560,82.434708,24.470037,111,1,815.601257,498.534424,87.969955,53.771435,65,0,0.000000,0.000000,0.000000,0.000000,0,0,0.000000,0.000000,0.000000,0.000000,0
4140,62.442017,62.442017,1,802.233521,222.733917,86.528122,24.023863,112,1,814.918274,497.623627,87.896286,53.673199,49,0,0.000000,0.000000,0.000000,0.000000,0,0,0.000000,0.000000,0.000000,0.000000,0
4143,62.475342,62.475342,1,842.168457,223.782593,90.835472,24.136971,111,1,816.976196,495.153046,88.118256,53.406723,69,0,0.000000,0.000000,0.000000,0.000000,0,0,0.000000,0.000000,0.000000,0.000000,0
4147,62.508667,62.508667,1,878.869568,231.301208,94.794014,24.947922,110,1,817.329834,495.354584,88.156395,53.428463,54,0,0.000000,0.000000,0.000000,0.000000,0,0,0.000000,0.000000,0.000000,0.000000,0
4149,62.541992,62.541992,1,916.030151,243.613190,98.802116,26.275881,96,1,820.939575,493.388062,88.545738,53.216354,35,0,0.000000,0.000000,0.000000,0.000000,0,0,0.000000,0.000000,0.000000,0.000000,0
4152,62.575317,62.575317,1,951.558960,261.368317,102.634216,28.190933,101,1,820.238220,491.974121,88.470093,53.063847,58,0,0.000000,0.000000,0.000000,0.000000,0,0,0.000000,0.000000,0.000000,0.000000,0
4156,62.608765,62.608765,1,983.203674,283.694489,106.047394,30.599010,112,1,821.553650,492.106903,88.611977,53.078171,48,0,0.000000,0.000000,0.000000,0.000000,0,0,0.000000,0.000000,0.000000,0.000000,0
4158,62.642090,62.642090,1,1012.725159,312.465637,109.231544,33.702236,112,1,825.656738,493.145416,89.054527,53.190182,12,0,0.000000,0.000000,0.000000,0.000000,0,0,0.000000,0.000000,0.000000,0.000000,0
4161,62.675415,62.675415,1,1037.473267,342.616608,111.900848,36.954292,105,1,827.271423,488.741913,89.228683,52.715225,23,0,0.000000,0.000000,0.000000,0.000000,0,0,0.000000,0.000000,0.000000,0.000000,0
4163,62.708740,62.708740,1,1058.122803,377.853729,114.128098,40.754932,104,1,823.348938,487.779053,88.805611,52.611374,54,0,0.000000,0.000000,0.000000,0.000000,0,0,0.000000,0.000000,0.000000,0.000000,0
4166,62.742065,62.742065,1,1073.539062,414.874420,115.790878,44.747948,93,1,827.314331,485.962219,89.233315,52.415409,40,0,0.000000,0.000000,0.000000,0.000000,0,0,0.000000,0.000000,0.000000,0.000000,0
4170,62.775391,62.775391,1,1083.416260,454.303894,116.856216,49.000774,93,1,829.148315,483.474609,89.431129,52.147099,54,0,0.000000,0.000000,0.000000,0.000000,0,0,0.000000,0.000000,0.000000,0.000000,0
4174,62.808716,62.808716,1,1087.079712,493.536346,117.251358,53.232346,99,1,829.997253,484.007751,89.522697,52.204605,54,0,0.000000,0.000000,0.000000,0.000000,0,0,0.000000,0.000000,0.000000,0.000000,0
4176,62.842041,62.842041,1,1085.989624,531.016663,117.133774,57.274937,92,1,831.025940,484.967560,89.633652,52.308125,29,0,0.000000,0.000000,0.000000,0.000000,0,0,0.000000,0.000000,0.000000,0.000000,0
4179,62.875366,62.875366,1,1079.608398,571.253174,116.445511,61.614807,85,1,828.804138,485.830505,89.394005,52.401203,54,0,0.000000,0.000000,0.000000,0.000000,0,0,0.000000,0.000000,0.000000,0.000000,0
4182,62.908813,62.908813,1,1069.607910,606.347046,115.366859,65.400002,105,1,830.996399,488.445740,89.630463,52.683281,64,0,0.000000,0.000000,0.000000,0.000000,0,0,0.000000,0.000000,0.000000,0.000000,0
4184,62.942139,62.942139,1,1055.535889,639.882996,113.849075,69.017159,110,1,832.850891,491.049194,89.830482,52.964088,51,0,0.000000,0.000000,0.000000,0.000000,0,0,0.000000,0.000000,0.000000,0.000000,0
4188,62.975464,62.975464,1,1035.373169,672.829895,111.674339,72.570778,106,1,835.142334,492.538574,90.077637,53.124729,75,0,0.000000,0.000000,0.000000,0.000000,0,0,0.000000,0.000000,0.000000,0.000000,0
4191,63.008789,63.008789,1,1013.384766,700.217529,109.302696,75.524780,108,1,835.817017,493.393036,90.150406,53.216888,52,0,0.000000,0.000000,0.000000,0.000000,0,0,0.000000,0.000000,0.000000,0.000000,0
4193,63.042114,63.042114,1,986.847046,724.708679,106.440353,78.166367,107,1,837.507446,494.034668,90.332733,53.286095,53,0,0.000000,0.000000,0.000000,0.000000,0,0,0.000000,0.000000,0.000000,0.000000,0
4198,63.075439,63.075439,1,956.709534,745.271240,103.189758,80.384232,92,1,837.893799,491.835907,90.374405,53.048943,66,0,0.000000,0.000000,0.000000,0.000000,0,0,0.000000,0.000000,0.000000,0.000000,0
4200,63.108765,63.108765,1,925.821472,761.658142,99.858200,82.151703,97,1,837.637207,491.549957,90.346733,53.018097,63,0,0.000000,0.000000,0.000000,0.000000,0,0,0.000000,0.000000,0.000000,0.000000,0
4204,63.142090,63.142090,1,892.243286,775.078308,96.236488,83.599190,100,1,836.412537,494.101440,90.214638,53.293301,51,0,0.000000,0.000000,0.000000,0.000000,0,0,0.000000,0.000000,0.000000,0.000000,0
4206,63.175415,63.175415,1,859.360901,782.995667,92.689827,84.453148,104,1,834.386414,496.509674,89.996101,53.553047,64,0,0.000000,0.000000,0.000000,0.000000,0,0,0.000000,0.000000,0.000000,0.000000,0
4209,63.208862,63.208862,1,824.662659,787.996399,88.947311,84.992523,112,1,835.900024,497.803070,90.159363,53.692554,67,0,0.000000,0.000000,0.000000,0.000000,0,0,0.000000,0.000000,0.000000,0.000000,0
4211,63.242188,63.242188,1,790.489258,787.179810,85.261406,84.904449,119,1,835.911804,499.542053,90.160629,53.880119,65,0,0.000000,0.000000,0.000000,0.000000,0,0,0.000000,0.000000,0.000000,0.000000,0
4215,63.275513,63.275513,1,755.996948,781.424377,81.541092,84.283669,124,1,836.242310,500.439331,90.196281,53.976898,69,0,0.000000,0.000000,0.000000,0.000000,0,0,0.000000,0.000000,0.000000,0.000000,0
4217,63.308838,63.308838,1,722.498657,772.048096,77.928001,83.272354,116,1,836.018127,501.966187,90.172096,54.141582,71,0,0.000000,0.000000,0.000000,0.000000,0,0,0.000000,0.000000,0.000000,0.000000,0
4222,63.342163,63.342163,1,691.114807,758.547180,74.542969,81.816154,124,1,835.418091,502.964447,90.107384,54.249256,74,0,0.000000,0.000000,0.000000,0.000000,0,0,0.000000,0.000000,0.000000,0.000000,0
4224,63.375488,63.375488,1,659.631470,739.512817,71.147209,79.763130,119,1,835.824707,504.600494,90.151237,54.425716,61,0,0.000000,0.000000,0.000000,0.000000,0,0,0.000000,0.000000,0.000000,0.000000,0
4227,63.408813,63.408813,1,631.852539,718.687134,68.150993,77.516891,123,1,835.305115,506.824951,90.095192,54.665646,78,0,0.000000,0.000000,0.000000,0.000000,0,0,0.000000,0.000000,0.000000,0.000000,0
4230,63.442139,63.442139,1,607.863708,693.036133,65.563591,74.750198,112,1,836.169678,508.248901,90.188446,54.819229,81,0,0.000000,0.000000,0.000000,0.000000,0,0,0.000000,0.000000,0.000000,0.000000,0
4233,63.475464,63.475464,1,586.069702,664.019653,63.212906,71.620506,109,1,837.053528,507.758881,90.283775,54.766376,77,0,0.000000,0.000000,0.000000,0.000000,0,0,0.000000,0.000000,0.000000,0.000000,0
4236,63.508789,63.508789,1,566.628723,630.973450,61.116020,68.056175,109,1,839.492065,507.155853,90.546799,54.701332,78,0,0.000000,0.000000,0.000000,0.000000,0,0,0.000000,0.000000,0.000000,0.000000,0
4239,63.542236,63.542236,1,552.010620,597.580017,59.539326,64.454399,110,1,839.101990,506.390259,90.504715,54.618759,74,0,0.000000,0.000000,0.000000,0.000000,0,0,0.000000,0.000000,0.000000,0.000000,0
4242,63.575562,63.575562,1,542.207581,561.880798,58.481979,60.603916,112,1,839.268005,506.208740,90.522629,54.599182,65,0,0.000000,0.000000,0.000000,0.000000,0,0,0.000000,0.000000,0.000000,0.000000,0
4245,63.608887,63.608887,1,536.111755,526.478699,57.824490,56.785480,121,1,841.049255,507.138428,90.714752,54.699455,70,0,0.000000,0.000000,0.000000,0.000000,0,0,0.000000,0.000000,0.000000,0.000000,0
4248,63.642212,63.642212,1,535.485291,490.126251,57.756920,52.864536,116,1,839.631714,509.693359,90.561859,54.975029,70,0,0.000000,0.000000,0.000000,0.000000,0,0,0.000000,0.000000,0.000000,0.000000,0
4252,63.675537,63.675537,1,539.680237,454.655182,58.209385,49.038666,111,1,841.008179,510.478210,90.710327,55.059681,74,0,0.000000,0.000000,0.000000,0.000000,0,0,0.000000,0.000000,0.000000,0.000000,0
4254,63.708862,63.708862,1,548.437622,418.991638,59.153950,45.192028,125,1,839.096497,509.864105,90.504135,54.993443,65,0,0.000000,0.000000,0.000000,0.000000,0,0,0.000000,0.000000,0.000000,0.000000,0
4257,63.742188,63.742188,1,560.857910,384.366821,60.493584,41.457428,117,1,835.550171,508.575165,90.121628,54.854420,80,0,0.000000,0.000000,0.000000,0.000000,0,0,0.000000,0.000000,0.000000,0.000000,0
4260,63.775513,63.775513,1,577.317322,352.460632,62.268883,38.016060,113,1,830.585388,506.016632,89.586128,54.578461,67,0,0.000000,0.000000,0.000000,0.000000,0,0,0.000000,0.000000,0.000000,0.000000,0
4263,63.808838,63.808838,1,599.086304,321.267914,64.616867,34.651642,104,1,832.048950,506.285126,89.743988,54.607418,70,0,0.000000,0.000000,0.000000,0.000000,0,0,0.000000,0.000000,0.000000,0.000000,0
4266,63.842285,63.842285,1,624.378418,294.685699,67.344841,31.784512,112,1,833.528381,505.347717,89.903557,54.506313,69,0,0.000000,0.000000,0.000000,0.000000,0,0,0.000000,0.000000,0.000000,0.000000,0
4268,63.875610,63.875610,1,653.575378,271.585571,70.494003,29.292955,110,1,836.747620,502.278656,90.250778,54.175285,66,0,0.000000,0.000000,0.000000,0.000000,0,0,0.000000,0.000000,0.000000,0.000000,0
4273,63.908936,63.908936,1,685.671570,251.386124,73.955872,27.114262,110,1,839.854248,503.788849,90.585861,54.338173,70,0,0.000000,0.000000,0.000000,0.000000,0,0,0.000000,0.000000,0.000000,0.000000,0
4275,63.942261,63.942261,1,719.902405,234.224182,77.647964,25.263191,110,1,839.495300,508.155457,90.547142,54.809151,66,0,0.000000,0.000000,0.000000,0.000000,0,0,0.000000,0.000000,0.000000,0.000000,0
4279,63.975586,63.975586,1,755.800720,222.952759,81.519928,24.047466,116,1,840.045410,508.651001,90.606476,54.862602,65,0,0.000000,0.000000,0.000000,0.000000,0,0,0.000000,0.000000,0.000000,0.000000,0
4281,64.008911,64.008911,1,793.157532,215.883621,85.549194,23.284996,111,1,838.094666,505.515259,90.396072,54.524380,56,0,0.000000,0.000000,0.000000,0.000000,0,0,0.000000,0.000000,0.000000,0.000000,0
4284,64.042236,64.042236,1,831.649475,213.778046,89.700897,23.057892,118,1,836.639648,504.714020,90.239136,54.437962,64,0,0.000000,0.000000,0.000000,0.000000,0,0,0.000000,0.000000,0.000000,0.000000,0
4286,64.075562,64.075562,1,869.642517,217.235245,93.798798,23.430780,100,1,837.535767,508.682495,90.335785,54.865997,73,0,0.000000,0.000000,0.000000,0.000000,0,0,0.000000,0.000000,0.000000,0.000000,0
4289,64.108887,64.108887,1,906.887756,225.757874,97.816025,24.350025,104,1,836.700012,509.601898,90.245644,54.965164,67,0,0.000000,0.000000,0.000000,0.000000,0,0,0.000000,0.000000,0.000000,0.000000,0
4293,64.142334,64.142334,1,942.783081,238.189331,101.687660,25.690870,102,1,834.594910,509.760956,90.018593,54.982319,65,0,0.000000,0.000000,0.000000,0.000000,0,0,0.000000,0.000000,0.000000,0.000000,0
4297,64.175659,64.175659,1,975.201965,254.798447,105.184334,27.482313,103,1,833.602173,506.722748,89.911514,54.654621,66,0,0.000000,0.000000,0.000000,0.000000,0,0,0.000000,0.000000,0.000000,0.000000,0
4299,64.208984,64.208984,1,1006.922668,275.356537,108.605698,29.699688,100,1,835.916016,505.411469,90.161087,54.513187,55,0,0.000000,0.000000,0.000000,0.000000,0,0,0.000000,0.000000,0.000000,0.000000,0
4302,64.242310,64.242310,1,1034.509277,300.915375,111.581169,32.456440,115,1,835.351746,505.278168,90.100220,54.498810,56,0,0.000000,0.000000,0.000000,0.000000,0,0,0.000000,0.000000,0.000000,0.000000,0
4304,64.275635,64.275635,1,1058.240356,329.564117,114.140770,35.546463,113,1,833.575562,502.984619,89.908646,54.251431,70,0,0.000000,0.000000,0.000000,0.000000,0,0,0.000000,0.000000,0.000000,0.000000,0
4308,64.308960,64.308960,1,1077.991333,360.936218,116.271095,38.930229,103,1,834.308350,502.320068,89.987686,54.179752,63,0,0.000000,0.000000,0.000000,0.000000,0,0,0.000000,0.000000,0.000000,0.000000,0
4311,64.342285,64.342285,1,1094.617432,394.176819,118.064369,42.515526,98,1,834.584412,501.341248,90.017464,54.074177,59,0,0.000000,0.000000,0.000000,0.000000,0,0,0.000000,0.000000,0.000000,0.000000,0
4313,64.375610,64.375610,1,1105.970459,429.997681,119.288887,46.379131,97,1,831.154663,497.938629,89.647537,53.707176,63,0,0.000000,0.000000,0.000000,0.000000,0,0,0.000000,0.000000,0.000000,0.000000,0
4316,64.408936,64.408936,1,1112.463135,465.634583,119.989197,50.222889,96,1,829.502258,497.304535,89.469299,53.638783,59,0,0.000000,0.000000,0.000000,0.000000,0,0,0.000000,0.000000,0.000000,0.000000,0
4320,64.442261,64.442261,1,1113.765259,502.215485,120.129639,54.168472,93,1,827.755798,495.422729,89.280937,53.435814,57,0,0.000000,0.000000,0.000000,0.000000,0,0,0.000000,0.000000,0.000000,0.000000,0
4324,64.475708,64.475708,1,1111.235718,537.743652,119.856796,58.000504,90,1,826.631104,493.773590,89.159630,53.257938,53,0,0.000000,0.000000,0.000000,0.000000,0,0,0.000000,0.000000,0.000000,0.000000,0
4326,64.509033,64.509033,1,1103.399536,574.248291,119.011589,61.937862,91,1,829.314514,491.679688,89.449051,53.032093,30,0,0.000000,0.000000,0.000000,0.000000,0,0,0.000000,0.000000,0.000000,0.000000,0
4329,64.542358,64.542358,1,1093.214478,607.041870,117.913048,65.474945,100,1,829.177856,490.067322,89.434311,52.858185,46,0,0.000000,0.000000,0.000000,0.000000,0,0,0.000000,0.000000,0.000000,0.000000,0
4331,64.575684,64.575684,1,1076.884644,641.412781,116.151726,69.182159,108,1,829.345642,487.955902,89.452408,52.630447,47,0,0.000000,0.000000,0.000000,0.000000,0,0,0.000000,0.000000,0.000000,0.000000,0
4335,64.609009,64.609009,1,1057.463989,671.374084,114.057037,72.413750,114,1,831.548889,487.160645,89.690056,52.544674,38,0,0.000000,0.000000,0.000000,0.000000,0,0,0.000000,0.000000,0.000000,0.000000,0
4338,64.642334,64.642334,1,1033.493530,699.672302,111.471596,75.465973,112,1,831.484070,485.486572,89.683060,52.364109,61,0,0.000000,0.000000,0.000000,0.000000,0,0,0.000000,0.000000,0.000000,0.000000,0
4340,64.675659,64.675659,1,1007.801697,724.647034,108.700508,78.159721,105,1,831.410645,486.071442,89.675140,52.427193,47,0,0.000000,0.000000,0.000000,0.000000,0,0,0.000000,0.000000,0.000000,0.000000,0
4343,64.708984,64.708984,1,978.471069,744.384949,105.536934,80.288635,101,1,833.400269,487.983856,89.889740,52.633465,38,0,0.000000,0.000000,0.000000,0.000000,0,0,0.000000,0.000000,0.000000,0.000000,0
4347,64.742310,64.742310,1,945.901550,762.285217,102.024017,82.219337,92,1,835.759033,484.409668,90.144150,52.247955,58,0,0.000000,0.000000,0.000000,0.000000,0,0,0.000000,0.000000,0.000000,0.000000,0
4350,64.775757,64.775757,1,912.897888,776.771484,98.464272,83.781807,92,1,835.995117,484.937775,90.169617,52.304916,55,0,0.000000,0.000000,0.000000,0.000000,0,0,0.000000,0.000000,0.000000,0.000000,0
4353,64.809082,64.809082,1,877.444519,786.587830,94.640312,84.840599,111,1,840.188049,487.723145,90.621864,52.605343,15,0,0.000000,0.000000,0.000000,0.000000,0,0,0.000000,0.000000,0.000000,0.000000,0
4356,64.842407,64.842407,1,840.904358,791.882751,90.699127,85.411697,119,1,839.782715,488.407074,90.578148,52.679111,43,0,0.000000,0.000000,0.000000,0.000000,0,0,0.000000,0.000000,0.000000,0.000000,0
4359,64.875732,64.875732,1,803.559021,793.166809,86.671089,85.550194,112,1,843.222046,489.835602,90.949104,52.833191,55,0,0.000000,0.000000,0.000000,0.000000,0,0,0.000000,0.000000,0.000000,0.000000,0
4361,64.909058,64.909058,1,768.013306,789.691833,82.837166,85.175392,119,1,843.084045,492.668427,90.934227,53.138733,42,0,0.000000,0.000000,0.000000,0.000000,0,0,0.000000,0.000000,0.000000,0.000000,0
4365,64.942383,64.942383,1,731.407410,781.240234,78.888893,84.263809,129,1,840.997314,494.022583,90.709152,53.284794,64,0,0.000000,0.000000,0.000000,0.000000,0,0,0.000000,0.000000,0.000000,0.000000,0
4367,64.975708,64.975708,1,697.307190,769.098999,75.210869,82.954262,131,1,844.249329,495.754089,91.059914,53.471554,47,0,0.000000,0.000000,0.000000,0.000000,0,0,0.000000,0.000000,0.000000,0.000000,0
4372,65.009033,65.009033,1,665.825500,753.168213,71.815285,81.235985,122,1,841.818665,495.235962,90.797737,53.415668,25,0,0.000000,0.000000,0.000000,0.000000,0,0,0.000000,0.000000,0.000000,0.000000,0
4374,65.042358,65.042358,1,635.538818,732.539551,68.548599,79.011002,120,1,841.107727,494.658112,90.721054,53.353340,66,0,0.000000,0.000000,0.000000,0.000000,0,0,0.000000,0.000000,0.000000,0.000000,0
4377,65.075806,65.075806,1,607.754272,709.117859,65.551781,76.484764,124,1,839.249084,497.291809,90.520584,53.637409,50,0,0.000000,0.000000,0.000000,0.000000,0,0,0.000000,0.000000,0.000000,0.000000,0
4379,65.109131,65.109131,1,583.693359,682.311218,62.956596,73.593422,107,1,838.363892,496.495270,90.425110,53.551495,28,0,0.000000,0.000000,0.000000,0.000000,0,0,0.000000,0.000000,0.000000,0.000000,0
4382,65.142456,65.142456,1,563.783813,652.628784,60.809170,70.391899,115,1,836.148193,498.233704,90.186127,53.738998,37,0,0.000000,0.000000,0.000000,0.000000,0,0,0.000000,0.000000,0.000000,0.000000,0
4386,65.175781,65.175781,1,547.392456,620.345764,59.041214,66.909889,118,1,830.918396,501.461609,89.622047,54.087158,72,0,0.000000,0.000000,0.000000,0.000000,0,0,0.000000,0.000000,0.000000,0.000000,0
4388,65.209106,65.209106,1,534.395264,587.365845,57.639351,63.352703,115,1,833.255249,499.772644,89.874092,53.904991,53,0,0.000000,0.000000,0.000000,0.000000,0,0,0.000000,0.000000,0.000000,0.000000,0
4391,65.242432,65.242432,1,526.476074,552.595703,56.785194,59.602432,121,1,836.288635,499.825836,90.201271,53.910728,37,0,0.000000,0.000000,0.000000,0.000000,0,0,0.000000,0.000000,0.000000,0.000000,0
4395,65.275757,65.275757,1,522.553589,516.461243,56.362122,55.705002,123,1,833.242981,500.686951,89.872772,54.003605,66,0,0.000000,0.000000,0.000000,0.000000,0,0,0.000000,0.000000,0.000000,0.000000,0
4399,65.309082,65.309082,1,522.995422,479.964447,56.409775,51.768497,120,1,830.408203,501.022430,89.567017,54.039791,67,0,0.000000,0.000000,0.000000,0.000000,0,0,0.000000,0.000000,0.000000,0.000000,0
4401,65.342407,65.342407,1,528.147034,443.822144,56.965424,47.870220,116,1,830.468872,502.227051,89.573563,54.169720,50,0,0.000000,0.000000,0.000000,0.000000,0,0,0.000000,0.000000,0.000000,0.000000,0
4404,65.375732,65.375732,1,538.323730,407.915070,58.063072,43.997322,115,1,827.118896,500.396973,89.212234,53.972328,73,0,0.000000,0.000000,0.000000,0.000000,0,0,0.000000,0.000000,0.000000,0.000000,0
4406,65.409180,65.409180,1,552.898254,374.467377,59.635067,40.389687,118,1,823.659180,499.269104,88.839081,53.850677,55,0,0.000000,0.000000,0.000000,0.000000,0,0,0.000000,0.000000,0.000000,0.000000,0
4410,65.442505,65.442505,1,571.875732,342.642456,61.681961,36.957081,118,1,824.348511,503.897278,88.913422,54.349869,26,0,0.000000,0.000000,0.000000,0.000000,0,0,0.000000,0.000000,0.000000,0.000000,0
4413,65.475830,65.475830,1,595.963074,311.026825,64.279999,33.547047,107,1,821.832397,504.659821,88.642036,54.432114,63,0,0.000000,0.000000,0.000000,0.000000,0,0,0.000000,0.000000,0.000000,0.000000,0
4415,65.509155,65.509155,1,623.067139,283.997040,67.203407,30.631643,107,1,818.525024,505.163727,88.285309,54.486465,68,0,0.000000,0.000000,0.000000,0.000000,0,0,0.000000,0.000000,0.000000,0.000000,0
4419,65.542480,65.542480,1,653.980835,262.107849,70.537735,28.270697,104,1,817.599182,506.368011,88.185455,54.616360,53,0,0.000000,0.000000,0.000000,0.000000,0,0,0.000000,0.000000,0.000000,0.000000,0
4422,65.575806,65.575806,1,688.092529,242.308884,74.216995,26.135199,104,1,815.254944,506.344177,87.932602,54.613789,76,0,0.000000,0.000000,0.000000,0.000000,0,0,0.000000,0.000000,0.000000,0.000000,0
4426,65.609131,65.609131,1,724.296997,227.644104,78.121971,24.553471,115,1,816.524170,506.737335,88.069496,54.656193,69,0,0.000000,0.000000,0.000000,0.000000,0,0,0.000000,0.000000,0.000000,0.000000,0
4427,65.642456,65.642456,1,761.853333,218.829483,82.172752,23.602734,110,1,819.726135,505.871643,88.414856,54.562820,52,0,0.000000,0.000000,0.000000,0.000000,0,0,0.000000,0.000000,0.000000,0.000000,0
4431,65.675781,65.675781,1,800.470276,214.773468,86.337944,23.165257,108,1,819.207397,503.741943,88.358910,54.333115,67,0,0.000000,0.000000,0.000000,0.000000,0,0,0.000000,0.000000,0.000000,0.000000,0
4433,65.709229,65.709229,1,839.342896,216.759354,90.530708,23.379452,102,1,821.036682,503.799896,88.556213,54.339363,73,0,0.000000,0.000000,0.000000,0.000000,0,0,0.000000,0.000000,0.000000,0.000000,0
4436,65.742554,65.742554,1,877.686951,223.131882,94.666458,24.066788,104,1,820.777771,501.493256,88.528290,54.090572,54,0,0.000000,0.000000,0.000000,0.000000,0,0,0.000000,0.000000,0.000000,0.000000,0
4440,65.775879,65.775879,1,914.503662,234.051971,98.637466,25.244617,97,1,819.567322,500.377594,88.397728,53.970238,67,0,0.000000,0.000000,0.000000,0.000000,0,0,0.000000,0.000000,0.000000,0.000000,0
4442,65.809204,65.809204,1,948.333191,250.850021,102.286293,27.056438,91,1,820.587830,499.423462,88.507805,53.867325,68,0,0.000000,0.000000,0.000000,0.000000,0,0,0.000000,0.000000,0.000000,0.000000,0
4447,65.842529,65.842529,1,980.411072,272.205933,105.746178,29.359865,99,1,818.329590,497.217651,88.264229,53.629410,39,0,0.000000,0.000000,0.000000,0.000000,0,0,0.000000,0.000000,0.000000,0.000000,0
4449,65.875854,65.875854,1,1009.552490,298.881500,108.889343,32.237068,111,1,820.078552,491.154114,88.452873,52.975403,47,0,0.000000,0.000000,0.000000,0.000000,0,0,0.000000,0.000000,0.000000,0.000000,0
4452,65.909180,65.909180,1,1035.543945,330.828217,111.692757,35.682808,110,1,821.425842,493.162659,88.598183,53.192043,57,0,0.000000,0.000000,0.000000,0.000000,0,0,0.000000,0.000000,0.000000,0.000000,0
4454,65.942505,65.942505,1,1055.521851,363.217560,113.847557,39.176292,104,1,823.935791,492.374542,88.868912,53.107040,60,0,0.000000,0.000000,0.000000,0.000000,0,0,0.000000,0.000000,0.000000,0.000000,0
4458,65.975830,65.975830,1,1072.318359,399.607391,115.659218,43.101261,101,1,823.898926,491.946747,88.864937,53.060898,60,0,0.000000,0.000000,0.000000,0.000000,0,0,0.000000,0.000000,0.000000,0.000000,0
4460,66.009277,66.009277,1,1083.190918,436.651245,116.831917,47.096779,100,1,826.126709,492.282257,89.105225,53.097084,68,0,0.000000,0.000000,0.000000,0.000000,0,0,0.000000,0.000000,0.000000,0.000000,0
4463,66.042603,66.042603,1,1087.908813,474.351624,117.340782,51.163105,98,1,830.489624,490.292999,89.575798,52.882523,49,0,0.000000,0.000000,0.000000,0.000000,0,0,0.000000,0.000000,0.000000,0.000000,0
4467,66.075928,66.075928,1,1088.159912,513.900879,117.367867,55.428844,87,1,834.185791,491.163757,89.974464,52.976444,19,0,0.000000,0.000000,0.000000,0.000000,0,0,0.000000,0.000000,0.000000,0.000000,0
4470,66.109253,66.109253,1,1083.085815,552.213684,116.820580,59.561230,90,1,833.663757,491.842468,89.918159,53.049648,39,0,0.000000,0.000000,0.000000,0.000000,0,0,0.000000,0.000000,0.000000,0.000000,0
4472,66.142578,66.142578,1,1072.552612,591.100220,115.684471,63.755493,91,1,833.052795,492.190094,89.852257,53.087143,52,0,0.000000,0.000000,0.000000,0.000000,0,0,0.000000,0.000000,0.000000,0.000000,0
4476,66.175903,66.175903,1,1057.448242,627.448181,114.055328,67.675949,104,1,834.026672,496.202332,89.957306,53.519897,41,0,0.000000,0.000000,0.000000,0.000000,0,0,0.000000,0.000000,0.000000,0.000000,0
4479,66.209229,66.209229,1,1038.358154,662.056519,111.996292,71.408768,102,1,835.107605,498.609497,90.073891,53.779533,57,0,0.000000,0.000000,0.000000,0.000000,0,0,0.000000,0.000000,0.000000,0.000000,0
4481,66.242554,66.242554,1,1015.996643,694.436768,109.584404,74.901276,104,1,837.149170,498.841614,90.294090,53.804569,60,0,0.000000,0.000000,0.000000,0.000000,0,0,0.000000,0.000000,0.000000,0.000000,0
4484,66.275879,66.275879,1,989.614258,724.672302,106.738831,78.162445,108,1,838.855957,497.609375,90.478188,53.671661,46,0,0.000000,0.000000,0.000000,0.000000,0,0,0.000000,0.000000,0.000000,0.000000,0
4488,66.309204,66.309204,1,960.579285,751.235657,103.607147,81.027542,106,1,838.116821,497.293579,90.398460,53.637600,52,0,0.000000,0.000000,0.000000,0.000000,0,0,0.000000,0.000000,0.000000,0.000000,0
4490,66.342651,66.342651,1,928.058105,774.200806,100.099442,83.504547,103,1,840.175110,496.859741,90.620468,53.590805,59,0,0.000000,0.000000,0.000000,0.000000,0,0,0.000000,0.000000,0.000000,0.000000,0
4495,66.375977,66.375977,1,894.122498,793.701721,96.439178,85.607895,87,1,840.751587,497.257416,90.682648,53.633701,35,0,0.000000,0.000000,0.000000,0.000000,0,0,0.000000,0.000000,0.000000,0.000000,0
4497,66.409302,66.409302,1,860.550415,809.707947,92.818123,87.334305,94,1,840.344727,497.676819,90.638763,53.678936,56,0,0.000000,0.000000,0.000000,0.000000,0,0,0.000000,0.000000,0.000000,0.000000,0
4500,66.442627,66.442627,1,824.961060,822.092346,88.979500,88.670082,101,1,842.373352,499.549927,90.857567,53.880970,41,0,0.000000,0.000000,0.000000,0.000000,0,0,0.000000,0.000000,0.000000,0.000000,0
4502,66.475952,66.475952,1,792.598511,829.933838,85.488899,89.515854,112,1,844.652466,498.698822,91.103386,53.789169,20,0,0.000000,0.000000,0.000000,0.000000,0,0,0.000000,0.000000,0.000000,0.000000,0
4505,66.509277,66.509277,1,759.770630,833.300476,81.948120,89.878975,112,1,841.721741,498.990601,90.787285,53.820637,51,0,0.000000,0.000000,0.000000,0.000000,0,0,0.000000,0.000000,0.000000,0.000000,0
4509,66.542603,66.542603,1,727.839661,832.722534,78.504074,89.816635,118,1,841.482849,500.065033,90.761520,53.936527,52,0,0.000000,0.000000,0.000000,0.000000,0,0,0.000000,0.000000,0.000000,0.000000,0
4511,66.575928,66.575928,1,697.048889,829.141418,75.183014,89.430389,123,1,842.027466,500.184937,90.820259,53.949459,25,0,0.000000,0.000000,0.000000,0.000000,0,0,0.000000,0.000000,0.000000,0.000000,0
4514,66.609253,66.609253,1,668.954834,823.250061,72.152817,88.794945,117,1,840.892944,501.429932,90.697891,54.083744,48,0,0.000000,0.000000,0.000000,0.000000,0,0,0.000000,0.000000,0.000000,0.000000,0
4518,66.642700,66.642700,1,642.743530,814.878235,69.325691,87.891968,119,1,840.337158,502.409485,90.637947,54.189400,54,0,0.000000,0.000000,0.000000,0.000000,0,0,0.000000,0.000000,0.000000,0.000000,0
4522,66.676025,66.676025,1,617.724731,804.586304,66.627190,86.781898,112,1,843.560791,506.534882,90.985649,54.634357,27,0,0.000000,0.000000,0.000000,0.000000,0,0,0.000000,0.000000,0.000000,0.000000,0
4524,66.709351,66.709351,1,594.173401,791.254089,64.086960,85.343895,107,1,844.260803,508.159973,91.061142,54.809639,39,0,0.000000,0.000000,0.000000,0.000000,0,0,0.000000,0.000000,0.000000,0.000000,0
4527,66.742676,66.742676,1,572.156311,777.247253,61.712219,83.833130,108,1,843.858215,507.470154,91.017723,54.735233,60,0,0.000000,0.000000,0.000000,0.000000,0,0,0.000000,0.000000,0.000000,0.000000,0
4529,66.776001,66.776001,1,552.157715,761.713013,59.555191,82.157623,100,1,842.679077,509.334686,90.890541,54.936344,33,0,0.000000,0.000000,0.000000,0.000000,0,0,0.000000,0.000000,0.000000,0.000000,0
4532,66.809326,66.809326,1,532.146301,744.513184,57.396778,80.302467,94,1,842.458618,506.238922,90.866768,54.602436,25,0,0.000000,0.000000,0.000000,0.000000,0,0,0.000000,0.000000,0.000000,0.000000,0
4536,66.842651,66.842651,1,514.381775,726.854004,55.480713,78.397766,96,1,840.298035,503.912140,90.633720,54.351471,59,0,0.000000,0.000000,0.000000,0.000000,0,0,0.000000,0.000000,0.000000,0.000000,0
4538,66.875977,66.875977,1,498.061523,708.797180,53.720428,76.450172,91,1,838.438843,500.870697,90.433197,54.023426,47,0,0.000000,0.000000,0.000000,0.000000,0,0,0.000000,0.000000,0.000000,0.000000,0
4541,66.909302,66.909302,1,482.395264,689.439148,52.030682,74.362236,101,1,840.104004,500.860870,90.612801,54.022366,46,0,0.000000,0.000000,0.000000,0.000000,0,0,0.000000,0.000000,0.000000,0.000000,0
4545,66.942749,66.942749,1,469.399780,670.450012,50.629002,72.314079,96,1,839.937439,499.219208,90.594833,53.845299,54,0,0.000000,0.000000,0.000000,0.000000,0,0,0.000000,0.000000,0.000000,0.000000,0
4548,66.976074,66.976074,1,456.270172,649.014709,49.212856,70.002090,97,1,841.886108,496.704773,90.805016,53.574093,52,0,0.000000,0.000000,0.000000,0.000000,0,0,0.000000,0.000000,0.000000,0.000000,0
4551,67.009399,67.009399,1,446.002777,628.486206,48.105423,67.787903,98,1,840.652954,495.836639,90.672005,53.480453,34,0,0.000000,0.000000,0.000000,0.000000,0,0,0.000000,0.000000,0.000000,0.000000,0
4553,67.042725,67.042725,1,436.574066,607.433472,47.088451,65.517181,102,1,838.435852,496.694550,90.432877,53.572987,63,0,0.000000,0.000000,0.000000,0.000000,0,0,0.000000,0.000000,0.000000,0.000000,0
4556,67.076050,67.076050,1,428.453522,585.946838,46.212578,63.199654,105,1,839.473938,498.089752,90.544846,53.723476,56,0,0.000000,0.000000,0.000000,0.000000,0,0,0.000000,0.000000,0.000000,0.000000,0
4559,67.109375,67.109375,1,421.594360,565.156860,45.472755,60.957264,105,1,837.071777,500.474457,90.285744,53.980686,38,0,0.000000,0.000000,0.000000,0.000000,0,0,0.000000,0.000000,0.000000,0.000000,0
4562,67.142700,67.142700,1,417.170349,544.030701,44.995586,58.678623,102,1,833.199829,502.896698,89.868126,54.241947,42,0,0.000000,0.000000,0.000000,0.000000,0,0,0.000000,0.000000,0.000000,0.000000,0
4566,67.176025,67.176025,1,414.774323,522.821350,44.737152,56.391003,100,1,834.186401,505.054718,89.974533,54.474709,53,0,0.000000,0.000000,0.000000,0.000000,0,0,0.000000,0.000000,0.000000,0.000000,0
4570,67.209351,67.209351,1,414.103729,503.920258,44.664825,54.352348,94,1,837.758911,501.462585,90.359856,54.087265,26,0,0.000000,0.000000,0.000000,0.000000,0,0,0.000000,0.000000,0.000000,0.000000,0
4572,67.242676,67.242676,1,415.257477,484.330139,44.789268,52.239376,93,1,834.159302,498.553833,89.971611,53.773529,35,0,0.000000,0.000000,0.000000,0.000000,0,0,0.000000,0.000000,0.000000,0.000000,0
4575,67.276123,67.276123,1,418.295807,464.816162,45.116978,50.134617,93,1,832.446045,501.673737,89.786819,54.110039,48,0,0.000000,0.000000,0.000000,0.000000,0,0,0.000000,0.000000,0.000000,0.000000,0
4577,67.309448,67.309448,1,422.792419,445.432098,45.601978,48.043869,90,1,838.506653,502.155701,90.440506,54.162022,28,0,0.000000,0.000000,0.000000,0.000000,0,0,0.000000,0.000000,0.000000,0.000000,0
4580,67.342773,67.342773,1,429.805359,426.857208,46.358387,46.040401,92,1,837.621155,497.003143,90.345001,53.606274,51,0,0.000000,0.000000,0.000000,0.000000,0,0,0.000000,0.000000,0.000000,0.000000,0
4584,67.376099,67.376099,1,439.161407,407.344940,47.367519,43.935829,97,1,834.475464,498.262085,90.005707,53.742062,65,0,0.000000,0.000000,0.000000,0.000000,0,0,0.000000,0.000000,0.000000,0.000000,0
4586,67.409424,67.409424,1,451.209686,387.076172,48.667034,41.749660,100,1,831.420410,502.308044,89.676193,54.178455,52,0,0.000000,0.000000,0.000000,0.000000,0,0,0.000000,0.000000,0.000000,0.000000,0
4590,67.442749,67.442749,1,465.197815,365.105377,50.175785,39.379910,92,1,835.299805,503.173431,90.094620,54.271793,39,0,0.000000,0.000000,0.000000,0.000000,0,0,0.000000,0.000000,0.000000,0.000000,0
4592,67.476074,67.476074,1,480.187012,343.153778,51.792503,37.012230,98,1,836.268250,500.524078,90.199074,53.986038,60,0,0.000000,0.000000,0.000000,0.000000,0,0,0.000000,0.000000,0.000000,0.000000,0
4597,67.509399,67.509399,1,498.046936,321.085785,53.718857,34.632000,95,1,836.440735,499.816711,90.217674,53.909744,70,0,0.000000,0.000000,0.000000,0.000000,0,0,0.000000,0.000000,0.000000,0.000000,0
4599,67.542725,67.542725,1,516.619263,299.644073,55.722050,32.319317,100,1,837.891235,498.447693,90.374130,53.762081,41,0,0.000000,0.000000,0.000000,0.000000,0,0,0.000000,0.000000,0.000000,0.000000,0
4602,67.576172,67.576172,1,536.701721,278.288574,57.888123,30.015936,105,1,839.159912,499.584106,90.510971,53.884655,43,0,0.000000,0.000000,0.000000,0.000000,0,0,0.000000,0.000000,0.000000,0.000000,0
4605,67.609497,67.609497,1,559.100708,258.066071,60.304058,27.834755,100,1,841.055542,500.323303,90.715431,53.964382,69,0,0.000000,0.000000,0.000000,0.000000,0,0,0.000000,0.000000,0.000000,0.000000,0
4608,67.642822,67.642822,1,584.052368,238.865891,62.995319,25.763842,111,1,844.071960,498.162201,91.040779,53.731285,58,0,0.000000,0.000000,0.000000,0.000000,0,0,0.000000,0.000000,0.000000,0.000000,0
4610,67.676147,67.676147,1,610.907104,222.014893,65.891846,23.946308,109,1,843.133362,498.900177,90.939537,53.810886,47,0,0.000000,0.000000,0.000000,0.000000,0,0,0.000000,0.000000,0.000000,0.000000,0
4614,67.709473,67.709473,1,638.401306,205.800354,68.857338,22.197426,110,1,840.544556,499.964264,90.660316,53.925659,72,0,0.000000,0.000000,0.000000,0.000000,0,0,0.000000,0.000000,0.000000,0.000000,0
4616,67.742798,67.742798,1,667.521851,192.332474,71.998260,20.744793,109,1,841.481201,503.172150,90.761345,54.271656,58,0,0.000000,0.000000,0.000000,0.000000,0,0,0.000000,0.000000,0.000000,0.000000,0
4619,67.776123,67.776123,1,698.330444,182.874985,75.321243,19.724716,115,1,840.302368,500.801422,90.634193,54.015953,62,0,0.000000,0.000000,0.000000,0.000000,0,0,0.000000,0.000000,0.000000,0.000000,0
4624,67.809448,67.809448,1,732.175903,175.444885,78.971779,18.923315,111,1,840.445557,496.712067,90.649643,53.574879,74,0,0.000000,0.000000,0.000000,0.000000,0,0,0.000000,0.000000,0.000000,0.000000,0
4626,67.842773,67.842773,1,765.441406,170.207764,82.559761,18.358442,112,1,837.864441,493.567413,90.371239,53.235699,74,0,0.000000,0.000000,0.000000,0.000000,0,0,0.000000,0.000000,0.000000,0.000000,0
4628,67.876221,67.876221,1,802.347961,169.003571,86.540466,18.228559,111,1,838.738586,495.414551,90.465523,53.434929,66,0,0.000000,0.000000,0.000000,0.000000,0,0,0.000000,0.000000,0.000000,0.000000,0
4631,67.909546,67.909546,1,840.375305,172.200287,90.642059,18.573355,123,1,842.979858,501.447906,90.922981,54.085682,61,0,0.000000,0.000000,0.000000,0.000000,0,0,0.000000,0.000000,0.000000,0.000000,0
4635,67.942871,67.942871,1,878.749939,179.346802,94.781113,19.344170,119,1,840.815674,505.555176,90.689560,54.528687,73,0,0.000000,0.000000,0.000000,0.000000,0,0,0.000000,0.000000,0.000000,0.000000,0
4637,67.976196,67.976196,1,916.821228,188.097977,98.887444,20.288063,100,1,836.064148,509.131165,90.177063,54.914391,51,0,0.000000,0.000000,0.000000,0.000000,0,0,0.000000,0.000000,0.000000,0.000000,0
4640,68.009521,68.009521,1,951.379944,197.664780,102.614914,21.319929,108,1,830.365723,509.662964,89.562439,54.971748,68,0,0.000000,0.000000,0.000000,0.000000,0,0,0.000000,0.000000,0.000000,0.000000,0
4644,68.042847,68.042847,1,984.129517,211.305511,106.147255,22.791206,100,1,820.879456,511.618713,88.539261,55.182693,61,0,0.000000,0.000000,0.000000,0.000000,0,0,0.000000,0.000000,0.000000,0.000000,0
4646,68.076172,68.076172,1,1015.064941,229.478790,109.483910,24.751358,98,1,817.767639,506.373108,88.203621,54.616909,69,0,0.000000,0.000000,0.000000,0.000000,0,0,0.000000,0.000000,0.000000,0.000000,0
4649,68.109497,68.109497,1,1042.473999,247.876831,112.440231,26.735754,119,1,818.859070,496.458893,88.321335,53.547569,64,0,0.000000,0.000000,0.000000,0.000000,0,0,0.000000,0.000000,0.000000,0.000000,0
