frame,t_s,xc_px,yc_px,xc_mm,yc_mm,seguido,area_px
0,0.04162,1187.906,523.332,209.0193,92.0835,1,146
1,0.08324,1187.810,523.081,209.0024,92.0394,1,139
2,0.12486,1187.490,523.123,208.9462,92.0467,1,141
3,0.16649,1187.562,523.508,208.9587,92.1145,1,136
4,0.20811,1187.227,523.373,208.8998,92.0907,1,124
5,0.24973,1187.469,523.748,208.9424,92.1567,1,150
6,0.29135,1187.329,523.605,208.9178,92.1315,1,132
7,0.33297,1187.549,523.560,208.9565,92.1236,1,138
8,0.37459,1187.475,523.137,208.9436,92.0492,1,152
9,0.41621,1187.337,523.073,208.9193,92.0380,1,139
10,0.45784,1187.260,522.674,208.9056,91.9677,1,142
11,0.49946,1187.042,522.541,208.8673,91.9442,1,131
12,0.54108,1187.055,522.507,208.8695,91.9383,1,135
13,0.58270,1186.909,522.384,208.8439,91.9167,1,134
14,0.62432,1187.128,522.326,208.8825,91.9064,1,139
15,0.66594,1186.825,522.476,208.8292,91.9328,1,131
16,0.70756,1187.020,522.421,208.8635,91.9231,1,136
17,0.74919,1186.655,522.621,208.7992,91.9584,1,134
18,0.79081,1187.028,522.459,208.8648,91.9299,1,130
19,0.83243,1186.486,522.587,208.7694,91.9523,1,144
20,0.87405,1186.728,522.179,208.8120,91.8806,1,146
21,0.91567,1186.292,522.228,208.7354,91.8892,1,150
22,0.95729,1186.224,521.810,208.7233,91.8157,1,149
23,0.99891,1185.930,521.651,208.6717,91.7877,1,147
24,1.04054,1185.900,521.335,208.6663,91.7321,1,137
25,1.08216,1185.658,521.338,208.6238,91.7326,1,140
26,1.12378,1185.757,521.239,208.6412,91.7153,1,131
27,1.16540,1185.540,521.414,208.6031,91.7460,1,131
28,1.20702,1185.716,521.461,208.6340,91.7543,1,129
29,1.24864,1185.592,521.611,208.6122,91.7806,1,134
30,1.29026,1185.613,521.371,208.6159,91.7384,1,135
31,1.33189,1185.726,521.346,208.6357,91.7340,1,144
32,1.37351,1185.563,520.897,208.6071,91.6550,1,128
33,1.41513,1185.428,520.710,208.5834,91.6222,1,136
34,1.45675,1185.379,520.608,208.5747,91.6041,1,136
35,1.49837,1185.092,520.265,208.5243,91.5438,1,138
36,1.53999,1185.234,520.683,208.5492,91.6174,1,132
37,1.58161,1185.078,520.228,208.5217,91.5374,1,132
38,1.62324,1185.274,520.666,208.5562,91.6144,1,135
39,1.66486,1184.979,520.468,208.5043,91.5796,1,139
40,1.70648,1185.269,520.677,208.5554,91.6164,1,139
41,1.74810,1184.700,520.490,208.4552,91.5833,1,138
42,1.78972,1184.985,520.554,208.5054,91.5947,1,141
43,1.83134,1184.766,520.117,208.4668,91.5178,1,130
44,1.87296,1184.816,519.989,208.4756,91.4953,1,137
45,1.91459,1184.867,519.731,208.4847,91.4498,1,132
46,1.95621,1184.627,519.384,208.4424,91.3888,1,147
47,1.99783,1184.342,519.599,208.3923,91.4267,1,147
48,2.03945,1184.204,519.301,208.3679,91.3742,1,143
49,2.08107,1184.094,519.675,208.3486,91.4400,1,148
50,2.12269,1183.994,519.532,208.3309,91.4149,1,128
51,2.16431,1184.239,519.732,208.3741,91.4500,1,134
52,2.20594,1184.035,519.624,208.3383,91.4310,1,149
53,2.24756,1184.150,519.343,208.3584,91.3815,1,139
54,2.28918,1184.000,519.353,208.3321,91.3833,1,143
55,2.33080,1183.887,518.983,208.3122,91.3182,1,134
56,2.37242,1183.694,518.843,208.2782,91.2936,1,134
57,2.41404,1183.831,518.701,208.3023,91.2687,1,138
58,2.45566,1183.481,518.556,208.2407,91.2431,1,136
59,2.49729,1183.764,518.563,208.2906,91.2444,1,132
60,2.53891,1183.435,518.583,208.2326,91.2478,1,136
61,2.58053,1183.480,518.613,208.2406,91.2532,1,136
62,2.62215,1183.418,518.581,208.2297,91.2475,1,132
63,2.66377,1183.532,518.529,208.2497,91.2383,1,136
64,2.70539,1183.305,518.507,208.2098,91.2345,1,136
65,2.74701,1183.444,518.433,208.2343,91.2215,1,132
66,2.78864,1183.186,518.371,208.1888,91.2106,1,138
67,2.83026,1183.046,518.191,208.1642,91.1788,1,142
68,2.87188,1183.136,518.298,208.1801,91.1978,1,143
69,2.91350,1182.856,517.905,208.1308,91.1286,1,129
70,2.95512,1182.901,518.203,208.1386,91.1811,1,140
71,2.99674,1182.811,517.937,208.1229,91.1342,1,136
72,3.03836,1182.509,518.104,208.0697,91.1636,1,137
73,3.07999,1182.653,518.064,208.0951,91.1565,1,132
74,3.12161,1182.444,518.218,208.0582,91.1836,1,133
75,3.16323,1182.673,518.148,208.0985,91.1713,1,140
76,3.20485,1182.663,518.086,208.0969,91.1605,1,147
77,3.24647,1182.580,518.069,208.0822,91.1575,1,136
78,3.28809,1182.238,517.737,208.0220,91.0990,1,128
79,3.32971,1182.074,517.689,207.9932,91.0906,1,139
80,3.37134,1181.868,517.576,207.9568,91.0707,1,143
81,3.41296,1181.670,517.383,207.9220,91.0366,1,149
82,3.45458,1181.751,517.273,207.9363,91.0174,1,159
83,3.49620,1181.506,517.386,207.8932,91.0372,1,135
84,3.53782,1181.740,517.048,207.9344,90.9778,1,136
85,3.57944,1181.834,517.143,207.9510,90.9945,1,130
86,3.62106,1181.609,517.342,207.9114,91.0295,1,132
87,3.66268,1181.737,517.047,207.9339,90.9776,1,127
88,3.70431,1181.370,517.218,207.8693,91.0077,1,143
89,3.74593,1181.299,517.115,207.8567,90.9896,1,136
90,3.78755,1181.289,516.821,207.8551,90.9378,1,144
91,3.82917,1181.284,516.678,207.8542,90.9126,1,127
92,3.87079,1181.126,516.744,207.8264,90.9243,1,129
93,3.91241,1181.175,516.409,207.8350,90.8654,1,142
94,3.95403,1181.080,516.759,207.8184,90.9270,1,137
95,3.99566,1180.946,516.616,207.7947,90.9018,1,138
96,4.03728,1181.052,516.675,207.8133,90.9121,1,129
97,4.07890,1180.779,516.725,207.7652,90.9210,1,138
98,4.12052,1180.860,516.641,207.7796,90.9062,1,140
99,4.16214,1180.630,516.623,207.7391,90.9030,1,140
100,4.20376,1180.682,516.556,207.7482,90.8912,1,119
101,4.24538,1180.133,516.461,207.6516,90.8745,1,142
102,4.28701,1180.494,516.176,207.7151,90.8244,1,141
103,4.32863,1179.737,516.313,207.5820,90.8485,1,132
104,4.37025,1179.998,516.019,207.6279,90.7967,1,139
105,4.41187,1179.950,516.252,207.6195,90.8376,1,132
106,4.45349,1179.703,516.040,207.5760,90.8004,1,136
107,4.49511,1179.953,516.257,207.6200,90.8387,1,136
108,4.53673,1179.606,516.135,207.5588,90.8171,1,131
109,4.57836,1179.688,516.207,207.5733,90.8298,1,140
110,4.61998,1179.599,516.115,207.5577,90.8136,1,139
111,4.66160,1179.557,516.068,207.5504,90.8054,1,124
112,4.70322,1179.404,515.970,207.5233,90.7882,1,133
113,4.74484,1179.429,515.877,207.5278,90.7717,1,147
114,4.78646,1179.303,515.748,207.5056,90.7490,1,143
115,4.82808,1179.230,515.388,207.4928,90.6856,1,124
116,4.86971,1179.353,515.203,207.5144,90.6532,1,132
117,4.91133,1179.033,515.020,207.4582,90.6210,1,145
118,4.95295,1179.172,514.898,207.4826,90.5995,1,135
119,4.99457,1179.065,515.070,207.4637,90.6298,1,144
120,5.03619,1179.035,514.938,207.4584,90.6064,1,141
121,5.07781,1179.069,515.333,207.4644,90.6759,1,138
122,5.11943,1178.880,515.183,207.4311,90.6497,1,128
123,5.16106,1178.778,515.008,207.4133,90.6189,1,148
124,5.20268,1178.461,514.858,207.3575,90.5925,1,136
125,5.24430,1178.645,514.595,207.3898,90.5462,1,123
126,5.28592,1178.184,514.266,207.3087,90.4883,1,120
127,5.32754,1178.534,514.441,207.3702,90.5191,1,135
128,5.36916,1177.937,514.283,207.2653,90.4913,1,127
129,5.41078,1178.414,514.130,207.3491,90.4644,1,130
130,5.45241,1177.786,514.419,207.2388,90.5151,1,137
131,5.49403,1178.146,514.458,207.3021,90.5220,1,128
132,5.53565,1178.115,514.356,207.2965,90.5041,1,142
133,5.57727,1177.772,514.749,207.2362,90.5732,1,144
134,5.61889,1178.000,514.219,207.2763,90.4801,1,140
135,5.66051,1177.831,514.330,207.2465,90.4996,1,139
136,5.70213,1177.689,513.965,207.2215,90.4353,1,134
137,5.74376,1177.645,514.007,207.2138,90.4427,1,142
138,5.78538,1177.660,513.742,207.2164,90.3961,1,138
139,5.82700,1177.203,514.024,207.1361,90.4457,1,138
140,5.86862,1177.414,513.701,207.1732,90.3889,1,132
141,5.91024,1177.080,514.015,207.1145,90.4441,1,139
142,5.95186,1177.251,513.606,207.1445,90.3721,1,136
143,5.99348,1177.125,513.852,207.1224,90.4155,1,134
144,6.03511,1177.270,513.505,207.1478,90.3544,1,127
145,6.07673,1177.326,513.788,207.1577,90.4041,1,132
146,6.11835,1177.302,513.120,207.1534,90.2867,1,143
147,6.15997,1177.544,513.617,207.1961,90.3740,1,144
148,6.20159,1177.279,512.930,207.1494,90.2532,1,133
149,6.24321,1177.375,513.436,207.1663,90.3422,1,144
150,6.28483,1177.063,512.818,207.1115,90.2335,1,139
151,6.32646,1177.169,513.223,207.1301,90.3047,1,148
152,6.36808,1176.968,512.504,207.0947,90.1782,1,133
153,6.40970,1177.214,512.933,207.1380,90.2537,1,157
154,6.45132,1176.876,512.238,207.0786,90.1314,1,135
155,6.49294,1177.172,512.851,207.1307,90.2392,1,135
156,6.53456,1176.865,512.131,207.0767,90.1126,1,141
157,6.57618,1176.996,512.578,207.0996,90.1913,1,138
158,6.61781,1176.847,512.026,207.0734,90.0942,1,135
159,6.65943,1176.588,512.462,207.0279,90.1708,1,125
160,6.70105,1176.605,511.937,207.0309,90.0785,1,128
161,6.74267,1176.654,512.318,207.0395,90.1454,1,138
162,6.78429,1176.404,511.944,206.9954,90.0796,1,144
163,6.82591,1176.794,512.202,207.0641,90.1251,1,135
164,6.86753,1176.246,511.800,206.9677,90.0543,1,138
165,6.90916,1176.595,512.417,207.0291,90.1628,1,128
166,6.95078,1176.154,511.777,206.9514,90.0503,1,134
167,6.99240,1176.543,512.310,207.0199,90.1440,1,146
168,7.03402,1176.283,511.880,206.9743,90.0685,1,139
169,7.07564,1176.167,512.020,206.9538,90.0930,1,143
170,7.11726,1176.371,511.672,206.9897,90.0318,1,135
171,7.15888,1176.208,511.645,206.9610,90.0271,1,135
172,7.20051,1176.135,511.374,206.9481,89.9794,1,144
173,7.24213,1176.101,511.404,206.9422,89.9846,1,143
174,7.28375,1175.835,511.275,206.8955,89.9619,1,142
175,7.32537,1175.587,511.431,206.8518,89.9895,1,131
176,7.36699,1175.959,511.120,206.9173,89.9347,1,128
177,7.40861,1175.617,511.487,206.8570,89.9993,1,144
178,7.45023,1175.888,511.140,206.9046,89.9381,1,142
179,7.49186,1175.771,511.600,206.8841,90.0191,1,128
180,7.53348,1175.686,511.159,206.8692,89.9416,1,137
181,7.57510,1175.728,511.482,206.8766,89.9984,1,140
182,7.61672,1175.728,511.137,206.8766,89.9377,1,139
183,7.65834,1175.508,510.911,206.8378,89.8979,1,140
184,7.69996,1175.624,510.814,206.8582,89.8808,1,146
185,7.74158,1175.256,510.731,206.7935,89.8663,1,136
186,7.78321,1175.378,510.710,206.8149,89.8626,1,132
187,7.82483,1175.147,510.957,206.7743,89.9060,1,136
188,7.86645,1175.134,510.909,206.7721,89.8975,1,136
189,7.90807,1175.217,510.948,206.7866,89.9045,1,130
190,7.94969,1175.203,510.853,206.7841,89.8877,1,137
191,7.99131,1175.181,510.940,206.7803,89.9030,1,145
192,8.03293,1175.250,510.817,206.7925,89.8813,1,147
193,8.07456,1175.030,510.782,206.7537,89.8752,1,145
194,8.11618,1175.177,510.545,206.7797,89.8336,1,132
195,8.15780,1174.939,510.583,206.7377,89.8403,1,143
196,8.19942,1175.090,510.345,206.7644,89.7983,1,145
197,8.24104,1175.015,510.355,206.7511,89.8001,1,143
198,8.28266,1174.799,510.177,206.7131,89.7688,1,148
199,8.32428,1174.909,510.349,206.7325,89.7990,1,131
200,8.36591,1174.600,510.327,206.6782,89.7952,1,132
201,8.40753,1174.782,510.558,206.7101,89.8359,1,135
202,8.44915,1174.766,510.638,206.7072,89.8498,1,135
203,8.49077,1174.823,510.562,206.7174,89.8366,1,130
204,8.53239,1174.723,510.497,206.6998,89.8251,1,134
205,8.57401,1174.717,510.285,206.6986,89.7878,1,135
206,8.61563,1174.672,510.129,206.6908,89.7604,1,143
207,8.65726,1174.381,510.115,206.6396,89.7579,1,145
208,8.69888,1174.413,509.891,206.6451,89.7185,1,128
209,8.74050,1174.001,509.938,206.5727,89.7267,1,146
210,8.78212,1173.884,509.996,206.5520,89.7369,1,144
211,8.82374,1173.859,509.984,206.5476,89.7349,1,124
212,8.86536,1173.708,510.056,206.5211,89.7475,1,139
213,8.90698,1173.791,510.221,206.5358,89.7766,1,128
214,8.94861,1173.683,509.928,206.5167,89.7249,1,131
215,8.99023,1173.843,509.726,206.5448,89.6894,1,140
216,9.03185,1173.671,509.687,206.5146,89.6826,1,134
217,9.07347,1173.668,509.425,206.5142,89.6364,1,131
218,9.11509,1173.507,509.395,206.4857,89.6312,1,135
219,9.15671,1173.459,509.371,206.4773,89.6270,1,143
220,9.19833,1173.402,509.148,206.4673,89.5877,1,136
221,9.23996,1173.490,509.169,206.4827,89.5913,1,140
222,9.28158,1173.475,509.221,206.4801,89.6006,1,135
223,9.32320,1173.422,509.151,206.4707,89.5882,1,140
224,9.36482,1173.438,509.409,206.4736,89.6336,1,129
225,9.40644,1173.326,509.499,206.4539,89.6495,1,139
226,9.44806,1173.214,509.400,206.4342,89.6320,1,132
227,9.48968,1173.362,509.308,206.4602,89.6159,1,136
228,9.53131,1173.197,509.110,206.4312,89.5810,1,124
229,9.57293,1173.298,508.786,206.4489,89.5240,1,140
230,9.61455,1173.341,508.733,206.4566,89.5148,1,140
231,9.65617,1173.048,508.797,206.4050,89.5259,1,126
232,9.69779,1173.206,508.670,206.4328,89.5037,1,132
233,9.73941,1173.062,508.736,206.4075,89.5152,1,137
234,9.78103,1172.939,508.722,206.3857,89.5128,1,130
235,9.82266,1173.174,508.654,206.4271,89.5007,1,134
236,9.86428,1173.013,508.789,206.3988,89.5246,1,130
237,9.90590,1173.073,508.837,206.4095,89.5330,1,145
238,9.94752,1173.074,508.832,206.4096,89.5321,1,128
239,9.98914,1173.145,508.637,206.4221,89.4977,1,132
240,10.03076,1172.879,508.610,206.3753,89.4930,1,141
241,10.07238,1172.956,508.145,206.3889,89.4112,1,139
242,10.11401,1172.557,508.274,206.3185,89.4339,1,124
243,10.15563,1172.651,508.099,206.3351,89.4031,1,136
244,10.19725,1172.375,508.127,206.2866,89.4080,1,132
245,10.23887,1172.548,508.197,206.3170,89.4203,1,146
246,10.28049,1172.226,508.220,206.2604,89.4244,1,135
247,10.32211,1172.393,508.286,206.2897,89.4361,1,136
248,10.36373,1172.046,508.306,206.2288,89.4396,1,135
249,10.40535,1172.427,508.458,206.2958,89.4662,1,139
250,10.44698,1172.213,508.278,206.2580,89.4347,1,132
251,10.48860,1172.135,508.337,206.2443,89.4450,1,144
252,10.53022,1172.116,508.253,206.2410,89.4302,1,134
253,10.57184,1171.792,507.873,206.1840,89.3634,1,139
254,10.61346,1171.837,507.915,206.1920,89.3707,1,132
255,10.65508,1171.745,507.743,206.1756,89.3404,1,132
256,10.69670,1171.687,507.621,206.1656,89.3190,1,130
257,10.73833,1171.698,507.758,206.1675,89.3431,1,146
258,10.77995,1171.510,507.856,206.1343,89.3603,1,147
259,10.82157,1171.709,507.972,206.1695,89.3809,1,122
260,10.86319,1171.445,508.053,206.1229,89.3951,1,145
261,10.90481,1171.553,508.149,206.1419,89.4120,1,132
262,10.94643,1171.538,507.922,206.1393,89.3720,1,136
263,10.98805,1171.342,507.700,206.1048,89.3329,1,140
264,11.02968,1171.373,507.372,206.1102,89.2752,1,135
265,11.07130,1171.257,507.156,206.0899,89.2372,1,124
266,11.11292,1171.119,507.088,206.0655,89.2253,1,140
267,11.15454,1171.070,507.171,206.0569,89.2398,1,144
268,11.19616,1171.130,507.125,206.0675,89.2318,1,141
269,11.23778,1171.046,507.222,206.0527,89.2488,1,138
270,11.27940,1171.085,507.083,206.0595,89.2244,1,132
271,11.32103,1171.205,507.209,206.0806,89.2465,1,133
272,11.36265,1171.205,507.179,206.0807,89.2412,1,145
273,11.40427,1171.097,507.323,206.0617,89.2666,1,123
274,11.44589,1171.188,506.981,206.0777,89.2065,1,147
275,11.48751,1170.864,507.076,206.0206,89.2231,1,131
276,11.52913,1170.740,506.699,205.9988,89.1569,1,135
277,11.57075,1170.851,506.750,206.0183,89.1657,1,148
278,11.61238,1170.611,506.543,205.9762,89.1293,1,132
279,11.65400,1170.813,506.628,206.0117,89.1443,1,130
280,11.69562,1170.637,506.332,205.9807,89.0923,1,140
281,11.73724,1170.537,506.677,205.9632,89.1529,1,136
282,11.77886,1170.601,506.462,205.9744,89.1150,1,127
283,11.82048,1170.573,506.645,205.9694,89.1473,1,127
284,11.86210,1170.637,506.519,205.9808,89.1252,1,134
285,11.90373,1170.707,506.477,205.9930,89.1178,1,128
286,11.94535,1170.526,506.243,205.9613,89.0765,1,130
287,11.98697,1170.127,506.258,205.8911,89.0791,1,131
288,12.02859,1170.089,506.134,205.8843,89.0574,1,129
289,12.07021,1169.580,506.076,205.7948,89.0472,1,134
290,12.11183,1169.583,506.174,205.7952,89.0644,1,131
291,12.15345,1169.476,506.166,205.7765,89.0630,1,128
292,12.19508,1169.443,506.222,205.7706,89.0729,1,133
293,12.23670,1169.587,506.246,205.7960,89.0772,1,139
294,12.27832,1169.424,506.247,205.7673,89.0773,1,141
295,12.31994,1169.695,506.211,205.8150,89.0709,1,133
296,12.36156,1169.351,506.150,205.7545,89.0602,1,143
297,12.40318,1169.491,506.044,205.7792,89.0416,1,132
298,12.44480,1169.306,505.767,205.7466,88.9927,1,149
299,12.48643,1169.375,505.514,205.7588,88.9483,1,133
300,12.52805,1169.205,505.236,205.7288,88.8994,1,125
301,12.56967,1169.199,505.354,205.7277,88.9201,1,135
302,12.61129,1169.111,505.342,205.7122,88.9180,1,129
303,12.65291,1169.079,505.596,205.7066,88.9627,1,134
304,12.69453,1169.068,505.614,205.7047,88.9659,1,140
305,12.73615,1169.109,505.646,205.7120,88.9716,1,140
306,12.77778,1169.044,505.392,205.7005,88.9268,1,132
307,12.81940,1169.130,505.451,205.7156,88.9372,1,128
308,12.86102,1169.045,505.046,205.7007,88.8659,1,130
309,12.90264,1169.075,505.139,205.7058,88.8822,1,140
310,12.94426,1169.108,504.620,205.7116,88.7909,1,139
311,12.98588,1168.643,504.857,205.6299,88.8327,1,131
312,13.02750,1168.729,504.507,205.6450,88.7711,1,137
313,13.06913,1168.148,504.648,205.5429,88.7960,1,138
314,13.11075,1168.124,504.505,205.5386,88.7707,1,140
315,13.15237,1168.297,504.627,205.5690,88.7921,1,139
316,13.19399,1168.038,504.657,205.5234,88.7975,1,125
317,13.23561,1168.486,504.730,205.6022,88.8104,1,148
318,13.27723,1168.232,504.771,205.5576,88.8176,1,135
319,13.31885,1168.341,504.566,205.5768,88.7815,1,149
320,13.36048,1168.087,504.507,205.5321,88.7711,1,139
321,13.40210,1168.079,504.403,205.5306,88.7528,1,134
322,13.44372,1167.673,504.385,205.4593,88.7497,1,139
323,13.48534,1167.660,504.314,205.4569,88.7371,1,128
324,13.52696,1167.548,504.251,205.4372,88.7261,1,136
325,13.56858,1167.647,504.088,205.4547,88.6975,1,138
326,13.61020,1167.559,504.121,205.4392,88.7032,1,142
327,13.65183,1167.736,504.054,205.4703,88.6914,1,128
328,13.69345,1167.500,504.190,205.4288,88.7153,1,142
329,13.73507,1167.689,503.991,205.4621,88.6804,1,134
330,13.77669,1167.455,504.042,205.4208,88.6893,1,128
331,13.81831,1167.503,503.963,205.4292,88.6754,1,137
332,13.85993,1167.298,503.655,205.3932,88.6213,1,136
333,13.90155,1167.280,503.500,205.3900,88.5939,1,134
334,13.94318,1167.080,503.450,205.3548,88.5851,1,143
335,13.98480,1167.141,503.145,205.3656,88.5315,1,136
336,14.02642,1167.089,503.137,205.3564,88.5301,1,127
337,14.06804,1166.954,503.151,205.3328,88.5325,1,140
338,14.10966,1167.043,503.141,205.3483,88.5308,1,127
339,14.15128,1166.994,503.202,205.3398,88.5416,1,130
340,14.19290,1166.887,503.388,205.3209,88.5742,1,136
341,14.23453,1166.949,503.414,205.3319,88.5787,1,140
342,14.27615,1166.750,503.100,205.2969,88.5234,1,136
343,14.31777,1166.908,502.948,205.3247,88.4968,1,123
344,14.35939,1166.689,502.652,205.2861,88.4447,1,134
345,14.40101,1166.561,502.691,205.2635,88.4516,1,128
346,14.44263,1166.613,502.487,205.2728,88.4157,1,134
347,14.48425,1166.202,502.633,205.2004,88.4414,1,147
348,14.52588,1166.520,502.571,205.2564,88.4305,1,132
349,14.56750,1166.122,502.397,205.1864,88.3999,1,135
350,14.60912,1166.404,502.574,205.2359,88.4309,1,139
351,14.65074,1166.137,502.447,205.1889,88.4086,1,127
352,14.69236,1166.405,502.535,205.2361,88.4242,1,140
353,14.73398,1166.397,502.355,205.2347,88.3925,1,134
354,14.77560,1166.386,502.360,205.2327,88.3933,1,136
355,14.81723,1166.314,502.174,205.2202,88.3606,1,128
356,14.85885,1166.062,502.078,205.1757,88.3437,1,143
357,14.90047,1165.935,502.110,205.1534,88.3493,1,120
358,14.94209,1165.683,501.902,205.1091,88.3128,1,141
359,14.98371,1165.844,501.859,205.1374,88.3051,1,141
360,15.02533,1165.384,501.813,205.0565,88.2971,1,138
361,15.06695,1165.791,502.002,205.1280,88.3303,1,148
362,15.10858,1165.477,501.957,205.0729,88.3224,1,139
363,15.15020,1165.500,501.976,205.0769,88.3257,1,142
364,15.19182,1165.486,502.047,205.0744,88.3383,1,135
365,15.23344,1165.440,501.458,205.0664,88.2347,1,127
366,15.27506,1165.277,501.675,205.0377,88.2727,1,136
367,15.31668,1165.273,501.460,205.0370,88.2350,1,139
368,15.35830,1165.154,501.264,205.0159,88.2005,1,128
369,15.39993,1165.044,501.412,204.9967,88.2265,1,132
370,15.44155,1165.044,501.111,204.9966,88.1735,1,139
371,15.48317,1164.905,501.278,204.9722,88.2030,1,136
372,15.52479,1164.966,501.219,204.9830,88.1926,1,132
373,15.56641,1164.880,501.272,204.9677,88.2019,1,138
374,15.60803,1164.833,501.512,204.9595,88.2441,1,139
375,15.64965,1164.949,501.290,204.9800,88.2050,1,137
376,15.69128,1164.864,501.600,204.9650,88.2596,1,132
377,15.73290,1164.896,501.259,204.9706,88.1996,1,149
378,15.77452,1164.791,501.232,204.9522,88.1949,1,136
379,15.81614,1164.758,501.000,204.9463,88.1541,1,140
380,15.85776,1164.535,500.620,204.9072,88.0872,1,137
381,15.89938,1164.433,500.649,204.8892,88.0922,1,133
382,15.94100,1164.351,500.549,204.8748,88.0746,1,128
383,15.98263,1164.294,500.605,204.8648,88.0846,1,135
384,16.02425,1164.424,500.720,204.8875,88.1047,1,149
385,16.06587,1164.375,500.789,204.8789,88.1168,1,147
386,16.10749,1164.605,500.828,204.9194,88.1238,1,151
387,16.14911,1164.337,500.857,204.8722,88.1288,1,143
388,16.19073,1164.424,500.768,204.8876,88.1132,1,136
389,16.23235,1164.034,500.768,204.8190,88.1132,1,143
390,16.27398,1164.002,500.400,204.8134,88.0485,1,140
391,16.31560,1163.879,500.418,204.7917,88.0517,1,137
392,16.35722,1163.758,500.082,204.7703,87.9925,1,131
393,16.39884,1163.884,500.279,204.7925,88.0272,1,140
394,16.44046,1163.667,500.119,204.7543,87.9990,1,135
395,16.48208,1163.881,500.386,204.7920,88.0460,1,128
396,16.52370,1163.894,500.233,204.7944,88.0191,1,134
397,16.56533,1164.029,500.299,204.8181,88.0308,1,140
398,16.60695,1164.049,500.223,204.8216,88.0173,1,144
399,16.64857,1164.026,500.164,204.8175,88.0069,1,137
400,16.69019,1163.709,500.360,204.7618,88.0414,1,137
401,16.73181,1163.954,500.159,204.8048,88.0060,1,132
402,16.77343,1163.501,500.138,204.7251,88.0024,1,136
403,16.81505,1163.631,500.103,204.7481,87.9963,1,143
404,16.85668,1163.501,499.886,204.7251,87.9581,1,139
405,16.89830,1163.303,500.166,204.6903,88.0073,1,127
406,16.93992,1163.620,499.889,204.7461,87.9586,1,127
407,16.98154,1163.425,500.190,204.7118,88.0114,1,135
408,17.02316,1163.757,499.935,204.7702,87.9666,1,142
409,17.06478,1163.439,500.133,204.7142,88.0015,1,144
410,17.10640,1163.772,500.015,204.7728,87.9807,1,136
411,17.14803,1163.603,500.043,204.7431,87.9856,1,143
412,17.18965,1163.603,499.936,204.7432,87.9668,1,137
413,17.23127,1163.590,499.897,204.7408,87.9599,1,139
414,17.27289,1163.397,499.715,204.7069,87.9280,1,135
415,17.31451,1163.322,499.514,204.6936,87.8926,1,138
416,17.35613,1163.274,499.507,204.6852,87.8914,1,139
417,17.39775,1163.310,499.436,204.6916,87.8787,1,138
418,17.43937,1163.269,499.534,204.6843,87.8961,1,139
419,17.48100,1163.275,499.848,204.6854,87.9513,1,129
420,17.52262,1163.494,499.801,204.7238,87.9430,1,128
421,17.56424,1163.343,500.006,204.6974,87.9791,1,139
422,17.60586,1163.622,499.854,204.7464,87.9525,1,138
423,17.64748,1163.500,499.887,204.7250,87.9582,1,131
424,17.68910,1163.418,499.934,204.7105,87.9665,1,128
425,17.73072,1163.419,499.538,204.7108,87.8968,1,149
426,17.77235,1163.292,499.803,204.6883,87.9433,1,135
427,17.81397,1163.309,499.364,204.6913,87.8662,1,142
428,17.85559,1163.257,499.303,204.6823,87.8554,1,127
429,17.89721,1163.271,499.571,204.6847,87.9026,1,149
430,17.93883,1163.424,499.544,204.7116,87.8977,1,127
431,17.98045,1163.455,499.989,204.7171,87.9762,1,139
432,18.02207,1163.656,499.957,204.7524,87.9704,1,124
433,18.06370,1163.504,500.101,204.7257,87.9958,1,148
434,18.10532,1163.644,500.046,204.7503,87.9862,1,131
435,18.14694,1163.302,499.889,204.6901,87.9585,1,135
436,18.18856,1163.425,500.160,204.7117,88.0062,1,135
437,18.23018,1163.289,499.785,204.6879,87.9402,1,127
438,18.27180,1163.235,499.988,204.6784,87.9759,1,146
439,18.31342,1163.243,499.921,204.6798,87.9642,1,131
440,18.35505,1163.351,499.812,204.6987,87.9449,1,131
441,18.39667,1163.310,500.060,204.6916,87.9886,1,133
442,18.43829,1163.443,500.053,204.7149,87.9874,1,128
443,18.47991,1163.495,500.001,204.7241,87.9782,1,130
444,18.52153,1163.593,500.264,204.7413,88.0245,1,139
445,18.56315,1163.525,500.051,204.7293,87.9871,1,130
446,18.60477,1163.554,500.213,204.7344,88.0156,1,141
447,18.64640,1163.430,500.327,204.7126,88.0356,1,128
448,18.68802,1163.355,500.323,204.6995,88.0348,1,135
449,18.72964,1163.366,500.348,204.7013,88.0393,1,134
450,18.77126,1163.443,500.230,204.7149,88.0186,1,139
451,18.81288,1163.337,500.155,204.6962,88.0054,1,142
452,18.85450,1163.471,500.197,204.7199,88.0127,1,124
453,18.89612,1163.428,500.311,204.7124,88.0327,1,135
454,18.93775,1163.567,500.426,204.7368,88.0531,1,136
455,18.97937,1163.466,500.597,204.7190,88.0831,1,136
456,19.02099,1163.594,500.674,204.7414,88.0967,1,124
457,19.06261,1163.449,500.711,204.7160,88.1032,1,139
458,19.10423,1163.428,500.856,204.7123,88.1288,1,133
459,19.14585,1163.475,500.746,204.7205,88.1093,1,136
460,19.18747,1163.452,500.692,204.7165,88.0998,1,140
461,19.22910,1163.405,500.722,204.7083,88.1051,1,144
462,19.27072,1163.417,500.655,204.7103,88.0934,1,136
463,19.31234,1163.278,500.802,204.6859,88.1191,1,137
464,19.35396,1163.309,501.120,204.6914,88.1751,1,141
465,19.39558,1163.440,501.397,204.7145,88.2239,1,138
466,19.43720,1163.233,501.658,204.6781,88.2698,1,139
467,19.47882,1163.490,502.005,204.7232,88.3308,1,146
468,19.52045,1163.309,501.960,204.6913,88.3229,1,131
469,19.56207,1163.363,501.897,204.7009,88.3119,1,148
470,19.60369,1163.254,502.099,204.6817,88.3474,1,130
471,19.64531,1163.265,501.942,204.6836,88.3198,1,116
472,19.68693,1163.081,502.060,204.6512,88.3405,1,131
473,19.72855,1163.088,502.234,204.6525,88.3712,1,138
474,19.77017,1163.234,501.881,204.6781,88.3090,1,131
475,19.81180,1163.052,502.393,204.6461,88.3991,1,143
476,19.85342,1163.117,502.345,204.6575,88.3906,1,136
477,19.89504,1163.130,502.650,204.6598,88.4443,1,146
478,19.93666,1162.893,503.170,204.6181,88.5359,1,128
479,19.97828,1163.035,503.017,204.6432,88.5090,1,136
480,20.01990,1162.934,503.454,204.6254,88.5859,1,124
481,20.06152,1162.853,503.400,204.6111,88.5763,1,140
482,20.10315,1162.827,503.480,204.6065,88.5904,1,128
483,20.14477,1162.722,503.846,204.5881,88.6548,1,134
484,20.18639,1162.846,503.659,204.6099,88.6218,1,134
485,20.22801,1162.590,504.028,204.5649,88.6867,1,148
486,20.26963,1162.787,504.005,204.5995,88.6828,1,132
487,20.31125,1162.578,504.192,204.5628,88.7157,1,143
488,20.35287,1162.409,504.485,204.5330,88.7673,1,140
489,20.39450,1162.604,504.680,204.5674,88.8015,1,152
490,20.43612,1162.435,505.175,204.5375,88.8887,1,148
491,20.47774,1162.604,505.308,204.5673,88.9120,1,137
492,20.51936,1162.549,505.536,204.5576,88.9521,1,138
493,20.56098,1162.468,505.756,204.5433,88.9909,1,140
494,20.60260,1162.439,505.836,204.5382,89.0050,1,131
495,20.64422,1162.239,505.954,204.5032,89.0257,1,131
496,20.68585,1162.216,506.277,204.4991,89.0825,1,140
497,20.72747,1162.057,506.334,204.4711,89.0926,1,142
498,20.76909,1161.848,506.756,204.4342,89.1669,1,140
499,20.81071,1162.127,506.973,204.4834,89.2050,1,147
500,20.85233,1161.961,507.478,204.4541,89.2938,1,139
501,20.89395,1162.315,507.607,204.5165,89.3166,1,144
502,20.93557,1162.397,508.014,204.5309,89.3882,1,144
503,20.97720,1162.203,508.170,204.4968,89.4157,1,146
504,21.01882,1162.414,508.320,204.5339,89.4420,1,140
505,21.06044,1162.177,508.649,204.4922,89.4999,1,144
506,21.10206,1162.204,508.622,204.4969,89.4952,1,141
507,21.14368,1162.223,509.159,204.5003,89.5897,1,156
508,21.18530,1162.109,509.344,204.4802,89.6223,1,143
509,21.22692,1162.140,509.744,204.4856,89.6925,1,158
510,21.26855,1162.151,510.182,204.4876,89.7697,1,137
511,21.31017,1162.229,510.633,204.5014,89.8490,1,140
512,21.35179,1162.228,511.083,204.5012,89.9281,1,136
513,21.39341,1162.319,511.691,204.5172,90.0352,1,128
514,21.43503,1162.468,512.089,204.5434,90.1052,1,146
515,21.47665,1162.565,512.250,204.5605,90.1335,1,147
516,21.51827,1162.525,512.705,204.5534,90.2135,1,151
517,21.55990,1162.467,513.029,204.5431,90.2707,1,141
518,21.60152,1162.263,513.468,204.5074,90.3479,1,139
519,21.64314,1162.087,513.879,204.4763,90.4201,1,144
520,21.68476,1162.275,514.207,204.5093,90.4779,1,143
521,21.72638,1162.216,514.762,204.4991,90.5755,1,147
522,21.76800,1162.388,515.343,204.5293,90.6777,1,153
523,21.80962,1162.311,515.876,204.5158,90.7715,1,130
524,21.85125,1162.412,516.601,204.5335,90.8992,1,154
525,21.89287,1162.428,517.166,204.5364,90.9984,1,146
526,21.93449,1162.625,517.584,204.5710,91.0720,1,151
527,21.97611,1162.323,518.323,204.5179,91.2020,1,137
528,22.01773,1162.465,518.643,204.5429,91.2585,1,152
529,22.05935,1162.161,519.338,204.4893,91.3807,1,137
530,22.10097,1162.259,519.432,204.5065,91.3972,1,137
531,22.14260,1162.225,520.480,204.5007,91.5816,1,149
532,22.18422,1162.132,520.854,204.4842,91.6474,1,143
533,22.22584,1162.112,521.534,204.4807,91.7672,1,147
534,22.26746,1161.842,522.263,204.4332,91.8953,1,141
535,22.30908,1161.830,522.779,204.4311,91.9861,1,148
536,22.35070,1161.839,523.209,204.4327,92.0618,1,143
537,22.39232,1161.634,524.017,204.3967,92.2039,1,145
538,22.43395,1161.609,524.376,204.3922,92.2672,1,125
539,22.47557,1161.652,525.034,204.3998,92.3829,1,143
540,22.51719,1161.378,525.751,204.3516,92.5091,1,134
541,22.55881,1161.606,526.059,204.3917,92.5633,1,123
542,22.60043,1161.436,526.928,204.3618,92.7161,1,136
543,22.64205,1161.405,527.354,204.3563,92.7912,1,144
544,22.68367,1161.246,528.141,204.3283,92.9296,1,124
545,22.72530,1161.046,528.865,204.2931,93.0571,1,134
546,22.76692,1160.930,529.583,204.2728,93.1833,1,141
547,22.80854,1160.753,530.367,204.2415,93.3214,1,139
548,22.85016,1160.654,531.012,204.2241,93.4348,1,148
549,22.89178,1160.637,531.819,204.2212,93.5768,1,141
550,22.93340,1160.315,532.460,204.1646,93.6896,1,138
551,22.97502,1160.097,533.236,204.1262,93.8261,1,135
552,23.01665,1159.950,533.864,204.1004,93.9366,1,155
553,23.05827,1159.352,534.635,203.9952,94.0724,1,127
554,23.09989,1159.253,535.317,203.9777,94.1924,1,153
555,23.14151,1159.153,536.047,203.9601,94.3207,1,137
556,23.18313,1158.734,536.728,203.8864,94.4407,1,137
557,23.22475,1158.859,537.418,203.9083,94.5620,1,141
558,23.26637,1158.489,538.122,203.8432,94.6860,1,137
559,23.30800,1158.343,539.084,203.8176,94.8552,1,140
560,23.34962,1157.961,539.754,203.7504,94.9731,1,128
561,23.39124,1157.709,540.787,203.7060,95.1548,1,147
562,23.43286,1157.527,541.459,203.6739,95.2730,1,134
563,23.47448,1157.228,542.178,203.6213,95.3996,1,128
564,23.51610,1157.043,542.911,203.5887,95.5285,1,131
565,23.55772,1156.652,543.802,203.5200,95.6854,1,136
566,23.59935,1156.321,544.438,203.4618,95.7972,1,134
567,23.64097,1156.080,545.336,203.4194,95.9551,1,144
568,23.68259,1155.576,546.109,203.3307,96.0913,1,127
569,23.72421,1155.743,546.922,203.3601,96.2343,1,151
570,23.76583,1155.074,547.955,203.2423,96.4160,1,140
571,23.80745,1155.021,548.832,203.2331,96.5704,1,132
572,23.84907,1154.617,549.440,203.1619,96.6773,1,150
573,23.89070,1154.033,550.615,203.0593,96.8841,1,135
574,23.93232,1153.787,551.036,203.0159,96.9582,1,131
575,23.97394,1153.238,552.218,202.9194,97.1661,1,131
576,24.01556,1152.984,552.766,202.8747,97.2626,1,128
577,24.05718,1152.539,553.680,202.7963,97.4235,1,140
578,24.09880,1152.423,554.364,202.7760,97.5438,1,138
579,24.14042,1151.914,555.179,202.6864,97.6872,1,146
580,24.18204,1151.835,556.159,202.6725,97.8595,1,139
581,24.22367,1151.292,556.760,202.5769,97.9653,1,144
582,24.26529,1150.874,558.037,202.5034,98.1901,1,144
583,24.30691,1150.508,558.636,202.4390,98.2954,1,131
584,24.34853,1149.743,559.666,202.3043,98.4766,1,140
585,24.39015,1149.483,560.509,202.2585,98.6251,1,143
586,24.43177,1148.832,561.150,202.1441,98.7378,1,124
587,24.47339,1148.324,562.080,202.0547,98.9014,1,139
588,24.51502,1147.859,562.945,201.9729,99.0536,1,144
589,24.55664,1147.252,563.845,201.8660,99.2120,1,145
590,24.59826,1146.850,564.834,201.7953,99.3860,1,124
591,24.63988,1146.304,565.625,201.6993,99.5253,1,139
592,24.68150,1146.099,566.714,201.6631,99.7167,1,135
593,24.72312,1145.375,567.298,201.5357,99.8195,1,136
594,24.76474,1145.156,568.412,201.4972,100.0156,1,138
595,24.80637,1144.475,568.974,201.3774,100.1144,1,138
596,24.84799,1143.771,569.997,201.2535,100.2945,1,143
597,24.88961,1143.532,570.604,201.2114,100.4012,1,136
598,24.93123,1142.592,571.202,201.0460,100.5064,1,153
599,24.97285,1142.215,572.180,200.9798,100.6785,1,131
600,25.01447,1141.846,572.712,200.9147,100.7723,1,136
601,25.05609,1140.746,573.866,200.7213,100.9752,1,139
602,25.09772,1140.812,574.693,200.7328,101.1208,1,112
603,25.13934,1139.551,575.775,200.5110,101.3111,1,132
604,25.18096,1139.103,576.465,200.4321,101.4326,1,136
605,25.22258,1138.598,577.241,200.3433,101.5690,1,146
606,25.26420,1137.476,578.264,200.1458,101.7491,1,133
607,25.30582,1137.401,578.635,200.1327,101.8144,1,136
608,25.34744,1136.203,579.546,199.9219,101.9747,1,124
609,25.38907,1136.030,580.172,199.8915,102.0849,1,139
610,25.43069,1134.817,580.782,199.6780,102.1922,1,120
611,25.47231,1134.419,581.556,199.6080,102.3283,1,150
612,25.51393,1133.241,582.466,199.4008,102.4884,1,134
613,25.55555,1132.878,582.804,199.3368,102.5479,1,142
614,25.59717,1131.752,583.762,199.1387,102.7165,1,120
615,25.63879,1131.347,584.422,199.0674,102.8327,1,132
616,25.68042,1130.337,585.171,198.8898,102.9644,1,115
617,25.72204,1129.466,586.225,198.7364,103.1499,1,137
618,25.76366,1128.483,586.702,198.5635,103.2337,1,131
619,25.80528,1127.555,587.358,198.4002,103.3492,1,143
620,25.84690,1126.578,587.855,198.2283,103.4367,1,121
621,25.88852,1125.834,588.275,198.0975,103.5106,1,142
622,25.93014,1125.019,588.930,197.9539,103.6258,1,136
623,25.97177,1123.986,589.375,197.7722,103.7042,1,114
624,26.01339,1123.097,590.004,197.6158,103.8148,1,132
625,26.05501,1121.989,590.406,197.4209,103.8856,1,128
626,26.09663,1120.682,591.096,197.1908,104.0070,1,116
627,26.13825,1119.982,591.454,197.0677,104.0700,1,116
628,26.17987,1118.430,592.198,196.7946,104.2008,1,137
629,26.22149,1117.762,592.626,196.6771,104.2763,1,139
630,26.26312,1116.742,592.825,196.4977,104.3112,1,127
631,26.30474,1115.325,593.359,196.2484,104.4052,1,135
632,26.34636,1114.678,593.419,196.1344,104.4156,1,109
633,26.38798,1113.162,593.601,195.8677,104.4478,1,139
634,26.42960,1112.198,593.908,195.6980,104.5018,1,153
635,26.47122,1110.981,593.920,195.4839,104.5038,1,127
636,26.51284,1109.713,594.198,195.2608,104.5528,1,152
637,26.55447,1108.528,594.530,195.0523,104.6111,1,147
638,26.59609,1107.125,594.632,194.8054,104.6291,1,139
639,26.63771,1106.296,594.963,194.6595,104.6874,1,140
640,26.67933,1104.594,595.071,194.3601,104.7065,1,134
641,26.72095,1103.805,595.148,194.2212,104.7199,1,127
642,26.76257,1102.017,595.175,193.9066,104.7247,1,143
643,26.80419,1101.037,594.900,193.7342,104.6764,1,119
644,26.84582,1099.847,594.574,193.5248,104.6189,1,138
645,26.88744,1098.506,594.290,193.2889,104.5690,1,152
646,26.92906,1097.402,593.927,193.0946,104.5050,1,151
647,26.97068,1096.208,593.759,192.8845,104.4755,1,149
648,27.01230,1094.587,593.457,192.5994,104.4224,1,136
649,27.05392,1093.743,593.139,192.4508,104.3664,1,142
650,27.09554,1091.994,592.765,192.1430,104.3006,1,144
651,27.13717,1091.110,592.313,191.9876,104.2212,1,134
652,27.17879,1089.635,591.783,191.7279,104.1279,1,130
653,27.22041,1088.601,591.191,191.5460,104.0236,1,112
654,27.26203,1087.526,590.535,191.3569,103.9082,1,126
655,27.30365,1086.437,589.706,191.1652,103.7624,1,131
656,27.34527,1085.260,588.744,190.9582,103.5931,1,131
657,27.38689,1084.534,587.950,190.8305,103.4535,1,141
658,27.42852,1083.056,586.731,190.5704,103.2389,1,146
659,27.47014,1082.303,586.096,190.4379,103.1271,1,138
660,27.51176,1081.149,584.710,190.2348,102.8833,1,130
661,27.55338,1080.119,583.990,190.0535,102.7566,1,143
662,27.59500,1079.460,582.669,189.9376,102.5242,1,136
663,27.63662,1078.709,581.481,189.8054,102.3152,1,146
664,27.67824,1077.812,580.215,189.6477,102.0923,1,139
665,27.71987,1077.555,578.808,189.6024,101.8449,1,130
666,27.76149,1076.357,577.182,189.3916,101.5588,1,144
667,27.80311,1076.434,575.823,189.4052,101.3196,1,143
668,27.84473,1075.513,574.094,189.2431,101.0153,1,139
669,27.88635,1075.674,572.863,189.2714,100.7988,1,142
670,27.92797,1075.208,571.187,189.1895,100.5038,1,119
671,27.96959,1075.567,569.997,189.2526,100.2945,1,148
672,28.01122,1075.446,568.164,189.2314,99.9719,1,131
673,28.05284,1075.627,566.883,189.2633,99.7465,1,128
674,28.09446,1076.011,564.962,189.3307,99.4085,1,131
675,28.13608,1075.966,563.678,189.3229,99.1825,1,141
676,28.17770,1076.613,561.728,189.4367,98.8395,1,132
677,28.21932,1076.724,560.334,189.4561,98.5941,1,146
678,28.26094,1077.469,558.422,189.5873,98.2578,1,140
679,28.30257,1078.199,557.024,189.7158,98.0117,1,108
680,28.34419,1079.160,555.276,189.8849,97.7043,1,134
681,28.38581,1080.576,553.816,190.1339,97.4474,1,148
682,28.42743,1081.499,552.338,190.2964,97.1873,1,141
683,28.46905,1082.865,550.818,190.5367,96.9198,1,155
684,28.51067,1084.110,549.358,190.7558,96.6629,1,139
685,28.55229,1086.012,548.175,191.0905,96.4548,1,133
686,28.59392,1087.435,546.730,191.3409,96.2005,1,135
687,28.63554,1089.820,545.953,191.7605,96.0639,1,141
688,28.67716,1091.343,544.579,192.0286,95.8220,1,146
689,28.71878,1093.539,543.797,192.4150,95.6844,1,156
690,28.76040,1095.563,542.657,192.7710,95.4838,1,148
691,28.80202,1097.948,541.983,193.1907,95.3652,1,136
692,28.84364,1100.361,541.090,193.6152,95.2081,1,151
693,28.88527,1102.909,540.908,194.0637,95.1760,1,150
694,28.92689,1105.479,540.204,194.5158,95.0522,1,134
695,28.96851,1108.021,540.097,194.9630,95.0334,1,143
696,29.01013,1110.699,540.101,195.4344,95.0340,1,142
697,29.05175,1113.413,539.845,195.9118,94.9890,1,135
698,29.09337,1116.004,540.336,196.3678,95.0754,1,140
699,29.13499,1119.058,540.612,196.9051,95.1240,1,143
700,29.17662,1121.869,541.166,197.3998,95.2214,1,139
701,29.21824,1124.854,542.201,197.9250,95.4037,1,136
702,29.25986,1127.845,542.843,198.4512,95.5165,1,127
703,29.30148,1130.396,544.207,198.9001,95.7565,1,143
704,29.34310,1133.053,545.244,199.3676,95.9391,1,149
705,29.38472,1135.598,546.867,199.8154,96.2246,1,131
706,29.42634,1138.022,548.601,200.2420,96.5298,1,138
707,29.46797,1140.511,550.623,200.6798,96.8854,1,136
708,29.50959,1142.728,552.765,201.0699,97.2625,1,146
709,29.55121,1144.796,555.398,201.4339,97.7256,1,154
710,29.59283,1146.470,557.725,201.7285,98.1352,1,147
711,29.63445,1148.066,560.645,202.0093,98.6489,1,138
712,29.67607,1149.360,563.153,202.2370,99.0902,1,133
713,29.71769,1150.412,566.243,202.4221,99.6339,1,143
714,29.75932,1151.050,568.888,202.5343,100.0994,1,114
715,29.80094,1151.624,572.270,202.6353,100.6943,1,143
716,29.84256,1151.389,575.208,202.5940,101.2114,1,123
717,29.88418,1151.253,578.481,202.5700,101.7873,1,141
718,29.92580,1150.556,581.608,202.4473,102.3376,1,138
719,29.96742,1149.410,585.056,202.2458,102.9442,1,144
720,30.00904,1148.175,588.048,202.0285,103.4707,1,136
721,30.05067,1146.265,591.392,201.6923,104.0591,1,115
722,30.09229,1144.188,594.198,201.3269,104.5527,1,123
723,30.13391,1141.941,596.881,200.9316,105.0249,1,136
724,30.17553,1138.773,599.285,200.3740,105.4479,1,133
725,30.21715,1135.971,601.385,199.8810,105.8174,1,140
726,30.25877,1132.435,602.965,199.2589,106.0953,1,131
727,30.30039,1128.574,604.436,198.5795,106.3543,1,142
728,30.34202,1125.007,604.952,197.9519,106.4450,1,149
729,30.38364,1120.870,605.575,197.2240,106.5546,1,143
730,30.42526,1116.668,605.329,196.4846,106.5114,1,143
731,30.46688,1112.736,604.852,195.7927,106.4275,1,151
732,30.50850,1108.205,603.749,194.9955,106.2333,1,126
733,30.55012,1104.386,602.135,194.3236,105.9493,1,137
734,30.59174,1100.385,599.967,193.6194,105.5679,1,128
735,30.63337,1096.741,597.384,192.9784,105.1134,1,133
736,30.67499,1093.537,594.481,192.4145,104.6027,1,145
737,30.71661,1090.351,590.881,191.8539,103.9692,1,146
738,30.75823,1087.516,587.482,191.3552,103.3711,1,142
739,30.79985,1085.239,583.274,190.9545,102.6307,1,147
740,30.84147,1082.867,579.272,190.5372,101.9265,1,143
741,30.88309,1081.189,575.026,190.2419,101.1794,1,154
742,30.92471,1079.917,570.629,190.0179,100.4057,1,154
743,30.96634,1078.878,566.466,189.8351,99.6731,1,134
744,31.00796,1078.395,562.010,189.7502,98.8892,1,159
745,31.04958,1078.161,557.695,189.7090,98.1298,1,152
746,31.09120,1078.114,553.266,189.7008,97.3506,1,160
747,31.13282,1078.603,548.838,189.7867,96.5715,1,145
748,31.17444,1079.060,544.695,189.8672,95.8424,1,144
749,31.21606,1080.096,540.647,190.0495,95.1302,1,139
750,31.25769,1081.132,536.724,190.2318,94.4398,1,139
751,31.29931,1082.439,533.183,190.4618,93.8168,1,147
752,31.34093,1084.021,529.597,190.7402,93.1859,1,152
753,31.38255,1085.699,526.146,191.0353,92.5786,1,142
754,31.42417,1087.295,522.985,191.3162,92.0224,1,140
755,31.46579,1089.446,519.485,191.6947,91.4066,1,147
756,31.50741,1091.198,516.708,192.0029,90.9179,1,143
757,31.54904,1093.621,513.723,192.4293,90.3927,1,128
758,31.59066,1095.756,510.896,192.8049,89.8953,1,136
759,31.63228,1098.172,508.514,193.2300,89.4761,1,145
760,31.67390,1100.371,505.816,193.6170,89.0014,1,138
761,31.71552,1102.851,503.569,194.0534,88.6061,1,143
762,31.75714,1105.469,501.186,194.5141,88.1868,1,136
763,31.79876,1107.981,499.252,194.9561,87.8464,1,138
764,31.84039,1110.815,497.148,195.4546,87.4762,1,124
765,31.88201,1113.619,495.411,195.9481,87.1706,1,142
766,31.92363,1116.248,493.630,196.4107,86.8573,1,146
767,31.96525,1119.363,491.990,196.9587,86.5686,1,133
768,32.00687,1121.928,490.551,197.4102,86.3154,1,132
769,32.04849,1125.074,489.006,197.9638,86.0436,1,147
770,32.09011,1127.731,488.140,198.4312,85.8912,1,144
771,32.13174,1130.795,486.542,198.9703,85.6101,1,136
772,32.17336,1133.822,485.810,199.5029,85.4812,1,133
773,32.21498,1136.894,484.656,200.0434,85.2781,1,144
774,32.25660,1140.090,483.850,200.6058,85.1364,1,139
775,32.29822,1143.203,483.209,201.1535,85.0235,1,144
776,32.33984,1146.298,482.640,201.6982,84.9235,1,143
777,32.38146,1149.244,482.150,202.2165,84.8372,1,143
778,32.42309,1152.372,482.032,202.7669,84.8165,1,142
779,32.46471,1155.333,481.771,203.2879,84.7706,1,135
780,32.50633,1158.439,481.805,203.8344,84.7766,1,125
781,32.54795,1161.813,482.073,204.4281,84.8237,1,149
782,32.58957,1164.623,482.055,204.9226,84.8205,1,134
783,32.63119,1168.243,482.496,205.5595,84.8981,1,123
784,32.67281,1170.797,482.577,206.0089,84.9124,1,142
785,32.71444,1174.184,483.190,206.6048,85.0203,1,140
786,32.75606,1176.794,483.799,207.0642,85.1274,1,130
787,32.79768,1179.763,484.592,207.5866,85.2669,1,137
788,32.83930,1182.596,485.635,208.0850,85.4505,1,131
789,32.88092,1185.512,486.737,208.5981,85.6443,1,131
790,32.92254,1188.385,487.799,209.1036,85.8312,1,137
791,32.96416,1191.300,489.096,209.6166,86.0594,1,141
792,33.00579,1194.248,490.365,210.1353,86.2826,1,132
793,33.04741,1196.663,491.711,210.5601,86.5196,1,143
794,33.08903,1199.395,493.225,211.0409,86.7859,1,129
795,33.13065,1201.929,494.940,211.4868,87.0878,1,127
796,33.17227,1204.334,496.575,211.9099,87.3753,1,134
797,33.21389,1206.777,498.380,212.3399,87.6930,1,150
798,33.25551,1209.151,500.303,212.7576,88.0313,1,140
799,33.29714,1211.168,502.433,213.1124,88.4062,1,134
800,33.33876,1213.384,504.471,213.5023,88.7648,1,135
801,33.38038,1215.285,506.923,213.8368,89.1962,1,123
802,33.42200,1217.384,509.122,214.2062,89.5832,1,148
803,33.46362,1219.340,511.753,214.5504,90.0462,1,120
804,33.50524,1221.208,514.277,214.8790,90.4902,1,136
805,33.54686,1222.953,517.043,215.1862,90.9768,1,145
806,33.58849,1224.597,519.753,215.4754,91.4537,1,134
807,33.63011,1226.069,522.728,215.7344,91.9772,1,150
808,33.67173,1227.444,525.420,215.9763,92.4508,1,150
809,33.71335,1228.900,528.632,216.2325,93.0161,1,140
810,33.75497,1229.721,531.455,216.3770,93.5128,1,147
811,33.79659,1230.809,534.892,216.5684,94.1175,1,143
812,33.83821,1231.424,538.006,216.6766,94.6655,1,128
813,33.87984,1231.953,541.611,216.7697,95.2998,1,139
814,33.92146,1232.619,544.761,216.8869,95.8541,1,148
815,33.96308,1232.942,548.461,216.9437,96.5051,1,139
816,34.00470,1233.168,551.458,216.9835,97.0324,1,145
817,34.04632,1233.231,555.254,216.9945,97.7004,1,140
818,34.08794,1232.755,558.618,216.9109,98.2923,1,145
819,34.12956,1232.299,562.124,216.8306,98.9092,1,135
820,34.17119,1231.369,565.610,216.6670,99.5225,1,143
821,34.21281,1230.516,569.150,216.5168,100.1454,1,140
822,34.25443,1229.269,572.604,216.2974,100.7531,1,142
823,34.29605,1227.973,576.270,216.0694,101.3983,1,143
824,34.33767,1226.586,579.598,215.8253,101.9838,1,156
825,34.37929,1224.488,583.198,215.4563,102.6173,1,143
826,34.42091,1223.076,585.900,215.2077,103.0927,1,143
827,34.46254,1220.369,589.089,214.7314,103.6538,1,149
828,34.50416,1218.293,591.790,214.3662,104.1291,1,143
829,34.54578,1215.606,594.296,213.8934,104.5700,1,139
830,34.58740,1212.844,596.778,213.4073,105.0067,1,144
831,34.62902,1209.942,598.934,212.8967,105.3861,1,131
832,34.67064,1207.081,600.737,212.3934,105.7033,1,132
833,34.71226,1203.867,602.510,211.8278,106.0153,1,131
834,34.75389,1200.623,603.843,211.2570,106.2498,1,136
835,34.79551,1197.385,605.024,210.6872,106.4577,1,139
836,34.83713,1193.906,606.035,210.0751,106.6355,1,127
837,34.87875,1190.759,606.669,209.5214,106.7471,1,142
838,34.92037,1187.317,607.009,208.9157,106.8070,1,140
839,34.96199,1184.371,607.269,208.3974,106.8527,1,144
840,35.00361,1181.070,606.920,207.8165,106.7912,1,144
841,35.04524,1178.177,606.772,207.3075,106.7653,1,127
842,35.08686,1175.334,606.136,206.8072,106.6533,1,156
843,35.12848,1172.270,605.683,206.2681,106.5736,1,138
844,35.17010,1169.712,604.775,205.8180,106.4138,1,139
845,35.21172,1166.900,604.034,205.3232,106.2836,1,136
846,35.25334,1164.617,602.897,204.9215,106.0834,1,125
847,35.29496,1162.046,601.870,204.4690,105.9027,1,131
848,35.33659,1159.970,600.626,204.1039,105.6839,1,138
849,35.37821,1157.667,599.540,203.6985,105.4927,1,132
850,35.41983,1155.858,598.020,203.3803,105.2252,1,123
851,35.46145,1153.952,596.747,203.0449,105.0013,1,142
852,35.50307,1152.267,594.931,202.7485,104.6817,1,133
853,35.54469,1150.996,593.520,202.5249,104.4334,1,135
854,35.58631,1149.197,591.649,202.2082,104.1042,1,132
855,35.62794,1148.011,590.137,201.9995,103.8383,1,135
856,35.66956,1146.476,588.166,201.7296,103.4913,1,124
857,35.71118,1145.073,586.824,201.4825,103.2553,1,132
858,35.75280,1144.056,584.716,201.3037,102.8844,1,134
859,35.79442,1142.982,583.261,201.1146,102.6284,1,142
860,35.83604,1142.225,581.376,200.9814,102.2967,1,146
861,35.87766,1141.294,579.541,200.8177,101.9738,1,131
862,35.91929,1140.744,577.615,200.7210,101.6348,1,131
863,35.96091,1140.193,575.772,200.6239,101.3107,1,137
864,36.00253,1139.838,573.641,200.5615,100.9356,1,135
865,36.04415,1139.429,571.742,200.4895,100.6014,1,140
866,36.08577,1139.313,569.765,200.4691,100.2536,1,137
867,36.12739,1139.008,567.808,200.4155,99.9093,1,135
868,36.16901,1139.180,566.095,200.4457,99.6079,1,134
869,36.21064,1139.246,563.988,200.4574,99.2372,1,134
870,36.25226,1139.476,562.212,200.4978,98.9247,1,150
871,36.29388,1139.749,560.300,200.5458,98.5882,1,135
872,36.33550,1140.275,558.362,200.6385,98.2472,1,138
873,36.37712,1140.839,556.735,200.7376,97.9609,1,141
874,36.41874,1141.832,554.984,200.9123,97.6529,1,131
875,36.46036,1142.643,553.342,201.0550,97.3640,1,151
876,36.50199,1144.053,551.446,201.3032,97.0303,1,143
877,36.54361,1144.906,549.951,201.4532,96.7673,1,139
878,36.58523,1146.669,548.050,201.7635,96.4328,1,147
879,36.62685,1147.862,546.656,201.9734,96.1876,1,136
880,36.66847,1149.719,545.502,202.3001,95.9844,1,150
881,36.71009,1151.486,544.172,202.6111,95.7505,1,138
882,36.75171,1153.189,543.497,202.9107,95.6316,1,134
883,36.79334,1155.645,542.590,203.3429,95.4720,1,131
884,36.83496,1157.354,541.908,203.6436,95.3520,1,140
885,36.87658,1159.948,541.630,204.0999,95.3031,1,139
886,36.91820,1162.180,541.132,204.4928,95.2155,1,128
887,36.95982,1164.411,541.180,204.8852,95.2239,1,144
888,37.00144,1167.100,541.323,205.3585,95.2492,1,143
889,37.04306,1169.174,541.724,205.7233,95.3197,1,140
890,37.08469,1171.713,542.742,206.1701,95.4989,1,136
891,37.12631,1174.049,543.759,206.5811,95.6777,1,122
892,37.16793,1175.717,545.241,206.8746,95.9385,1,142
893,37.20955,1178.242,547.099,207.3188,96.2655,1,132
894,37.25117,1179.533,548.957,207.5460,96.5924,1,136
895,37.29279,1181.162,551.366,207.8327,97.0162,1,133
896,37.33441,1182.736,553.638,208.1097,97.4160,1,138
897,37.37604,1183.558,555.992,208.2543,97.8303,1,136
898,37.41766,1184.406,558.684,208.4034,98.3038,1,138
899,37.45928,1184.674,561.277,208.4506,98.7601,1,137
900,37.50090,1184.317,564.073,208.3878,99.2521,1,125
901,37.54252,1183.723,566.879,208.2834,99.7459,1,138
902,37.58414,1182.709,569.166,208.1050,100.1483,1,128
903,37.62576,1181.549,571.775,207.9008,100.6074,1,128
904,37.66739,1179.948,573.737,207.6192,100.9526,1,142
905,37.70901,1178.227,575.940,207.3163,101.3403,1,139
906,37.75063,1175.813,577.748,206.8915,101.6583,1,141
907,37.79225,1173.525,578.923,206.4889,101.8651,1,151
908,37.83387,1170.871,580.340,206.0219,102.1144,1,146
909,37.87549,1168.489,580.599,205.6028,102.1600,1,136
910,37.91711,1165.594,581.089,205.0934,102.2462,1,128
911,37.95873,1163.287,580.657,204.6875,102.1701,1,140
912,38.00036,1160.266,580.363,204.1560,102.1184,1,135
913,38.04198,1157.671,579.262,203.6993,101.9247,1,143
914,38.08360,1154.800,578.294,203.1942,101.7543,1,146
915,38.12522,1152.173,576.779,202.7319,101.4879,1,144
916,38.16684,1149.369,575.024,202.2384,101.1791,1,143
917,38.20846,1147.416,573.135,201.8948,100.8466,1,125
918,38.25008,1145.079,570.851,201.4837,100.4447,1,138
919,38.29171,1143.477,568.497,201.2018,100.0306,1,148
920,38.33333,1141.845,565.641,200.9147,99.5280,1,137
921,38.37495,1140.450,562.523,200.6691,98.9793,1,138
922,38.41657,1139.276,559.568,200.4625,98.4594,1,131
923,38.45819,1138.439,556.009,200.3154,97.8331,1,130
924,38.49981,1137.792,552.804,200.2015,97.2693,1,128
925,38.54143,1137.471,549.116,200.1450,96.6204,1,125
926,38.58306,1137.440,545.511,200.1395,95.9861,1,135
927,38.62468,1137.501,541.906,200.1503,95.3517,1,144
928,38.66630,1138.227,538.326,200.2781,94.7218,1,135
929,38.70792,1138.691,534.969,200.3596,94.1310,1,142
930,38.74954,1140.072,531.552,200.6026,93.5299,1,126
931,38.79116,1141.333,528.077,200.8245,92.9185,1,139
932,38.83278,1143.164,524.721,201.1466,92.3278,1,129
933,38.87441,1145.004,521.376,201.4705,91.7393,1,139
934,38.91603,1147.232,518.166,201.8626,91.1745,1,132
935,38.95765,1149.126,515.224,202.1959,90.6567,1,124
936,38.99927,1151.732,512.294,202.6543,90.1412,1,123
937,39.04089,1154.103,509.586,203.0714,89.6648,1,127
938,39.08251,1157.187,506.907,203.6141,89.1935,1,128
939,39.12413,1160.214,504.557,204.1468,88.7799,1,138
940,39.16576,1163.548,502.488,204.7334,88.4158,1,148
941,39.20738,1166.825,500.308,205.3100,88.0323,1,143
942,39.24900,1170.732,498.806,205.9975,87.7681,1,143
943,39.29062,1174.167,496.880,206.6020,87.4291,1,139
944,39.33224,1178.267,495.579,207.3233,87.2002,1,146
945,39.37386,1182.342,494.134,208.0404,86.9459,1,143
946,39.41548,1186.337,493.171,208.7433,86.7765,1,141
947,39.45711,1190.591,492.255,209.4917,86.6153,1,128
948,39.49873,1194.480,491.866,210.1760,86.5468,1,142
949,39.54035,1198.649,491.315,210.9097,86.4499,1,146
950,39.58197,1202.742,491.548,211.6299,86.4909,1,140
951,39.62359,1206.850,491.407,212.3526,86.4662,1,136
952,39.66521,1211.379,492.027,213.1496,86.5752,1,151
953,39.70683,1215.294,492.827,213.8385,86.7159,1,133
954,39.74846,1219.889,493.577,214.6469,86.8479,1,141
955,39.79008,1223.918,494.865,215.3559,87.0745,1,148
956,39.83170,1228.250,496.055,216.1182,87.2839,1,148
957,39.87332,1232.312,497.652,216.8328,87.5649,1,151
958,39.91494,1236.387,499.525,217.5499,87.8945,1,143
959,39.95656,1240.252,501.866,218.2299,88.3064,1,147
960,39.99818,1244.175,504.352,218.9203,88.7438,1,144
961,40.03981,1247.665,506.948,219.5343,89.2006,1,156
962,40.08143,1251.017,509.785,220.1241,89.6998,1,157
963,40.12305,1254.227,512.675,220.6890,90.2084,1,150
964,40.16467,1256.941,516.120,221.1665,90.8144,1,157
965,40.20629,1259.967,519.539,221.6988,91.4161,1,151
966,40.24791,1262.292,523.415,222.1080,92.0981,1,151
967,40.28953,1264.748,527.284,222.5401,92.7788,1,143
968,40.33116,1266.593,531.354,222.8647,93.4951,1,143
969,40.37278,1268.193,535.280,223.1463,94.1857,1,155
970,40.41440,1269.559,540.010,223.3867,95.0181,1,140
971,40.45602,1270.152,543.892,223.4911,95.7012,1,149
972,40.49764,1270.956,548.728,223.6325,96.5521,1,160
973,40.53926,1270.920,553.149,223.6262,97.3300,1,154
974,40.58088,1270.885,557.907,223.6201,98.1671,1,152
975,40.62251,1270.635,562.517,223.5760,98.9784,1,153
976,40.66413,1269.843,567.415,223.4367,99.8401,1,158
977,40.70575,1268.959,571.840,223.2811,100.6187,1,142
978,40.74737,1267.432,576.919,223.0124,101.5124,1,152
979,40.78899,1266.054,581.334,222.7699,102.2892,1,132
980,40.83061,1263.438,586.573,222.3097,103.2111,1,151
981,40.87223,1261.542,590.927,221.9761,103.9773,1,136
982,40.91386,1258.107,595.687,221.3716,104.8149,1,152
983,40.95548,1255.252,600.136,220.8693,105.5976,1,143
984,40.99710,1251.370,604.784,220.1862,106.4155,1,159
985,41.03872,1247.630,609.106,219.5282,107.1759,1,161
986,41.08034,1243.259,613.424,218.7591,107.9358,1,147
987,41.12196,1238.682,617.395,217.9537,108.6345,1,159
988,41.16358,1234.055,621.234,217.1396,109.3099,1,151
989,41.20521,1228.839,624.816,216.2218,109.9403,1,147
990,41.24683,1223.692,628.326,215.3161,110.5579,1,167
991,41.28845,1217.916,631.313,214.2997,111.0834,1,152
992,41.33007,1211.978,634.109,213.2550,111.5753,1,140
993,41.37169,1205.511,636.490,212.1171,111.9943,1,158
994,41.41331,1198.828,638.768,210.9412,112.3952,1,169
995,41.45493,1192.090,640.412,209.7555,112.6844,1,155
996,41.49656,1185.088,641.989,208.5236,112.9619,1,158
997,41.53818,1178.134,642.932,207.2999,113.1279,1,152
998,41.57980,1170.815,643.432,206.0121,113.2158,1,156
999,41.62142,1163.693,643.828,204.7589,113.2856,1,154
1000,41.66304,1156.555,643.441,203.5029,113.2174,1,163
1001,41.70466,1148.927,642.628,202.1608,113.0744,1,148
1002,41.74628,1142.343,641.485,201.0023,112.8733,1,150
1003,41.78791,1134.539,638.948,199.6292,112.4269,1,156
1004,41.82953,1127.833,636.985,198.4491,112.0813,1,150
1005,41.87115,1120.305,633.383,197.1246,111.4476,1,168
1006,41.91277,1113.880,630.214,195.9940,110.8900,1,168
1007,41.95439,1106.732,625.577,194.7363,110.0742,1,144
1008,41.99601,1101.097,621.168,193.7448,109.2983,1,146
1009,42.03763,1094.942,615.543,192.6617,108.3085,1,160
1010,42.07926,1090.081,609.976,191.8065,107.3290,1,143
1011,42.12088,1085.371,603.909,190.9777,106.2614,1,154
1012,42.16250,1081.412,596.977,190.2810,105.0417,1,148
1013,42.20412,1078.175,590.188,189.7115,103.8473,1,154
1014,42.24574,1075.573,582.468,189.2537,102.4889,1,144
1015,42.28736,1073.633,575.052,188.9123,101.1839,1,156
1016,42.32898,1072.527,567.225,188.7178,99.8068,1,159
1017,42.37061,1072.568,559.364,188.7249,98.4236,1,167
1018,42.41223,1072.863,551.656,188.7768,97.0672,1,152
1019,42.45385,1074.815,543.823,189.1202,95.6890,1,163
1020,42.49547,1076.947,536.492,189.4954,94.3991,1,154
1021,42.53709,1080.763,529.348,190.1668,93.1419,1,153
1022,42.57871,1084.643,523.250,190.8496,92.0690,1,154
1023,42.62033,1090.055,517.044,191.8018,90.9770,1,158
1024,42.66196,1095.555,512.357,192.7697,90.1524,1,142
1025,42.70358,1102.205,507.675,193.9397,89.3285,1,159
1026,42.74520,1108.973,504.426,195.1305,88.7568,1,155
1027,42.78682,1116.409,501.704,196.4391,88.2780,1,151
1028,42.82844,1123.754,500.247,197.7315,88.0215,1,163
1029,42.87006,1131.173,499.768,199.0369,87.9372,1,160
1030,42.91168,1138.475,500.085,200.3216,87.9930,1,161
1031,42.95331,1145.740,501.548,201.6000,88.2504,1,172
1032,42.99493,1152.854,503.896,202.8517,88.6636,1,160
1033,43.03655,1159.543,506.979,204.0287,89.2060,1,152
1034,43.07817,1166.094,510.953,205.1814,89.9053,1,165
1035,43.11979,1171.668,515.545,206.1622,90.7133,1,169
1036,43.16141,1176.823,520.678,207.0693,91.6165,1,156
1037,43.20303,1181.069,526.470,207.8164,92.6357,1,149
1038,43.24466,1184.579,532.540,208.4340,93.7037,1,151
1039,43.28628,1187.447,539.388,208.9387,94.9086,1,164
1040,43.32790,1189.128,545.786,209.2343,96.0344,1,156
1041,43.36952,1190.135,553.092,209.4116,97.3200,1,155
1042,43.41114,1189.900,559.801,209.3701,98.5005,1,152
1043,43.45276,1188.911,566.444,209.1962,99.6693,1,161
1044,43.49438,1186.947,572.871,208.8506,100.8002,1,154
1045,43.53601,1184.149,578.769,208.3582,101.8379,1,138
1046,43.57763,1180.682,584.033,207.7482,102.7642,1,146
1047,43.61925,1176.302,588.778,206.9776,103.5990,1,140
1048,43.66087,1171.243,592.365,206.0874,104.2303,1,144
1049,43.70249,1165.487,595.139,205.0746,104.7184,1,153
1050,43.74411,1159.530,596.467,204.0264,104.9520,1,160
1051,43.78573,1153.145,596.988,202.9029,105.0438,1,156
1052,43.82736,1146.609,595.975,201.7529,104.8655,1,152
1053,43.86898,1140.818,594.343,200.7339,104.5783,1,138
1054,43.91060,1134.399,590.911,199.6044,103.9744,1,156
1055,43.95222,1129.554,587.123,198.7519,103.3079,1,148
1056,43.99384,1124.951,581.805,197.9420,102.3721,1,156
1057,44.03546,1121.478,576.107,197.3309,101.3695,1,147
1058,44.07708,1119.154,569.899,196.9221,100.2773,1,145
1059,44.11871,1118.069,562.873,196.7311,99.0409,1,135
1060,44.16033,1117.735,556.143,196.6724,97.8568,1,154
1061,44.20195,1119.327,548.838,196.9524,96.5715,1,155
1062,44.24357,1121.234,542.062,197.2881,95.3791,1,148
1063,44.28519,1125.021,535.671,197.9543,94.2546,1,153
1064,44.32681,1129.230,529.654,198.6950,93.1959,1,158
1065,44.36843,1135.117,524.403,199.7309,92.2719,1,154
1066,44.41006,1141.096,520.198,200.7828,91.5320,1,167
1067,44.45168,1148.479,516.675,202.0819,90.9121,1,159
1068,44.49330,1155.796,514.865,203.3694,90.5936,1,167
1069,44.53492,1163.688,513.744,204.7581,90.3963,1,167
1070,44.57654,1171.620,514.324,206.1537,90.4984,1,162
1071,44.61816,1179.125,515.665,207.4743,90.7345,1,164
1072,44.65978,1186.355,518.955,208.7465,91.3133,1,160
1073,44.70140,1192.747,522.935,209.8711,92.0137,1,147
1074,44.74303,1197.780,528.543,210.7568,93.0004,1,168
1075,44.78465,1202.074,534.992,211.5123,94.1352,1,156
1076,44.82627,1204.095,541.753,211.8679,95.3248,1,166
1077,44.86789,1204.950,549.053,212.0184,96.6093,1,156
1078,44.90951,1203.637,555.826,211.7874,97.8010,1,160
1079,44.95113,1200.797,561.961,211.2877,98.8806,1,147
1080,44.99275,1196.890,566.409,210.6002,99.6632,1,139
1081,45.03438,1191.547,569.822,209.6600,100.2636,1,142
1082,45.07600,1185.995,570.785,208.6832,100.4331,1,159
1083,45.11762,1180.526,570.535,207.7207,100.3892,1,156
1084,45.15924,1174.944,568.215,206.7386,99.9809,1,148
1085,45.20086,1171.102,564.704,206.0626,99.3632,1,158
1086,45.24248,1167.575,559.802,205.4420,98.5006,1,162
1087,45.28410,1166.329,554.438,205.2228,97.5568,1,136
1088,45.32573,1165.495,548.485,205.0760,96.5094,1,148
1089,45.36735,1167.254,542.789,205.3855,95.5070,1,141
1090,45.40897,1169.500,537.221,205.7808,94.5273,1,146
1091,45.45059,1173.280,532.808,206.4459,93.7508,1,152
1092,45.49221,1178.101,528.699,207.2942,93.0278,1,147
1093,45.53383,1183.305,526.565,208.2097,92.6524,1,151
1094,45.57545,1189.143,524.672,209.2370,92.3192,1,144
1095,45.61708,1194.900,524.947,210.2500,92.3677,1,134
1096,45.65870,1200.209,526.039,211.1842,92.5597,1,131
1097,45.70032,1205.181,528.616,212.0591,93.0132,1,134
1098,45.74194,1208.893,532.043,212.7122,93.6162,1,136
1099,45.78356,1211.872,536.317,213.2364,94.3683,1,144
1100,45.82518,1213.029,540.896,213.4398,95.1739,1,148
1101,45.86680,1213.157,545.537,213.4624,95.9907,1,138
1102,45.90843,1211.868,549.750,213.2355,96.7319,1,140
1103,45.95005,1209.632,553.397,212.8422,97.3735,1,146
1104,45.99167,1206.736,555.441,212.3326,97.7332,1,139
1105,46.03329,1203.509,556.851,211.7648,97.9814,1,148
1106,46.07491,1200.279,556.384,211.1964,97.8993,1,142
1107,46.11653,1197.688,555.370,210.7406,97.7207,1,139
1108,46.15815,1195.604,553.107,210.3738,97.3226,1,149
1109,46.19978,1194.856,550.331,210.2422,96.8341,1,147
1110,46.24140,1194.683,547.345,210.2118,96.3087,1,142
1111,46.28302,1195.912,544.412,210.4280,95.7927,1,141
1112,46.32464,1198.010,542.171,210.7972,95.3982,1,132
1113,46.36626,1200.503,540.695,211.2359,95.1386,1,137
1114,46.40788,1203.712,540.101,211.8005,95.0341,1,140
1115,46.44950,1206.404,539.966,212.2742,95.0104,1,136
1116,46.49113,1209.264,540.488,212.7774,95.1022,1,134
1117,46.53275,1211.426,541.783,213.1578,95.3301,1,128
1118,46.57437,1213.101,543.295,213.4526,95.5960,1,133
1119,46.61599,1214.183,545.451,213.6430,95.9755,1,127
1120,46.65761,1214.745,547.730,213.7419,96.3765,1,122
1121,46.69923,1214.381,549.380,213.6779,96.6668,1,138
1122,46.74085,1213.753,551.029,213.5673,96.9568,1,140
1123,46.78248,1212.684,552.222,213.3793,97.1669,1,123
1124,46.82410,1211.152,552.898,213.1097,97.2858,1,132
1125,46.86572,1210.271,553.327,212.9547,97.3613,1,133
1126,46.90734,1209.078,553.127,212.7446,97.3261,1,131
1127,46.94896,1208.706,552.600,212.6793,97.2334,1,136
1128,46.99058,1208.504,551.630,212.6436,97.0626,1,136
1129,47.03220,1208.978,550.866,212.7271,96.9283,1,140
1130,47.07383,1209.909,550.046,212.8909,96.7840,1,149
1131,47.11545,1211.243,549.580,213.1256,96.7020,1,142
1132,47.15707,1212.255,549.654,213.3036,96.7149,1,146
1133,47.19869,1213.935,549.779,213.5993,96.7369,1,140
1134,47.24031,1214.888,550.817,213.7669,96.9196,1,127
1135,47.28193,1216.040,551.724,213.9696,97.0793,1,130
1136,47.32355,1216.671,553.222,214.0806,97.3428,1,127
1137,47.36518,1216.750,554.582,214.0947,97.5820,1,131
1138,47.40680,1216.479,555.912,214.0469,97.8162,1,115
1139,47.44842,1216.102,557.138,213.9806,98.0318,1,131
1140,47.49004,1215.387,558.007,213.8548,98.1848,1,124
1141,47.53166,1214.869,558.916,213.7637,98.3447,1,118
1142,47.57328,1214.020,559.044,213.6143,98.3672,1,144
1143,47.61490,1213.355,559.452,213.4973,98.4390,1,143
1144,47.65653,1212.621,559.380,213.3681,98.4264,1,128
1145,47.69815,1212.240,559.318,213.3011,98.4154,1,131
1146,47.73977,1211.917,559.521,213.2443,98.4511,1,126
1147,47.78139,1211.793,559.423,213.2224,98.4339,1,144
1148,47.82301,1212.157,559.704,213.2865,98.4833,1,143
1149,47.86463,1212.080,560.160,213.2730,98.5636,1,140
1150,47.90625,1212.404,560.427,213.3299,98.6106,1,147
1151,47.94788,1212.323,561.601,213.3157,98.8172,1,135
1152,47.98950,1212.059,562.164,213.2692,98.9162,1,122
1153,48.03112,1211.842,563.330,213.2311,99.1214,1,125
1154,48.07274,1211.011,564.415,213.0848,99.3123,1,121
1155,48.11436,1210.468,565.151,212.9892,99.4417,1,122
1156,48.15598,1209.360,566.313,212.7943,99.6463,1,123
1157,48.19760,1208.286,566.817,212.6053,99.7350,1,140
1158,48.23923,1206.879,567.630,212.3577,99.8780,1,139
1159,48.28085,1205.364,567.896,212.0912,99.9248,1,127
1160,48.32247,1203.923,568.084,211.8376,99.9578,1,136
1161,48.36409,1202.369,568.326,211.5643,100.0004,1,135
1162,48.40571,1201.394,567.993,211.3926,99.9418,1,140
1163,48.44733,1200.419,567.824,211.2211,99.9121,1,136
1164,48.48895,1199.642,567.526,211.0844,99.8597,1,133
1165,48.53058,1198.948,567.202,210.9622,99.8027,1,144
1166,48.57220,1198.229,567.218,210.8358,99.8055,1,134
1167,48.61382,1197.152,567.160,210.6462,99.7954,1,132
1168,48.65544,1196.683,567.121,210.5638,99.7884,1,134
1169,48.69706,1195.536,567.115,210.3619,99.7873,1,123
1170,48.73868,1195.082,566.777,210.2820,99.7280,1,139
1171,48.78030,1194.452,566.780,210.1711,99.7284,1,125
1172,48.82193,1193.914,566.693,210.0765,99.7130,1,129
1173,48.86355,1193.417,566.427,209.9891,99.6663,1,116
1174,48.90517,1193.050,566.675,209.9245,99.7100,1,124
1175,48.94679,1192.609,566.437,209.8470,99.6681,1,113
1176,48.98841,1192.184,566.485,209.7722,99.6766,1,131
1177,49.03003,1191.883,566.265,209.7191,99.6378,1,151
1178,49.07165,1191.320,566.342,209.6200,99.6514,1,137
1179,49.11328,1190.927,566.060,209.5509,99.6017,1,138
1180,49.15490,1190.813,566.296,209.5308,99.6433,1,140
1181,49.19652,1190.607,566.329,209.4946,99.6491,1,128
1182,49.23814,1190.271,566.646,209.4354,99.7048,1,130
1183,49.27976,1190.282,566.905,209.4374,99.7505,1,128
1184,49.32138,1189.632,567.048,209.3231,99.7756,1,132
1185,49.36300,1189.555,567.237,209.3094,99.8088,1,132
1186,49.40463,1189.158,567.540,209.2397,99.8622,1,142
1187,49.44625,1188.783,567.365,209.1736,99.8314,1,137
1188,49.48787,1188.486,567.814,209.1214,99.9104,1,126
1189,49.52949,1187.928,567.744,209.0232,99.8980,1,131
1190,49.57111,1187.700,567.830,208.9832,99.9131,1,132
1191,49.61273,1187.512,567.960,208.9501,99.9360,1,120
1192,49.65435,1187.180,568.092,208.8916,99.9593,1,134
1193,49.69598,1186.872,568.161,208.8375,99.9715,1,124
1194,49.73760,1186.639,568.720,208.7964,100.0698,1,122
1195,49.77922,1185.805,568.931,208.6496,100.1070,1,113
1196,49.82084,1185.448,569.558,208.5868,100.2173,1,148
1197,49.86246,1184.692,569.684,208.4538,100.2394,1,129
1198,49.90408,1183.961,570.111,208.3252,100.3145,1,132
1199,49.94570,1183.185,570.153,208.1887,100.3219,1,145
1200,49.98733,1182.216,570.469,208.0182,100.3775,1,150
1201,50.02895,1181.156,570.390,207.8316,100.3636,1,137
1202,50.07057,1180.139,570.293,207.6527,100.3465,1,134
1203,50.11219,1179.131,569.833,207.4754,100.2656,1,128
1204,50.15381,1178.367,569.468,207.3408,100.2014,1,112
1205,50.19543,1177.893,569.240,207.2576,100.1613,1,128
1206,50.23705,1177.295,568.930,207.1523,100.1068,1,133
1207,50.27868,1177.000,568.799,207.1005,100.0837,1,145
1208,50.32030,1176.137,568.681,206.9486,100.0630,1,150
1209,50.36192,1175.486,568.146,206.8340,99.9688,1,136
1210,50.40354,1174.604,568.099,206.6788,99.9605,1,138
1211,50.44516,1173.556,567.742,206.4944,99.8977,1,136
1212,50.48678,1172.795,567.457,206.3605,99.8476,1,139
1213,50.52840,1171.338,567.028,206.1041,99.7720,1,144
1214,50.57003,1170.480,566.329,205.9532,99.6491,1,141
1215,50.61165,1169.323,565.524,205.7496,99.5075,1,133
1216,50.65327,1168.853,564.769,205.6669,99.3745,1,125
1217,50.69489,1168.601,564.348,205.6224,99.3005,1,117
1218,50.73651,1168.236,563.726,205.5583,99.1911,1,118
1219,50.77813,1168.029,563.851,205.5218,99.2130,1,138
1220,50.81975,1167.247,563.242,205.3843,99.1058,1,123
1221,50.86138,1166.296,562.735,205.2169,99.0167,1,116
1222,50.90300,1165.768,562.120,205.1240,98.9085,1,127
1223,50.94462,1164.836,560.890,204.9601,98.6920,1,136
1224,50.98624,1164.801,560.179,204.9538,98.5669,1,123
1225,51.02786,1165.192,559.112,205.0227,98.3791,1,106
1226,51.06948,1165.231,558.816,205.0296,98.3272,1,105
1227,51.11110,1165.963,558.523,205.1584,98.2756,1,129
1228,51.15273,1165.686,558.564,205.1096,98.2827,1,128
1229,51.19435,1165.430,558.280,205.0646,98.2329,1,124
1230,51.23597,1165.385,557.824,205.0567,98.1526,1,140
1231,51.27759,1165.293,556.911,205.0404,97.9919,1,120
1232,51.31921,1166.272,556.113,205.2128,97.8515,1,139
1233,51.36083,1167.193,555.799,205.3748,97.7962,1,124
1234,51.40245,1168.334,555.636,205.5755,97.7676,1,128
1235,51.44408,1169.118,556.050,205.7135,97.8405,1,132
1236,51.48570,1169.643,556.180,205.8058,97.8632,1,140
1237,51.52732,1169.687,556.085,205.8136,97.8466,1,136
1238,51.56894,1170.171,555.451,205.8988,97.7351,1,123
1239,51.61056,1171.243,554.948,206.0874,97.6465,1,131
1240,51.65218,1172.469,554.560,206.3031,97.5783,1,123
1241,51.69380,1174.447,554.798,206.6512,97.6201,1,134
1242,51.73542,1175.596,555.666,206.8534,97.7729,1,144
1243,51.77705,1176.728,556.330,207.0524,97.8896,1,162
1244,51.81867,1176.765,556.713,207.0589,97.9571,1,147
1245,51.86029,1177.289,556.693,207.1513,97.9535,1,139
1246,51.90191,1177.989,556.011,207.2744,97.8335,1,136
1247,51.94353,1179.329,555.939,207.5102,97.8209,1,124
1248,51.98515,1181.174,556.171,207.8348,97.8618,1,129
1249,52.02677,1182.289,556.923,208.0310,97.9939,1,138
1250,52.06840,1183.274,557.716,208.2042,98.1336,1,117
1251,52.11002,1183.748,558.352,208.2878,98.2454,1,124
1252,52.15164,1184.285,559.036,208.3822,98.3658,1,124
1253,52.19326,1184.906,559.669,208.4915,98.4773,1,126
1254,52.23488,1185.400,560.426,208.5784,98.6104,1,134
1255,52.27650,1185.309,561.055,208.5624,98.7211,1,142
1256,52.31812,1186.080,561.146,208.6981,98.7370,1,135
1257,52.35975,1186.409,561.454,208.7559,98.7913,1,120
1258,52.40137,1187.836,561.869,209.0070,98.8644,1,139
1259,52.44299,1188.249,562.762,209.0796,99.0214,1,134
1260,52.48461,1188.484,563.381,209.1211,99.1304,1,144
1261,52.52623,1187.921,564.226,209.0220,99.2790,1,128
1262,52.56785,1187.962,564.000,209.0291,99.2393,1,136
1263,52.60947,1188.202,564.568,209.0715,99.3392,1,134
1264,52.65110,1188.841,565.064,209.1839,99.4265,1,127
1265,52.69272,1189.073,565.970,209.2248,99.5858,1,133
1266,52.73434,1188.988,566.536,209.2098,99.6855,1,137
1267,52.77596,1188.908,566.808,209.1957,99.7333,1,138
1268,52.81758,1188.862,566.964,209.1876,99.7607,1,136
1269,52.85920,1189.207,567.317,209.2482,99.8229,1,104
1270,52.90082,1189.053,567.957,209.2212,99.9354,1,130
1271,52.94245,1188.857,568.575,209.1867,100.0443,1,142
1272,52.98407,1188.411,568.297,209.1082,99.9953,1,142
1273,53.02569,1188.558,568.461,209.1340,100.0242,1,132
1274,53.06731,1188.723,568.719,209.1632,100.0696,1,123
1275,53.10893,1188.651,569.115,209.1504,100.1393,1,111
1276,53.15055,1188.524,570.008,209.1281,100.2964,1,133
1277,53.19217,1187.888,569.809,209.0162,100.2613,1,139
1278,53.23380,1187.976,569.939,209.0317,100.2843,1,124
1279,53.27542,1188.048,569.954,209.0444,100.2869,1,125
1280,53.31704,1188.096,570.476,209.0528,100.3788,1,130
1281,53.35866,1187.856,570.778,209.0106,100.4319,1,135
1282,53.40028,1187.058,570.834,208.8702,100.4418,1,145
1283,53.44190,1186.918,570.731,208.8455,100.4236,1,139
1284,53.48352,1186.700,570.712,208.8072,100.4203,1,127
1285,53.52515,1186.638,571.164,208.7963,100.4998,1,129
1286,53.56677,1186.231,571.314,208.7246,100.5263,1,139
1287,53.60839,1185.570,571.475,208.6083,100.5546,1,147
1288,53.65001,1185.288,571.278,208.5588,100.5199,1,128
1289,53.69163,1184.873,571.441,208.4857,100.5485,1,123
1290,53.73325,1184.791,571.447,208.4713,100.5495,1,129
1291,53.77487,1184.195,571.471,208.3664,100.5539,1,139
1292,53.81650,1183.948,571.472,208.3230,100.5539,1,144
1293,53.85812,1183.273,571.448,208.2041,100.5497,1,132
1294,53.89974,1182.516,571.572,208.0710,100.5717,1,127
1295,53.94136,1182.172,571.318,208.0104,100.5269,1,118
1296,53.98298,1180.780,571.046,207.7654,100.4790,1,148
1297,54.02460,1181.281,570.781,207.8536,100.4323,1,143
1298,54.06622,1180.326,570.741,207.6857,100.4254,1,132
1299,54.10785,1180.079,570.805,207.6422,100.4367,1,138
1300,54.14947,1179.175,570.563,207.4831,100.3941,1,135
1301,54.19109,1178.519,569.932,207.3676,100.2830,1,136
1302,54.23271,1178.198,569.514,207.3111,100.2095,1,133
1303,54.27433,1177.723,569.168,207.2276,100.1486,1,134
1304,54.31595,1177.067,569.027,207.1121,100.1238,1,133
1305,54.35757,1176.295,568.270,206.9763,99.9906,1,132
1306,54.39920,1175.650,567.573,206.8629,99.8679,1,140
1307,54.44082,1175.255,566.965,206.7933,99.7609,1,129
1308,54.48244,1175.090,566.329,206.7642,99.6491,1,138
1309,54.52406,1174.253,566.199,206.6171,99.6263,1,124
1310,54.56568,1174.192,565.269,206.6062,99.4626,1,124
1311,54.60730,1173.427,564.973,206.4716,99.4104,1,119
1312,54.64892,1173.105,563.945,206.4150,99.2296,1,128
1313,54.69055,1172.828,563.268,206.3663,99.1105,1,122
1314,54.73217,1172.346,562.265,206.2815,98.9340,1,142
1315,54.77379,1172.631,561.572,206.3317,98.8121,1,127
1316,54.81541,1172.150,560.992,206.2470,98.7100,1,122
1317,54.85703,1171.886,560.368,206.2005,98.6002,1,136
1318,54.89865,1171.582,559.453,206.1470,98.4391,1,126
1319,54.94027,1171.220,558.606,206.0834,98.2902,1,128
1320,54.98190,1171.480,557.988,206.1290,98.1815,1,121
1321,55.02352,1171.069,557.342,206.0568,98.0677,1,129
1322,55.06514,1170.906,556.815,206.0280,97.9751,1,132
1323,55.10676,1170.865,555.594,206.0209,97.7602,1,132
1324,55.14838,1171.086,554.767,206.0598,97.6147,1,132
1325,55.19000,1171.448,554.157,206.1234,97.5073,1,134
1326,55.23162,1171.214,553.461,206.0822,97.3849,1,136
1327,55.27325,1171.116,552.983,206.0651,97.3008,1,117
1328,55.31487,1170.820,552.135,206.0130,97.1516,1,122
1329,55.35649,1171.005,550.993,206.0455,96.9505,1,124
1330,55.39811,1171.392,550.541,206.1136,96.8710,1,126
1331,55.43973,1171.503,549.746,206.1332,96.7312,1,128
1332,55.48135,1171.613,549.233,206.1525,96.6408,1,124
1333,55.52297,1171.600,548.327,206.1502,96.4815,1,133
1334,55.56460,1171.895,547.419,206.2021,96.3217,1,141
1335,55.60622,1172.281,546.612,206.2701,96.1798,1,136
1336,55.64784,1173.001,546.032,206.3968,96.0778,1,142
1337,55.68946,1173.258,545.735,206.4420,96.0254,1,127
1338,55.73108,1173.360,545.355,206.4600,95.9586,1,142
1339,55.77270,1173.273,544.582,206.4447,95.8226,1,124
1340,55.81432,1173.988,543.766,206.5704,95.6790,1,134
1341,55.85595,1173.911,543.376,206.5568,95.6104,1,119
1342,55.89757,1174.950,542.997,206.7396,95.5436,1,142
1343,55.93919,1175.117,542.484,206.7690,95.4533,1,132
1344,55.98081,1175.538,542.426,206.8432,95.4432,1,132
1345,56.02243,1175.972,541.604,206.9195,95.2985,1,117
1346,56.06405,1176.348,541.489,206.9857,95.2783,1,132
1347,56.10567,1176.787,540.927,207.0628,95.1794,1,136
1348,56.14730,1177.669,540.740,207.2181,95.1464,1,127
1349,56.18892,1177.833,540.295,207.2469,95.0682,1,129
1350,56.23054,1178.752,539.845,207.4087,94.9891,1,132
1351,56.27216,1178.871,539.277,207.4296,94.8891,1,142
1352,56.31378,1179.571,538.977,207.5528,94.8363,1,123
1353,56.35540,1179.843,538.704,207.6006,94.7883,1,120
1354,56.39702,1180.500,538.097,207.7162,94.6815,1,152
1355,56.43865,1180.868,538.333,207.7810,94.7230,1,129
1356,56.48027,1181.444,537.851,207.8823,94.6382,1,124
1357,56.52189,1181.886,537.806,207.9601,94.6303,1,128
1358,56.56351,1182.384,537.661,208.0477,94.6048,1,144
1359,56.60513,1182.840,537.085,208.1280,94.5034,1,124
1360,56.64675,1183.634,536.860,208.2676,94.4638,1,133
1361,56.68837,1183.950,536.767,208.3232,94.4475,1,120
1362,56.73000,1184.670,536.579,208.4500,94.4143,1,136
1363,56.77162,1184.734,536.511,208.4612,94.4023,1,132
1364,56.81324,1185.415,536.055,208.5811,94.3221,1,139
1365,56.85486,1185.944,535.936,208.6741,94.3012,1,128
1366,56.89648,1186.493,535.662,208.7707,94.2531,1,140
1367,56.93810,1187.071,535.550,208.8724,94.2333,1,129
1368,56.97972,1187.207,535.252,208.8964,94.1809,1,123
1369,57.02135,1188.013,534.837,209.0382,94.1078,1,128
1370,57.06297,1188.211,534.757,209.0730,94.0937,1,118
1371,57.10459,1188.717,534.519,209.1620,94.0519,1,131
1372,57.14621,1189.166,534.111,209.2411,93.9800,1,136
1373,57.18783,1189.763,533.841,209.3462,93.9326,1,119
1374,57.22945,1190.221,533.661,209.4266,93.9010,1,140
1375,57.27107,1190.531,533.508,209.4812,93.8741,1,127
1376,57.31270,1190.627,533.516,209.4982,93.8754,1,136
1377,57.35432,1191.096,533.247,209.5806,93.8280,1,126
1378,57.39594,1191.598,533.270,209.6689,93.8321,1,130
1379,57.43756,1192.076,533.047,209.7532,93.7928,1,132
1380,57.47918,1192.460,532.841,209.8207,93.7566,1,132
1381,57.52080,1192.957,532.727,209.9082,93.7366,1,134
1382,57.56242,1193.502,532.621,210.0040,93.7179,1,123
1383,57.60405,1193.907,532.974,210.0752,93.7800,1,132
1384,57.64567,1194.325,532.922,210.1488,93.7708,1,116
1385,57.68729,1194.511,533.039,210.1816,93.7915,1,139
1386,57.72891,1194.846,533.111,210.2404,93.8041,1,128
1387,57.77053,1195.168,533.132,210.2971,93.8079,1,108
1388,57.81215,1195.231,533.534,210.3082,93.8786,1,127
1389,57.85377,1195.307,533.055,210.3216,93.7944,1,139
1390,57.89540,1195.781,533.057,210.4051,93.7947,1,135
1391,57.93702,1196.235,533.017,210.4849,93.7876,1,130
1392,57.97864,1196.677,533.292,210.5627,93.8361,1,127
1393,58.02026,1196.502,533.118,210.5319,93.8054,1,130
1394,58.06188,1196.987,532.618,210.6172,93.7174,1,124
1395,58.10350,1197.911,532.173,210.7798,93.6391,1,124
1396,58.14512,1198.713,531.765,210.9209,93.5672,1,127
1397,58.18675,1199.485,532.162,211.0568,93.6372,1,136
1398,58.22837,1199.731,532.108,211.1000,93.6276,1,137
1399,58.26999,1200.083,531.802,211.1619,93.5738,1,131
1400,58.31161,1200.574,531.384,211.2484,93.5003,1,133
1401,58.35323,1201.735,531.299,211.4527,93.4854,1,137
1402,58.39485,1202.048,531.074,211.5078,93.4457,1,136
1403,58.43647,1202.532,531.355,211.5929,93.4952,1,144
1404,58.47809,1203.342,530.899,211.7355,93.4149,1,134
1405,58.51972,1204.031,531.008,211.8566,93.4341,1,120
1406,58.56134,1204.777,530.982,211.9879,93.4295,1,136
1407,58.60296,1205.632,530.987,212.1383,93.4303,1,142
1408,58.64458,1205.708,531.061,212.1517,93.4435,1,139
1409,58.68620,1206.711,530.517,212.3282,93.3477,1,137
1410,58.72782,1207.283,530.996,212.4288,93.4321,1,127
1411,58.76944,1207.703,530.715,212.5028,93.3826,1,125
1412,58.81107,1208.472,530.609,212.6380,93.3639,1,136
1413,58.85269,1208.799,530.758,212.6957,93.3902,1,137
1414,58.89431,1209.755,530.319,212.8638,93.3129,1,124
1415,58.93593,1209.782,530.585,212.8686,93.3597,1,140
1416,58.97755,1210.545,530.440,213.0028,93.3342,1,136
1417,59.01917,1210.449,530.529,212.9860,93.3499,1,139
1418,59.06079,1211.800,530.474,213.2237,93.3401,1,126
1419,59.10242,1212.079,530.723,213.2727,93.3840,1,121
1420,59.14404,1213.258,530.808,213.4802,93.3989,1,139
1421,59.18566,1213.428,530.621,213.5101,93.3661,1,144
1422,59.22728,1214.206,530.577,213.6471,93.3582,1,138
1423,59.26890,1214.775,530.865,213.7471,93.4090,1,135
1424,59.31052,1215.142,531.126,213.8117,93.4549,1,136
1425,59.35214,1215.572,531.355,213.8874,93.4952,1,140
1426,59.39377,1216.183,531.605,213.9949,93.5392,1,124
1427,59.43539,1216.442,531.775,214.0405,93.5690,1,128
1428,59.47701,1217.367,532.175,214.2031,93.6394,1,131
1429,59.51863,1217.439,532.247,214.2159,93.6521,1,147
1430,59.56025,1218.429,532.584,214.3901,93.7115,1,132
1431,59.60187,1218.520,532.628,214.4061,93.7192,1,116
1432,59.64349,1219.144,533.057,214.5159,93.7946,1,127
1433,59.68512,1219.113,533.290,214.5105,93.8356,1,120
1434,59.72674,1219.513,533.667,214.5808,93.9020,1,128
1435,59.76836,1219.602,534.109,214.5964,93.9797,1,116
1436,59.80998,1219.855,534.285,214.6410,94.0107,1,131
1437,59.85160,1219.931,535.050,214.6544,94.1454,1,142
1438,59.89322,1220.224,534.989,214.7059,94.1345,1,120
1439,59.93484,1220.259,535.789,214.7120,94.2754,1,129
1440,59.97647,1220.274,535.971,214.7146,94.3074,1,117
1441,60.01809,1220.542,536.239,214.7619,94.3545,1,135
1442,60.05971,1220.644,536.527,214.7797,94.4052,1,128
1443,60.10133,1220.668,536.759,214.7841,94.4461,1,124
1444,60.14295,1220.951,536.929,214.8338,94.4760,1,124
1445,60.18457,1220.419,537.893,214.7402,94.6456,1,128
1446,60.22619,1219.875,537.817,214.6446,94.6322,1,129
1447,60.26782,1219.635,538.196,214.6023,94.6990,1,124
1448,60.30944,1220.086,538.595,214.6817,94.7691,1,128
1449,60.35106,1219.470,539.225,214.5732,94.8800,1,140
1450,60.39268,1219.012,539.540,214.4927,94.9355,1,128
1451,60.43430,1218.788,539.624,214.4533,94.9502,1,116
1452,60.47592,1218.615,539.494,214.4228,94.9273,1,120
1453,60.51754,1219.074,540.228,214.5036,95.0565,1,136
1454,60.55917,1218.427,540.435,214.3897,95.0928,1,131
1455,60.60079,1218.013,540.692,214.3168,95.1381,1,144
1456,60.64241,1217.568,540.647,214.2386,95.1302,1,129
1457,60.68403,1217.372,540.733,214.2040,95.1452,1,128
1458,60.72565,1217.297,541.171,214.1908,95.2224,1,130
1459,60.76727,1216.442,541.301,214.0405,95.2453,1,132
1460,60.80889,1216.153,541.252,213.9897,95.2367,1,146
1461,60.85052,1215.959,541.017,213.9554,95.1953,1,118
1462,60.89214,1216.522,541.003,214.0545,95.1928,1,128
1463,60.93376,1216.396,541.893,214.0324,95.3495,1,132
1464,60.97538,1215.342,541.813,213.8469,95.3353,1,140
1465,61.01700,1215.024,541.417,213.7909,95.2656,1,129
1466,61.05862,1214.847,540.925,213.7597,95.1790,1,112
1467,61.10024,1215.667,540.766,213.9041,95.1511,1,124
1468,61.14187,1215.818,541.763,213.9307,95.3265,1,129
1469,61.18349,1214.977,542.385,213.7827,95.4359,1,132
1470,61.22511,1213.924,542.441,213.5973,95.4459,1,144
1471,61.26673,1213.550,541.949,213.5315,95.3593,1,131
1472,61.30835,1213.666,541.883,213.5519,95.3476,1,127
1473,61.34997,1214.207,542.052,213.6471,95.3775,1,121
1474,61.39159,1214.047,543.009,213.6190,95.5458,1,132
1475,61.43322,1213.323,542.970,213.4917,95.5388,1,128
1476,61.47484,1212.978,542.434,213.4309,95.4447,1,120
1477,61.51646,1213.189,542.380,213.4680,95.4352,1,116
1478,61.55808,1213.499,542.232,213.5227,95.4090,1,106
1479,61.59970,1213.549,543.258,213.5313,95.5895,1,132
1480,61.64132,1212.835,543.570,213.4057,95.6445,1,128
1481,61.68294,1211.954,543.341,213.2508,95.6042,1,132
1482,61.72457,1211.997,543.264,213.2582,95.5906,1,127
1483,61.76619,1211.860,543.172,213.2343,95.5745,1,114
1484,61.80781,1211.934,544.143,213.2472,95.7452,1,134
1485,61.84943,1211.096,544.328,213.0998,95.7779,1,136
1486,61.89105,1210.589,544.464,213.0106,95.8017,1,132
1487,61.93267,1210.495,543.994,212.9940,95.7192,1,134
1488,61.97429,1210.319,544.398,212.9630,95.7902,1,129
1489,62.01592,1210.567,544.681,213.0067,95.8399,1,122
1490,62.05754,1209.171,545.250,212.7611,95.9401,1,139
1491,62.09916,1208.332,544.875,212.6135,95.8742,1,132
1492,62.14078,1207.959,544.583,212.5478,95.8228,1,133
1493,62.18240,1207.645,544.552,212.4925,95.8173,1,116
1494,62.22402,1207.634,545.201,212.4906,95.9314,1,132
1495,62.26564,1206.537,545.633,212.2975,96.0075,1,124
1496,62.30727,1205.313,545.612,212.0822,96.0037,1,120
1497,62.34889,1204.778,544.838,211.9881,95.8675,1,136
1498,62.39051,1204.467,544.702,211.9333,95.8436,1,131
1499,62.43213,1204.312,544.777,211.9060,95.8568,1,135
1500,62.47375,1203.281,545.309,211.7246,95.9504,1,136
1501,62.51537,1201.842,544.824,211.4715,95.8651,1,139
1502,62.55699,1201.124,544.460,211.3452,95.8011,1,128
1503,62.59862,1200.196,543.886,211.1819,95.7002,1,131
1504,62.64024,1200.136,543.880,211.1714,95.6991,1,131
1505,62.68186,1198.687,544.046,210.9163,95.7283,1,139
1506,62.72348,1197.393,543.727,210.6887,95.6721,1,135
1507,62.76510,1196.595,542.829,210.5482,95.5140,1,127
1508,62.80672,1195.868,542.558,210.4203,95.4664,1,120
1509,62.84834,1195.866,542.434,210.4200,95.4447,1,124
1510,62.88997,1194.812,542.624,210.2345,95.4780,1,131
1511,62.93159,1193.927,541.675,210.0789,95.3110,1,139
1512,62.97321,1193.420,541.122,209.9896,95.2137,1,139
1513,63.01483,1192.844,540.107,209.8881,95.0351,1,131
1514,63.05645,1192.719,540.233,209.8663,95.0573,1,128
1515,63.09807,1191.279,540.114,209.6129,95.0363,1,124
1516,63.13969,1189.979,539.392,209.3841,94.9093,1,132
1517,63.18132,1189.316,538.433,209.2675,94.7405,1,127
1518,63.22294,1189.007,537.810,209.2131,94.6309,1,135
1519,63.26456,1188.892,537.671,209.1928,94.6065,1,138
1520,63.30618,1188.357,537.420,209.0987,94.5624,1,124
1521,63.34780,1187.022,536.826,208.8637,94.4578,1,127
1522,63.38942,1187.052,535.527,208.8691,94.2292,1,131
1523,63.43104,1186.561,534.868,208.7827,94.1133,1,130
1524,63.47267,1187.235,534.783,208.9013,94.0984,1,124
1525,63.51429,1186.067,534.687,208.6957,94.0815,1,136
1526,63.55591,1185.177,534.151,208.5391,93.9872,1,131
1527,63.59753,1184.668,532.833,208.4495,93.7552,1,120
1528,63.63915,1184.300,531.893,208.3849,93.5898,1,125
1529,63.68077,1185.005,531.303,208.5089,93.4861,1,142
1530,63.72239,1184.247,531.524,208.3755,93.5248,1,132
1531,63.76402,1183.612,530.800,208.2638,93.3975,1,126
1532,63.80564,1183.600,530.182,208.2617,93.2888,1,119
1533,63.84726,1183.461,529.461,208.2373,93.1619,1,122
1534,63.88888,1184.104,528.944,208.3504,93.0710,1,150
1535,63.93050,1183.841,529.044,208.3041,93.0886,1,124
1536,63.97212,1182.908,527.896,208.1399,92.8865,1,132
1537,64.01374,1183.080,527.343,208.1702,92.7892,1,139
1538,64.05537,1182.989,526.092,208.1542,92.5691,1,111
1539,64.09699,1183.211,526.265,208.1932,92.5996,1,124
1540,64.13861,1182.526,525.869,208.0726,92.5298,1,124
1541,64.18023,1182.252,525.184,208.0246,92.4093,1,128
1542,64.22185,1182.135,524.536,208.0040,92.2954,1,105
1543,64.26347,1182.702,524.147,208.1037,92.2269,1,122
1544,64.30509,1183.118,524.200,208.1768,92.2363,1,134
1545,64.34672,1182.643,523.923,208.0933,92.1875,1,138
1546,64.38834,1182.816,523.232,208.1237,92.0659,1,126
1547,64.42996,1182.926,522.692,208.1431,91.9709,1,124
1548,64.47158,1183.088,522.229,208.1715,91.8894,1,131
1549,64.51320,1183.010,522.492,208.1579,91.9358,1,136
1550,64.55482,1182.802,521.664,208.1212,91.7900,1,126
1551,64.59644,1182.686,521.399,208.1008,91.7433,1,116
1552,64.63807,1183.092,520.911,208.1723,91.6575,1,124
1553,64.67969,1183.179,520.817,208.1876,91.6409,1,138
1554,64.72131,1183.193,520.583,208.1900,91.5998,1,120
1555,64.76293,1183.812,520.132,208.2989,91.5204,1,121
1556,64.80455,1183.992,519.809,208.3306,91.4637,1,135
1557,64.84617,1184.444,519.857,208.4101,91.4720,1,134
1558,64.88779,1184.430,519.521,208.4077,91.4130,1,124
1559,64.92942,1184.540,519.373,208.4271,91.3869,1,125
1560,64.97104,1184.879,518.662,208.4867,91.2618,1,121
1561,65.01266,1185.341,518.765,208.5681,91.2799,1,122
1562,65.05428,1185.247,518.331,208.5515,91.2035,1,130
1563,65.09590,1185.525,518.358,208.6003,91.2083,1,133
1564,65.13752,1185.886,517.973,208.6640,91.1405,1,116
1565,65.17914,1186.260,518.079,208.7296,91.1592,1,126
1566,65.22076,1186.603,518.132,208.7900,91.1685,1,139
1567,65.26239,1186.694,518.163,208.8060,91.1739,1,128
1568,65.30401,1186.954,518.062,208.8519,91.1561,1,131
1569,65.34563,1187.675,518.193,208.9787,91.1793,1,134
1570,65.38725,1187.869,518.360,209.0128,91.2087,1,110
1571,65.42887,1187.941,518.372,209.0256,91.2107,1,124
1572,65.47049,1188.382,518.285,209.1032,91.1954,1,137
1573,65.51211,1188.283,518.279,209.0857,91.1944,1,123
1574,65.55374,1188.815,518.488,209.1792,91.2311,1,120
1575,65.59536,1188.725,518.500,209.1634,91.2333,1,132
1576,65.63698,1188.701,518.707,209.1592,91.2697,1,132
1577,65.67860,1189.288,518.580,209.2626,91.2473,1,123
1578,65.72022,1189.504,519.326,209.3005,91.3786,1,124
1579,65.76184,1189.414,519.780,209.2848,91.4585,1,136
1580,65.80346,1189.431,519.848,209.2876,91.4705,1,127
1581,65.84509,1189.523,519.852,209.3038,91.4712,1,115
1582,65.88671,1189.790,520.145,209.3508,91.5227,1,133
1583,65.92833,1189.861,520.578,209.3634,91.5988,1,124
1584,65.96995,1189.242,520.929,209.2544,91.6607,1,136
1585,66.01157,1188.994,520.715,209.2109,91.6231,1,130
1586,66.05319,1188.989,520.375,209.2098,91.5631,1,133
1587,66.09481,1189.096,520.862,209.2288,91.6489,1,122
1588,66.13644,1188.566,521.050,209.1354,91.6820,1,124
1589,66.17806,1188.256,521.350,209.0809,91.7347,1,133
1590,66.21968,1188.137,521.197,209.0600,91.7079,1,120
1591,66.26130,1188.422,521.443,209.1101,91.7512,1,108
1592,66.30292,1188.391,521.711,209.1048,91.7982,1,143
1593,66.34454,1188.030,522.045,209.0412,91.8570,1,134
1594,66.38616,1187.215,521.461,208.8978,91.7543,1,131
1595,66.42779,1187.403,521.458,208.9309,91.7538,1,125
1596,66.46941,1187.036,521.414,208.8663,91.7460,1,126
1597,66.51103,1186.779,521.622,208.8210,91.7825,1,128
1598,66.55265,1185.978,521.805,208.6802,91.8148,1,119
1599,66.59427,1185.931,520.970,208.6718,91.6678,1,132
1600,66.63589,1185.907,521.042,208.6676,91.6805,1,135
1601,66.67751,1186.259,521.143,208.7295,91.6983,1,131
1602,66.71914,1185.680,521.460,208.6277,91.7541,1,131
1603,66.76076,1185.436,521.017,208.5847,91.6761,1,120
1604,66.80238,1185.709,520.641,208.6328,91.6100,1,119
1605,66.84400,1185.741,520.070,208.6384,91.5095,1,124
1606,66.88562,1186.329,520.511,208.7418,91.5870,1,120
1607,66.92724,1185.487,520.012,208.5937,91.4992,1,120
1608,66.96886,1185.535,519.431,208.6021,91.3971,1,119
1609,67.01049,1185.521,518.707,208.5998,91.2698,1,126
1610,67.05211,1185.944,518.434,208.6741,91.2216,1,124
1611,67.09373,1185.902,518.356,208.6668,91.2079,1,120
1612,67.13535,1185.342,518.024,208.5682,91.1495,1,146
1613,67.17697,1185.954,517.231,208.6758,91.0099,1,120
1614,67.21859,1186.013,516.835,208.6863,90.9403,1,110
1615,67.26021,1186.932,516.680,208.8481,90.9130,1,128
1616,67.30184,1186.728,516.614,208.8121,90.9013,1,122
1617,67.34346,1186.859,516.098,208.8351,90.8106,1,112
1618,67.38508,1187.004,515.065,208.8606,90.6289,1,128
1619,67.42670,1187.928,514.748,209.0232,90.5731,1,123
1620,67.46832,1188.182,514.489,209.0680,90.5275,1,130
1621,67.50994,1188.147,514.061,209.0618,90.4522,1,119
1622,67.55156,1187.984,513.101,209.0331,90.2833,1,133
1623,67.59319,1188.675,512.240,209.1547,90.1317,1,127
1624,67.63481,1189.348,511.975,209.2730,90.0852,1,136
1625,67.67643,1189.853,511.974,209.3620,90.0849,1,127
1626,67.71805,1189.874,511.808,209.3656,90.0557,1,119
1627,67.75967,1190.344,510.761,209.4483,89.8715,1,134
1628,67.80129,1190.971,510.359,209.5586,89.8008,1,123
1629,67.84291,1191.856,509.718,209.7143,89.6881,1,123
1630,67.88454,1192.149,509.910,209.7659,89.7218,1,135
1631,67.92616,1191.998,509.095,209.7393,89.5783,1,124
1632,67.96778,1192.640,508.425,209.8523,89.4606,1,115
1633,68.00940,1193.114,507.959,209.9357,89.3785,1,120
1634,68.05102,1193.927,507.741,210.0787,89.3402,1,131
1635,68.09264,1194.097,507.799,210.1087,89.3504,1,136
1636,68.13426,1194.774,507.184,210.2278,89.2421,1,131
1637,68.17589,1195.259,507.262,210.3132,89.2559,1,119
1638,68.21751,1196.172,507.065,210.4737,89.2212,1,124
1639,68.25913,1196.335,507.281,210.5025,89.2592,1,131
1640,68.30075,1197.148,507.149,210.6455,89.2360,1,143
1641,68.34237,1197.321,507.242,210.6760,89.2524,1,126
1642,68.38399,1198.136,506.910,210.8194,89.1940,1,127
1643,68.42561,1198.199,507.020,210.8305,89.2132,1,128
1644,68.46724,1198.918,506.863,210.9569,89.1857,1,135
1645,68.50886,1199.051,506.990,210.9805,89.2079,1,130
1646,68.55048,1199.542,507.246,211.0669,89.2530,1,126
1647,68.59210,1199.955,507.391,211.1394,89.2786,1,140
1648,68.63372,1200.229,507.894,211.1876,89.3670,1,113
1649,68.67534,1200.567,507.960,211.2471,89.3787,1,120
1650,68.71696,1200.915,508.385,211.3083,89.4535,1,136
1651,68.75859,1201.076,508.429,211.3367,89.4612,1,140
1652,68.80021,1201.466,508.786,211.4054,89.5240,1,122
1653,68.84183,1201.336,509.021,211.3824,89.5653,1,114
1654,68.88345,1201.460,508.784,211.4042,89.5237,1,117
1655,68.92507,1201.811,509.111,211.4660,89.5811,1,136
1656,68.96669,1201.981,509.153,211.4959,89.5885,1,126
1657,69.00831,1201.745,509.295,211.4544,89.6136,1,117
1658,69.04994,1201.873,509.185,211.4770,89.5943,1,128
1659,69.09156,1202.383,509.478,211.5667,89.6457,1,132
1660,69.13318,1201.924,509.771,211.4860,89.6973,1,118
1661,69.17480,1202.109,509.711,211.5184,89.6868,1,132
1662,69.21642,1202.244,509.515,211.5423,89.6523,1,132
1663,69.25804,1202.372,510.282,211.5647,89.7872,1,120
1664,69.29966,1201.958,509.936,211.4919,89.7264,1,131
1665,69.34129,1202.051,509.821,211.5083,89.7061,1,150
1666,69.38291,1202.472,509.943,211.5824,89.7275,1,131
1667,69.42453,1201.776,509.767,211.4598,89.6966,1,119
1668,69.46615,1201.997,509.545,211.4987,89.6576,1,135
1669,69.50777,1202.300,509.523,211.5521,89.6537,1,121
1670,69.54939,1202.261,510.014,211.5452,89.7401,1,123
1671,69.59101,1201.996,509.719,211.4986,89.6882,1,132
1672,69.63264,1202.689,509.871,211.6205,89.7149,1,128
1673,69.67426,1202.567,510.439,211.5990,89.8148,1,135
1674,69.71588,1202.536,510.380,211.5936,89.8045,1,108
1675,69.75750,1202.596,510.071,211.6042,89.7501,1,141
1676,69.79912,1203.133,510.624,211.6986,89.8474,1,130
1677,69.84074,1202.527,510.535,211.5919,89.8317,1,121
1678,69.88236,1203.145,510.446,211.7008,89.8161,1,114
1679,69.92399,1203.243,510.492,211.7180,89.8242,1,120
1680,69.96561,1203.530,511.032,211.7685,89.9192,1,134
1681,70.00723,1203.319,510.661,211.7314,89.8539,1,127
1682,70.04885,1203.673,511.178,211.7937,89.9449,1,124
1683,70.09047,1204.125,511.415,211.8731,89.9866,1,128
1684,70.13209,1203.874,511.694,211.8291,90.0358,1,126
1685,70.17371,1204.512,511.466,211.9412,89.9956,1,134
1686,70.21534,1205.073,511.981,212.0399,90.0862,1,124
1687,70.25696,1204.995,512.228,212.0263,90.1296,1,129
1688,70.29858,1205.326,512.139,212.0845,90.1140,1,132
1689,70.34020,1205.744,512.150,212.1581,90.1160,1,143
1690,70.38182,1205.880,512.716,212.1821,90.2155,1,135
1691,70.42344,1205.771,512.455,212.1628,90.1697,1,135
1692,70.46506,1206.528,512.935,212.2960,90.2541,1,143
1693,70.50669,1206.812,513.014,212.3460,90.2679,1,119
1694,70.54831,1207.314,513.490,212.4344,90.3518,1,129
1695,70.58993,1207.836,513.270,212.5261,90.3130,1,136
1696,70.63155,1208.466,513.923,212.6370,90.4280,1,131
1697,70.67317,1208.943,514.383,212.7210,90.5088,1,115
1698,70.71479,1209.412,515.029,212.8035,90.6226,1,126
1699,70.75641,1209.846,515.234,212.8799,90.6585,1,131
1700,70.79804,1210.873,516.116,213.0606,90.8137,1,135
1701,70.83966,1210.722,516.677,213.0340,90.9125,1,126
1702,70.88128,1211.220,516.948,213.1216,90.9602,1,121
1703,70.92290,1211.947,517.604,213.2495,91.0756,1,134
1704,70.96452,1212.235,518.686,213.3002,91.2660,1,118
1705,71.00614,1212.824,518.558,213.4038,91.2435,1,128
1706,71.04776,1213.887,519.537,213.5908,91.4158,1,112
1707,71.08939,1214.456,520.436,213.6911,91.5738,1,128
1708,71.13101,1214.670,520.994,213.7286,91.6721,1,126
1709,71.17263,1215.256,521.487,213.8317,91.7589,1,139
1710,71.21425,1215.986,522.784,213.9602,91.9871,1,128
1711,71.25587,1215.906,523.082,213.9461,92.0395,1,125
1712,71.29749,1216.296,523.777,214.0148,92.1618,1,143
1713,71.33911,1216.427,524.604,214.0377,92.3072,1,135
1714,71.38074,1216.527,525.340,214.0553,92.4368,1,133
1715,71.42236,1216.369,526.075,214.0276,92.5661,1,125
1716,71.46398,1217.069,526.820,214.1508,92.6972,1,138
1717,71.50560,1217.204,528.173,214.1745,92.9352,1,128
1718,71.54722,1216.997,528.657,214.1381,93.0205,1,124
1719,71.58884,1217.347,529.416,214.1997,93.1540,1,135
1720,71.63046,1217.500,530.667,214.2266,93.3742,1,128
1721,71.67209,1217.043,531.227,214.1462,93.4726,1,123
1722,71.71371,1217.067,532.214,214.1505,93.6462,1,128
1723,71.75533,1216.575,532.908,214.0639,93.7685,1,132
1724,71.79695,1216.377,533.712,214.0290,93.9099,1,128
1725,71.83857,1215.531,534.174,213.8802,93.9911,1,123
1726,71.88019,1215.781,534.672,213.9241,94.0789,1,128
1727,71.92181,1215.394,535.800,213.8560,94.2773,1,124
1728,71.96344,1214.844,536.102,213.7592,94.3304,1,112
1729,72.00506,1214.770,536.591,213.7462,94.4164,1,147
1730,72.04668,1214.744,537.456,213.7417,94.5686,1,138
1731,72.08830,1213.924,537.503,213.5974,94.5769,1,123
1732,72.12992,1214.070,538.450,213.6231,94.7436,1,128
1733,72.17154,1213.375,538.646,213.5008,94.7780,1,142
1734,72.21316,1213.209,539.818,213.4715,94.9843,1,130
1735,72.25478,1212.522,540.039,213.3506,95.0232,1,121
1736,72.29641,1212.254,540.938,213.3036,95.1814,1,140
1737,72.33803,1211.742,541.115,213.2135,95.2126,1,128
1738,72.37965,1211.645,542.211,213.1963,95.4054,1,128
1739,72.42127,1211.118,542.354,213.1036,95.4305,1,120
1740,72.46289,1211.320,543.158,213.1392,95.5719,1,132
1741,72.50451,1211.005,543.735,213.0838,95.6735,1,136
1742,72.54613,1210.975,544.311,213.0784,95.7749,1,130
1743,72.58776,1210.582,545.090,213.0094,95.9120,1,132
1744,72.62938,1210.186,545.739,212.9397,96.0261,1,128
1745,72.67100,1209.794,546.514,212.8707,96.1624,1,132
1746,72.71262,1209.076,547.402,212.7443,96.3188,1,130
1747,72.75424,1208.424,547.895,212.6296,96.4055,1,127
1748,72.79586,1207.999,548.939,212.5549,96.5891,1,123
1749,72.83748,1207.522,549.436,212.4709,96.6766,1,143
1750,72.87911,1206.635,550.197,212.3149,96.8106,1,122
1751,72.92073,1206.585,550.185,212.3061,96.8084,1,140
1752,72.96235,1205.708,550.960,212.1518,96.9448,1,136
1753,73.00397,1205.417,551.328,212.1006,97.0096,1,138
1754,73.04559,1204.361,551.966,211.9146,97.1218,1,112
1755,73.08721,1204.030,552.682,211.8564,97.2478,1,138
1756,73.12883,1203.426,553.410,211.7502,97.3759,1,120
1757,73.17046,1201.942,554.222,211.4891,97.5187,1,133
1758,73.21208,1201.780,554.667,211.4606,97.5971,1,120
1759,73.25370,1200.631,555.346,211.2584,97.7166,1,132
1760,73.29532,1200.091,556.372,211.1634,97.8971,1,117
1761,73.33694,1199.109,556.192,210.9905,97.8654,1,127
1762,73.37856,1198.364,557.188,210.8595,98.0406,1,143
1763,73.42018,1197.227,557.286,210.6594,98.0578,1,128
1764,73.46181,1195.573,558.030,210.3683,98.1887,1,120
1765,73.50343,1194.764,557.826,210.2260,98.1529,1,130
1766,73.54505,1193.567,558.312,210.0155,98.2384,1,139
1767,73.58667,1192.015,558.363,209.7424,98.2473,1,131
1768,73.62829,1190.760,558.208,209.5215,98.2201,1,124
1769,73.66991,1190.034,558.346,209.3938,98.2443,1,145
1770,73.71153,1188.696,558.761,209.1584,98.3174,1,122
1771,73.75316,1187.967,558.388,209.0300,98.2517,1,117
1772,73.79478,1187.462,558.323,208.9412,98.2403,1,136
1773,73.83640,1186.299,558.660,208.7367,98.2996,1,130
1774,73.87802,1185.109,558.443,208.5271,98.2615,1,131
1775,73.91964,1184.251,558.438,208.3763,98.2607,1,131
1776,73.96126,1183.176,558.967,208.1871,98.3537,1,138
1777,74.00288,1181.451,558.852,207.8836,98.3335,1,116
1778,74.04451,1180.606,558.539,207.7348,98.2784,1,147
1779,74.08613,1179.709,558.977,207.5771,98.3554,1,144
1780,74.12775,1178.208,558.542,207.3129,98.2788,1,124
1781,74.16937,1177.602,558.213,207.2064,98.2209,1,132
1782,74.21099,1176.768,558.381,207.0596,98.2505,1,136
1783,74.25261,1175.203,557.926,206.7842,98.1706,1,128
1784,74.29423,1174.571,557.826,206.6730,98.1529,1,131
1785,74.33586,1173.186,557.656,206.4293,98.1231,1,127
1786,74.37748,1171.734,557.618,206.1738,98.1164,1,120
1787,74.41910,1170.226,556.722,205.9085,97.9586,1,132
1788,74.46072,1169.087,557.028,205.7080,98.0126,1,134
1789,74.50234,1167.407,556.256,205.4125,97.8766,1,130
1790,74.54396,1165.899,556.107,205.1471,97.8505,1,128
1791,74.58558,1165.171,555.756,205.0189,97.7887,1,112
1792,74.62721,1163.397,555.384,204.7068,97.7232,1,116
1793,74.66883,1162.391,554.337,204.5299,97.5390,1,128
1794,74.71045,1161.681,553.982,204.4049,97.4766,1,124
1795,74.75207,1159.992,553.134,204.1076,97.3274,1,128
1796,74.79369,1159.048,552.338,203.9417,97.1872,1,139
1797,74.83531,1158.271,551.297,203.8049,97.0041,1,129
1798,74.87693,1156.921,551.095,203.5674,96.9685,1,135
1799,74.91856,1155.720,549.300,203.3561,96.6527,1,120
1800,74.96018,1155.131,548.976,203.2525,96.5957,1,135
1801,75.00180,1153.977,548.169,203.0494,96.4538,1,139
1802,75.04342,1152.909,547.003,202.8614,96.2485,1,133
1803,75.08504,1152.932,545.495,202.8655,95.9832,1,128
1804,75.12666,1152.183,544.968,202.7338,95.8905,1,123
1805,75.16828,1152.191,543.185,202.7351,95.5767,1,132
1806,75.20991,1151.841,542.269,202.6735,95.4156,1,135
1807,75.25153,1152.218,540.553,202.7398,95.1135,1,120
1808,75.29315,1151.962,539.474,202.6948,94.9238,1,136
1809,75.33477,1152.184,537.768,202.7338,94.6236,1,140
1810,75.37639,1152.121,536.883,202.7227,94.4679,1,140
1811,75.41801,1152.264,535.262,202.7479,94.1827,1,120
1812,75.45963,1152.357,534.023,202.7642,93.9646,1,130
1813,75.50126,1152.784,532.650,202.8394,93.7231,1,127
1814,75.54288,1152.752,531.533,202.8338,93.5265,1,129
1815,75.58450,1153.936,530.437,203.0421,93.3336,1,129
1816,75.62612,1154.249,529.307,203.0972,93.1347,1,114
1817,75.66774,1155.674,527.999,203.3480,92.9047,1,137
1818,75.70936,1156.812,526.175,203.5481,92.5836,1,128
1819,75.75098,1158.302,525.459,203.8104,92.4577,1,126
1820,75.79261,1158.550,523.919,203.8539,92.1867,1,115
1821,75.83423,1160.136,522.486,204.1331,91.9347,1,134
1822,75.87585,1160.625,521.830,204.2191,91.8192,1,124
1823,75.91747,1160.833,521.149,204.2556,91.6993,1,135
1824,75.95909,1161.738,520.252,204.4149,91.5416,1,145
1825,76.00071,1162.296,520.008,204.5131,91.4986,1,133
1826,76.04233,1163.262,519.085,204.6831,91.3362,1,128
1827,76.08396,1164.022,517.984,204.8168,91.1425,1,116
1828,76.12558,1165.178,517.289,205.0203,91.0201,1,131
1829,76.16720,1166.035,516.251,205.1710,90.8375,1,122
1830,76.20882,1167.188,515.747,205.3740,90.7488,1,123
1831,76.25044,1167.723,514.860,205.4680,90.5927,1,128
1832,76.29206,1169.153,514.392,205.7196,90.5104,1,120
1833,76.33368,1168.780,514.256,205.6540,90.4865,1,130
1834,76.37531,1169.374,513.983,205.7585,90.4385,1,136
1835,76.41693,1169.310,513.930,205.7472,90.4291,1,132
1836,76.45855,1169.702,514.675,205.8162,90.5602,1,128
1837,76.50017,1169.400,514.528,205.7631,90.5344,1,120
1838,76.54179,1169.939,514.787,205.8579,90.5799,1,117
1839,76.58341,1170.403,514.679,205.9397,90.5609,1,140
1840,76.62503,1170.251,514.806,205.9129,90.5833,1,132
1841,76.66666,1170.899,513.669,206.0269,90.3833,1,123
1842,76.70828,1171.383,513.525,206.1120,90.3578,1,132
1843,76.74990,1172.142,512.844,206.2456,90.2380,1,128
1844,76.79152,1172.425,512.187,206.2954,90.1224,1,124
1845,76.83314,1173.569,511.167,206.4966,89.9430,1,133
1846,76.87476,1174.566,511.724,206.6721,90.0411,1,130
1847,76.91638,1174.791,510.927,206.7117,89.9008,1,122
1848,76.95801,1175.732,511.013,206.8773,89.9159,1,139
1849,76.99963,1177.590,511.135,207.2041,89.9374,1,134
1850,77.04125,1177.234,511.382,207.1415,89.9808,1,120
1851,77.08287,1179.083,510.092,207.4669,89.7538,1,126
1852,77.12449,1180.387,510.333,207.6964,89.7963,1,124
1853,77.16611,1180.578,509.301,207.7299,89.6146,1,114
1854,77.20773,1181.512,508.423,207.8943,89.4602,1,137
1855,77.24936,1182.887,508.058,208.1363,89.3960,1,128
1856,77.29098,1182.939,507.718,208.1454,89.3361,1,124
1857,77.33260,1183.632,506.961,208.2674,89.2029,1,128
1858,77.37422,1185.023,506.904,208.5121,89.1929,1,128
1859,77.41584,1185.102,506.555,208.5260,89.1315,1,127
1860,77.45746,1186.617,506.900,208.7926,89.1922,1,134
1861,77.49908,1187.335,506.526,208.9189,89.1263,1,145
1862,77.54071,1189.167,507.044,209.2413,89.2175,1,124
1863,77.58233,1190.304,507.530,209.4413,89.3030,1,139
1864,77.62395,1191.676,507.939,209.6827,89.3750,1,137
1865,77.66557,1193.281,508.582,209.9652,89.4881,1,134
1866,77.70719,1194.188,509.721,210.1246,89.6886,1,127
1867,77.74881,1194.410,510.639,210.1637,89.8501,1,129
1868,77.79043,1194.482,511.385,210.1764,89.9814,1,124
1869,77.83206,1194.399,512.696,210.1618,90.2120,1,128
1870,77.87368,1193.661,513.556,210.0319,90.3633,1,137
1871,77.91530,1193.429,513.910,209.9911,90.4255,1,140
1872,77.95692,1193.633,514.090,210.0270,90.4572,1,141
1873,77.99854,1193.580,514.606,210.0178,90.5481,1,119
1874,78.04016,1193.555,514.489,210.0133,90.5275,1,134
1875,78.08178,1194.370,514.314,210.1568,90.4967,1,146
1876,78.12341,1194.840,514.954,210.2395,90.6092,1,114
1877,78.16503,1195.658,515.119,210.3834,90.6383,1,134
1878,78.20665,1195.617,515.231,210.3762,90.6580,1,133
1879,78.24827,1196.766,515.768,210.5783,90.7525,1,116
1880,78.28989,1195.873,516.540,210.4211,90.8883,1,123
1881,78.33151,1195.380,516.811,210.3344,90.9360,1,134
1882,78.37313,1195.405,517.312,210.3389,91.0243,1,132
1883,78.41476,1194.800,517.925,210.2323,91.1321,1,116
1884,78.45638,1194.438,517.932,210.1688,91.1333,1,132
1885,78.49800,1194.758,517.808,210.2250,91.1115,1,117
1886,78.53962,1195.177,518.064,210.2988,91.1566,1,126
1887,78.58124,1194.556,518.074,210.1895,91.1583,1,128
1888,78.62286,1195.214,517.538,210.3052,91.0639,1,135
1889,78.66448,1195.187,517.852,210.3005,91.1193,1,130
1890,78.70611,1195.222,517.568,210.3066,91.0693,1,118
1891,78.74773,1194.857,517.561,210.2424,91.0680,1,124
1892,78.78935,1195.381,517.056,210.3346,90.9791,1,136
1893,78.83097,1195.161,517.505,210.2959,91.0582,1,121
1894,78.87259,1194.923,517.098,210.2541,90.9866,1,135
1895,78.91421,1195.562,517.203,210.3664,91.0050,1,132
1896,78.95583,1195.981,517.605,210.4402,91.0758,1,119
1897,78.99745,1196.220,517.582,210.4822,91.0717,1,122
1898,79.03908,1196.995,517.600,210.6186,91.0749,1,127
1899,79.08070,1198.269,517.835,210.8427,91.1162,1,118
1900,79.12232,1198.310,517.879,210.8500,91.1241,1,125
1901,79.16394,1198.887,518.055,210.9516,91.1550,1,128
1902,79.20556,1199.388,518.184,211.0396,91.1777,1,120
1903,79.24718,1199.249,518.864,211.0152,91.2973,1,122
1904,79.28880,1199.072,519.205,210.9840,91.3573,1,137
1905,79.33043,1199.307,519.509,211.0254,91.4108,1,120
1906,79.37205,1199.692,519.771,211.0932,91.4569,1,131
1907,79.41367,1199.082,520.647,210.9858,91.6110,1,124
1908,79.45529,1199.879,520.250,211.1260,91.5412,1,127
1909,79.49691,1200.373,521.301,211.2130,91.7261,1,126
1910,79.53853,1200.629,521.639,211.2581,91.7856,1,123
1911,79.58015,1201.283,521.786,211.3732,91.8115,1,126
1912,79.62178,1202.054,522.220,211.5088,91.8879,1,137
1913,79.66340,1201.930,522.735,211.4870,91.9784,1,112
1914,79.70502,1201.802,522.878,211.4644,92.0035,1,136
1915,79.74664,1202.078,523.272,211.5131,92.0730,1,139
1916,79.78826,1202.028,524.164,211.5042,92.2298,1,120
1917,79.82988,1201.979,524.504,211.4955,92.2897,1,126
1918,79.87150,1202.867,525.151,211.6519,92.4035,1,127
1919,79.91313,1202.969,526.435,211.6698,92.6295,1,131
1920,79.95475,1203.294,526.797,211.7269,92.6932,1,120
1921,79.99637,1204.221,527.865,211.8900,92.8810,1,132
1922,80.03799,1204.402,528.836,211.9219,93.0519,1,116
1923,80.07961,1204.789,529.657,211.9901,93.1963,1,140
1924,80.12123,1205.100,530.554,212.0448,93.3542,1,132
1925,80.16285,1204.756,532.072,211.9843,93.6214,1,124
1926,80.20448,1203.974,533.094,211.8467,93.8012,1,119
1927,80.24610,1203.659,534.120,211.7912,93.9818,1,132
1928,80.28772,1202.861,535.804,211.6507,94.2780,1,108
1929,80.32934,1201.853,536.906,211.4734,94.4720,1,126
1930,80.37096,1201.790,538.133,211.4624,94.6878,1,150
1931,80.41258,1201.212,539.510,211.3606,94.9301,1,134
1932,80.45420,1200.478,540.602,211.2314,95.1222,1,119
1933,80.49583,1199.942,541.262,211.1372,95.2384,1,116
1934,80.53745,1199.278,542.627,211.0204,95.4786,1,127
1935,80.57907,1197.727,543.602,210.7475,95.6501,1,110
1936,80.62069,1196.687,544.386,210.5643,95.7881,1,137
1937,80.66231,1195.431,545.276,210.3434,95.9446,1,129
1938,80.70393,1193.929,546.069,210.0791,96.0841,1,126
1939,80.74555,1192.395,546.462,209.8091,96.1533,1,130
1940,80.78718,1190.772,547.116,209.5237,96.2685,1,119
1941,80.82880,1189.513,547.621,209.3021,96.3572,1,126
1942,80.87042,1188.053,548.274,209.0453,96.4722,1,127
1943,80.91204,1186.937,548.721,208.8489,96.5509,1,127
1944,80.95366,1186.382,549.042,208.7512,96.6074,1,132
1945,80.99528,1185.124,549.326,208.5298,96.6573,1,116
1946,81.03690,1184.041,549.482,208.3393,96.6847,1,127
1947,81.07853,1182.849,549.233,208.1296,96.6410,1,131
1948,81.12015,1181.195,549.700,207.8385,96.7230,1,125
1949,81.16177,1179.939,549.501,207.6174,96.6880,1,121
1950,81.20339,1178.064,549.856,207.2875,96.7505,1,127
1951,81.24501,1176.779,549.388,207.0615,96.6682,1,133
1952,81.28663,1175.641,549.589,206.8613,96.7035,1,128
1953,81.32825,1174.165,549.423,206.6015,96.6744,1,116
1954,81.36988,1173.156,549.231,206.4240,96.6405,1,136
1955,81.41150,1172.398,549.439,206.2906,96.6771,1,132
1956,81.45312,1171.206,549.787,206.0809,96.7384,1,132
1957,81.49474,1170.276,549.484,205.9173,96.6852,1,124
1958,81.53636,1169.067,549.509,205.7045,96.6896,1,115
1959,81.57798,1168.199,548.984,205.5518,96.5971,1,130
1960,81.61960,1166.509,548.851,205.2545,96.5737,1,136
1961,81.66123,1165.132,548.032,205.0121,96.4296,1,127
1962,81.70285,1163.723,547.913,204.7642,96.4087,1,142
1963,81.74447,1162.202,547.640,204.4966,96.3607,1,123
1964,81.78609,1160.791,547.520,204.2482,96.3396,1,123
1965,81.82771,1160.213,547.316,204.1466,96.3035,1,129
1966,81.86933,1159.503,547.347,204.0217,96.3091,1,120
1967,81.91095,1158.836,547.413,203.9043,96.3207,1,134
1968,81.95258,1157.967,547.060,203.7515,96.2586,1,131
1969,81.99420,1157.495,546.879,203.6684,96.2268,1,120
1970,82.03582,1156.335,546.715,203.4642,96.1979,1,127
1971,82.07744,1155.048,546.104,203.2378,96.0903,1,129
1972,82.11906,1154.203,545.652,203.0891,96.0108,1,122
1973,82.16068,1152.758,545.329,202.8348,95.9540,1,124
1974,82.20230,1151.114,545.439,202.5456,95.9733,1,134
1975,82.24393,1150.273,544.319,202.3976,95.7763,1,116
1976,82.28555,1148.791,544.733,202.1369,95.8491,1,118
1977,82.32717,1147.541,543.800,201.9169,95.6849,1,129
1978,82.36879,1146.564,542.877,201.7450,95.5225,1,120
1979,82.41041,1145.645,542.101,201.5832,95.3861,1,128
1980,82.45203,1144.453,540.966,201.3736,95.1863,1,127
1981,82.49365,1143.463,539.117,201.1993,94.8610,1,139
1982,82.53528,1142.744,537.720,201.0728,94.6151,1,120
1983,82.57690,1141.829,535.635,200.9118,94.2482,1,139
1984,82.61852,1140.954,533.577,200.7578,93.8861,1,135
1985,82.66014,1140.846,531.778,200.7389,93.5696,1,132
1986,82.70176,1139.813,530.486,200.5571,93.3423,1,125
1987,82.74338,1139.598,528.583,200.5193,93.0075,1,120
1988,82.78500,1139.616,527.488,200.5224,92.8148,1,127
1989,82.82663,1139.622,526.173,200.5234,92.5835,1,120
1990,82.86825,1139.547,524.567,200.5103,92.3008,1,123
1991,82.90987,1140.558,523.232,200.6881,92.0658,1,124
1992,82.95149,1140.588,521.254,200.6935,91.7179,1,120
1993,82.99311,1141.243,519.535,200.8087,91.4153,1,122
1994,83.03473,1141.691,517.392,200.8875,91.0382,1,128
1995,83.07635,1141.887,515.828,200.9221,90.7630,1,120
1996,83.11798,1142.459,513.901,201.0227,90.4240,1,121
1997,83.15960,1143.508,512.139,201.2073,90.1140,1,137
1998,83.20122,1144.702,510.867,201.4173,89.8901,1,128
1999,83.24284,1145.486,509.819,201.5553,89.7057,1,116
2000,83.28446,1146.781,508.653,201.7831,89.5006,1,120
2001,83.32608,1147.917,508.160,201.9831,89.4140,1,109
2002,83.36770,1149.740,506.801,202.3038,89.1748,1,123
2003,83.40933,1151.373,506.699,202.5912,89.1569,1,141
2004,83.45095,1152.729,505.722,202.8297,88.9849,1,132
2005,83.49257,1154.040,505.408,203.0604,88.9297,1,128
2006,83.53419,1154.341,504.415,203.1134,88.7550,1,117
2007,83.57581,1156.099,504.108,203.4227,88.7009,1,134
2008,83.61743,1156.106,503.468,203.4239,88.5883,1,118
2009,83.65905,1157.133,503.468,203.6047,88.5883,1,128
2010,83.70068,1157.835,503.153,203.7281,88.5328,1,119
2011,83.74230,1158.943,503.257,203.9231,88.5512,1,124
2012,83.78392,1160.095,503.413,204.1259,88.5785,1,134
2013,83.82554,1161.292,503.849,204.3365,88.6553,1,140
2014,83.86716,1162.465,503.788,204.5428,88.6446,1,128
2015,83.90878,1163.226,504.090,204.6767,88.6978,1,128
2016,83.95040,1164.126,504.296,204.8352,88.7339,1,128
2017,83.99203,1164.313,504.465,204.8680,88.7637,1,128
2018,84.03365,1164.246,504.827,204.8562,88.8274,1,112
2019,84.07527,1164.243,504.551,204.8557,88.7789,1,120
2020,84.11689,1163.616,504.268,204.7454,88.7290,1,128
2021,84.15851,1163.771,503.825,204.7726,88.6510,1,113
2022,84.20013,1164.021,503.328,204.8166,88.5636,1,133
2023,84.24175,1164.694,503.179,204.9350,88.5374,1,114
2024,84.28338,1165.423,502.618,205.0634,88.4387,1,138
2025,84.32500,1166.964,502.746,205.3344,88.4612,1,133
2026,84.36662,1167.552,502.083,205.4380,88.3446,1,131
2027,84.40824,1168.780,502.417,205.6540,88.4033,1,118
2028,84.44986,1169.353,501.746,205.7549,88.2853,1,124
2029,84.49148,1169.984,501.654,205.8659,88.2691,1,124
2030,84.53310,1170.316,501.303,205.9243,88.2074,1,128
2031,84.57473,1170.819,501.282,206.0127,88.2036,1,132
2032,84.61635,1171.184,500.631,206.0771,88.0890,1,129
2033,84.65797,1171.939,500.588,206.2099,88.0815,1,116
2034,84.69959,1172.797,500.011,206.3607,87.9801,1,130
2035,84.74121,1173.713,499.994,206.5221,87.9769,1,134
2036,84.78283,1174.708,499.436,206.6972,87.8789,1,119
2037,84.82445,1176.293,499.606,206.9759,87.9087,1,131
2038,84.86608,1177.342,499.161,207.1605,87.8305,1,129
2039,84.90770,1178.292,499.267,207.3278,87.8491,1,137
2040,84.94932,1179.416,498.722,207.5254,87.7532,1,112
2041,84.99094,1179.936,498.969,207.6169,87.7967,1,123
2042,85.03256,1180.613,498.563,207.7361,87.7253,1,116
2043,85.07418,1181.007,498.707,207.8055,87.7505,1,143
2044,85.11580,1181.731,498.457,207.9328,87.7065,1,135
2045,85.15743,1182.380,498.484,208.0470,87.7113,1,128
2046,85.19905,1183.270,498.240,208.2036,87.6684,1,124
2047,85.24067,1184.063,498.151,208.3432,87.6527,1,124
2048,85.28229,1185.584,497.825,208.6108,87.5954,1,116
2049,85.32391,1186.632,497.713,208.7951,87.5757,1,124
2050,85.36553,1187.617,497.456,208.9686,87.5304,1,136
2051,85.40715,1188.812,496.458,209.1789,87.3548,1,129
2052,85.44878,1189.689,495.959,209.3331,87.2670,1,111
2053,85.49040,1190.427,495.247,209.4630,87.1418,1,128
2054,85.53202,1191.075,494.290,209.5770,86.9734,1,135
2055,85.57364,1191.838,493.975,209.7111,86.9179,1,132
2056,85.61526,1192.688,493.209,209.8607,86.7831,1,116
2057,85.65688,1192.987,493.114,209.9135,86.7665,1,129
2058,85.69850,1193.709,492.128,210.0405,86.5930,1,130
2059,85.74013,1194.626,492.060,210.2018,86.5810,1,137
2060,85.78175,1194.602,491.625,210.1976,86.5045,1,123
2061,85.82337,1195.101,491.077,210.2854,86.4081,1,120
2062,85.86499,1194.987,490.434,210.2654,86.2950,1,120
2063,85.90661,1195.123,490.145,210.2892,86.2441,1,116
2064,85.94823,1194.149,489.470,210.1179,86.1252,1,120
2065,85.98985,1194.209,489.203,210.1284,86.0784,1,120
2066,86.03147,1193.668,489.193,210.0332,86.0766,1,120
2067,86.07310,1193.567,489.236,210.0155,86.0840,1,124
2068,86.11472,1193.348,489.379,209.9769,86.1092,1,132
2069,86.15634,1194.050,489.194,210.1005,86.0767,1,140
2070,86.19796,1194.327,489.471,210.1491,86.1254,1,122
2071,86.23958,1195.482,489.231,210.3524,86.0832,1,128
2072,86.28120,1195.895,488.862,210.4250,86.0183,1,122
2073,86.32282,1197.268,488.368,210.6666,85.9313,1,123
2074,86.36445,1197.483,487.339,210.7044,85.7502,1,130
2075,86.40607,1198.069,486.859,210.8077,85.6657,1,124
2076,86.44769,1197.877,485.561,210.7738,85.4375,1,120
2077,86.48931,1197.907,485.168,210.7790,85.3682,1,112
2078,86.53093,1197.771,484.388,210.7551,85.2311,1,116
2079,86.57255,1197.495,484.065,210.7066,85.1742,1,134
2080,86.61417,1198.047,483.885,210.8037,85.1426,1,128
2081,86.65580,1198.376,483.866,210.8617,85.1391,1,128
2082,86.69742,1199.503,484.023,211.0599,85.1669,1,127
2083,86.73904,1200.359,483.817,211.2105,85.1305,1,122
2084,86.78066,1202.094,483.496,211.5158,85.0740,1,120
2085,86.82228,1202.988,482.927,211.6731,84.9739,1,124
2086,86.86390,1204.349,482.208,211.9127,84.8475,1,150
2087,86.90552,1204.820,481.097,211.9955,84.6520,1,130
2088,86.94715,1205.885,480.230,212.1829,84.4993,1,122
2089,86.98877,1206.163,479.713,212.2318,84.4085,1,124
2090,87.03039,1206.718,479.254,212.3294,84.3277,1,119
2091,87.07201,1207.150,479.420,212.4055,84.3569,1,123
2092,87.11363,1208.040,480.070,212.5620,84.4712,1,128
2093,87.15525,1208.847,480.624,212.7040,84.5687,1,123
2094,87.19687,1209.811,481.747,212.8737,84.7664,1,139
2095,87.23850,1210.896,482.367,213.0645,84.8754,1,148
2096,87.28012,1212.217,483.504,213.2970,85.0754,1,124
2097,87.32174,1213.020,483.970,213.4383,85.1574,1,123
2098,87.36336,1214.343,484.676,213.6710,85.2818,1,132
2099,87.40498,1214.771,485.137,213.7464,85.3629,1,136
2100,87.44660,1215.335,485.575,213.8456,85.4399,1,123
2101,87.48822,1215.460,485.972,213.8676,85.5098,1,126
2102,87.52985,1215.955,486.697,213.9548,85.6374,1,143
2103,87.57147,1216.301,487.272,214.0156,85.7385,1,133
2104,87.61309,1216.588,488.352,214.0661,85.9285,1,124
2105,87.65471,1216.954,489.100,214.1306,86.0601,1,126
2106,87.69633,1217.494,489.863,214.2255,86.1944,1,134
2107,87.73795,1218.169,490.839,214.3442,86.3662,1,132
2108,87.77957,1218.363,491.436,214.3785,86.4711,1,120
2109,87.82120,1218.778,491.900,214.4514,86.5528,1,116
2110,87.86282,1218.577,492.255,214.4161,86.6152,1,108
2111,87.90444,1219.115,492.035,214.5108,86.5766,1,131
2112,87.94606,1218.822,492.972,214.4593,86.7414,1,136
2113,87.98768,1218.869,492.729,214.4674,86.6986,1,120
2114,88.02930,1218.414,493.724,214.3874,86.8738,1,108
2115,88.07092,1218.330,493.625,214.3726,86.8563,1,130
2116,88.11255,1218.570,494.340,214.4148,86.9822,1,133
2117,88.15417,1218.510,495.012,214.4044,87.1003,1,127
2118,88.19579,1218.819,495.572,214.4587,87.1989,1,131
2119,88.23741,1218.515,495.963,214.4052,87.2678,1,105
2120,88.27903,1219.085,496.007,214.5055,87.2754,1,131
2121,88.32065,1218.859,496.318,214.4657,87.3302,1,115
2122,88.36227,1218.805,496.614,214.4562,87.3823,1,120
2123,88.40390,1218.572,496.770,214.4152,87.4097,1,128
2124,88.44552,1218.085,496.854,214.3296,87.4245,1,121
2125,88.48714,1218.234,496.924,214.3557,87.4368,1,135
2126,88.52876,1218.447,497.362,214.3932,87.5140,1,128
2127,88.57038,1217.872,497.679,214.2920,87.5696,1,136
2128,88.61200,1218.276,498.430,214.3631,87.7019,1,124
2129,88.65362,1218.054,498.550,214.3241,87.7229,1,115
2130,88.69525,1218.789,499.129,214.4534,87.8248,1,137
2131,88.73687,1218.965,499.831,214.4843,87.9484,1,135
2132,88.77849,1218.956,500.138,214.4827,88.0024,1,128
2133,88.82011,1218.808,500.634,214.4568,88.0896,1,120
2134,88.86173,1218.249,500.594,214.3584,88.0825,1,123
2135,88.90335,1218.290,500.949,214.3656,88.1450,1,145
2136,88.94497,1217.653,501.480,214.2535,88.2385,1,135
2137,88.98660,1216.930,502.139,214.1263,88.3545,1,138
2138,89.02822,1216.326,502.672,214.0200,88.4483,1,136
2139,89.06984,1215.660,503.215,213.9028,88.5438,1,112
2140,89.11146,1215.534,503.457,213.8807,88.5864,1,120
2141,89.15308,1215.948,504.265,213.9534,88.7284,1,131
2142,89.19470,1215.370,504.747,213.8519,88.8134,1,120
2143,89.23632,1215.011,505.507,213.7887,88.9471,1,129
2144,89.27795,1213.930,505.570,213.5984,88.9582,1,132
2145,89.31957,1212.895,505.177,213.4163,88.8889,1,128
2146,89.36119,1212.810,505.222,213.4014,88.8969,1,132
2147,89.40281,1212.262,505.126,213.3049,88.8800,1,132
2148,89.44443,1211.995,505.966,213.2580,89.0278,1,116
2149,89.48605,1211.253,506.449,213.1273,89.1129,1,132
2150,89.52767,1210.237,507.237,212.9486,89.2514,1,124
2151,89.56930,1210.005,507.409,212.9078,89.2818,1,134
2152,89.61092,1209.989,507.733,212.9049,89.3388,1,128
2153,89.65254,1210.043,508.679,212.9146,89.5051,1,126
2154,89.69416,1209.629,509.592,212.8416,89.6659,1,136
2155,89.73578,1208.940,510.055,212.7204,89.7473,1,136
2156,89.77740,1208.167,510.329,212.5844,89.7955,1,116
2157,89.81902,1207.836,509.982,212.5261,89.7344,1,125
2158,89.86065,1208.083,509.997,212.5696,89.7372,1,128
2159,89.90227,1207.899,510.532,212.5372,89.8312,1,109
2160,89.94389,1207.712,511.960,212.5044,90.0825,1,134
2161,89.98551,1206.478,512.894,212.2872,90.2469,1,125
2162,90.02713,1205.768,513.983,212.1622,90.4385,1,118
2163,90.06875,1205.019,514.622,212.0304,90.5509,1,116
2164,90.11037,1204.970,515.022,212.0219,90.6213,1,134
2165,90.15200,1205.548,515.776,212.1236,90.7540,1,130
2166,90.19362,1205.451,516.788,212.1064,90.9320,1,129
2167,90.23524,1205.364,517.841,212.0911,91.1173,1,116
2168,90.27686,1204.395,518.957,211.9207,91.3137,1,128
2169,90.31848,1203.052,519.393,211.6844,91.3904,1,112
2170,90.36010,1202.139,519.690,211.5238,91.4426,1,114
2171,90.40172,1201.382,519.437,211.3905,91.3982,1,137
2172,90.44335,1201.179,520.171,211.3549,91.5273,1,126
2173,90.48497,1201.370,520.662,211.3885,91.6137,1,120
2174,90.52659,1201.047,522.082,211.3316,91.8635,1,118
2175,90.56821,1200.516,523.477,211.2381,92.1090,1,120
2176,90.60983,1199.455,524.127,211.0514,92.2233,1,128
2177,90.65145,1198.601,524.414,210.9012,92.2739,1,128
2178,90.69307,1198.478,524.169,210.8796,92.2307,1,127
2179,90.73470,1198.778,524.005,210.9323,92.2019,1,134
2180,90.77632,1198.959,524.469,210.9641,92.2835,1,123
2181,90.81794,1198.652,525.208,210.9101,92.4135,1,116
2182,90.85956,1197.595,525.946,210.7242,92.5434,1,132
2183,90.90118,1196.300,526.070,210.4964,92.5652,1,128
2184,90.94280,1195.770,525.913,210.4031,92.5376,1,115
2185,90.98442,1195.894,525.691,210.4248,92.4985,1,123
2186,91.02605,1196.260,526.443,210.4893,92.6309,1,123
2187,91.06767,1196.361,527.152,210.5070,92.7556,1,127
2188,91.10929,1195.533,528.234,210.3614,92.9460,1,137
2189,91.15091,1194.680,528.105,210.2112,92.9233,1,143
2190,91.19253,1194.028,527.598,210.0965,92.8340,1,114
2191,91.23415,1194.029,526.887,210.0968,92.7090,1,131
2192,91.27577,1194.309,526.864,210.1460,92.7050,1,128
2193,91.31740,1193.810,527.202,210.0582,92.7644,1,128
2194,91.35902,1192.694,527.472,209.8619,92.8120,1,127
2195,91.40064,1192.080,526.947,209.7538,92.7196,1,130
2196,91.44226,1191.684,526.686,209.6841,92.6737,1,116
2197,91.48388,1191.790,526.385,209.7028,92.6206,1,124
2198,91.52550,1191.735,526.600,209.6930,92.6585,1,139
2199,91.56712,1191.140,526.420,209.5883,92.6268,1,140
2200,91.60875,1190.945,526.208,209.5541,92.5895,1,122
2201,91.65037,1190.624,525.384,209.4975,92.4445,1,132
2202,91.69199,1190.728,525.059,209.5159,92.3873,1,120
2203,91.73361,1190.152,524.516,209.4145,92.2918,1,123
2204,91.77523,1189.545,523.629,209.3078,92.1357,1,137
2205,91.81685,1188.816,522.396,209.1794,91.9188,1,124
2206,91.85847,1188.961,521.180,209.2050,91.7048,1,140
2207,91.90010,1188.914,520.491,209.1967,91.5836,1,128
2208,91.94172,1188.821,520.503,209.1803,91.5857,1,132
2209,91.98334,1188.035,519.897,209.0420,91.4790,1,120
2210,92.02496,1187.531,519.418,208.9533,91.3947,1,127
2211,92.06658,1186.739,517.930,208.8140,91.1329,1,122
2212,92.10820,1187.511,516.792,208.9499,90.9327,1,130
2213,92.14982,1187.707,516.041,208.9843,90.8006,1,141
2214,92.19145,1187.597,515.766,208.9650,90.7523,1,135
2215,92.23307,1187.017,515.108,208.8630,90.6364,1,136
2216,92.27469,1185.964,513.980,208.6777,90.4380,1,124
2217,92.31631,1185.602,512.507,208.6139,90.1788,1,119
2218,92.35793,1186.346,511.155,208.7448,89.9408,1,124
2219,92.39955,1186.863,511.007,208.8359,89.9149,1,138
2220,92.44117,1186.851,510.863,208.8337,89.8895,1,120
2221,92.48280,1186.506,510.169,208.7730,89.7674,1,136
2222,92.52442,1186.672,509.440,208.8022,89.6392,1,112
2223,92.56604,1187.274,507.955,208.9081,89.3778,1,112
2224,92.60766,1188.454,507.493,209.1159,89.2965,1,127
2225,92.64928,1188.657,507.334,209.1514,89.2686,1,130
2226,92.69090,1188.496,506.396,209.1232,89.1035,1,128
2227,92.73252,1188.560,505.466,209.1344,88.9398,1,122
2228,92.77414,1188.982,503.982,209.2087,88.6787,1,120
2229,92.81577,1190.086,503.417,209.4029,88.5793,1,120
2230,92.85739,1190.098,503.503,209.4050,88.5944,1,124
2231,92.89901,1190.034,503.167,209.3937,88.5353,1,120
2232,92.94063,1189.984,503.041,209.3849,88.5132,1,124
2233,92.98225,1190.416,502.534,209.4610,88.4240,1,115
2234,93.02387,1191.677,502.846,209.6829,88.4789,1,144
2235,93.06549,1191.857,503.096,209.7146,88.5229,1,144
2236,93.10712,1192.290,503.231,209.7907,88.5466,1,134
2237,93.14874,1192.366,502.791,209.8040,88.4692,1,128
2238,93.19036,1193.104,502.249,209.9339,88.3738,1,130
2239,93.23198,1193.617,502.506,210.0242,88.4191,1,128
2240,93.27360,1194.165,502.910,210.1206,88.4901,1,127
2241,93.31522,1194.129,502.901,210.1143,88.4885,1,124
2242,93.35684,1194.365,503.154,210.1558,88.5330,1,124
2243,93.39847,1195.522,502.875,210.3595,88.4840,1,112
2244,93.44009,1195.970,503.641,210.4383,88.6187,1,135
2245,93.48171,1196.471,504.287,210.5264,88.7324,1,116
2246,93.52333,1196.711,504.398,210.5687,88.7519,1,131
2247,93.56495,1196.674,504.581,210.5622,88.7841,1,119
2248,93.60657,1197.781,504.122,210.7570,88.7033,1,120
2249,93.64819,1198.907,504.592,210.9551,88.7861,1,134
2250,93.68982,1198.748,504.814,210.9271,88.8251,1,121
2251,93.73144,1199.441,505.109,211.0489,88.8770,1,128
2252,93.77306,1198.936,505.055,210.9602,88.8676,1,118
2253,93.81468,1199.373,504.837,211.0371,88.8292,1,108
2254,93.85630,1200.231,505.440,211.1881,88.9352,1,116
2255,93.89792,1201.203,506.166,211.3590,89.0629,1,134
2256,93.93954,1201.205,507.314,211.3593,89.2650,1,119
2257,93.98117,1201.109,508.460,211.3424,89.4667,1,124
2258,94.02279,1200.578,508.909,211.2491,89.5456,1,123
2259,94.06441,1200.505,508.926,211.2363,89.5486,1,111
2260,94.10603,1200.802,509.328,211.2884,89.6193,1,127
2261,94.14765,1202.013,509.953,211.5016,89.7294,1,132
2262,94.18927,1201.137,511.161,211.3474,89.9419,1,131
2263,94.23089,1200.681,512.222,211.2672,90.1287,1,120
2264,94.27252,1199.411,512.457,211.0438,90.1699,1,140
2265,94.31414,1198.741,512.726,210.9258,90.2174,1,127
2266,94.35576,1198.898,512.987,210.9535,90.2631,1,150
2267,94.39738,1198.871,514.035,210.9488,90.4476,1,126
2268,94.43900,1197.992,515.212,210.7940,90.6547,1,123
2269,94.48062,1196.935,515.442,210.6080,90.6951,1,142
2270,94.52224,1196.187,515.441,210.4764,90.6950,1,112
2271,94.56387,1195.978,514.558,210.4397,90.5397,1,123
2272,94.60549,1196.283,514.382,210.4934,90.5086,1,139
2273,94.64711,1196.610,514.637,210.5508,90.5535,1,123
2274,94.68873,1195.911,514.954,210.4280,90.6093,1,115
2275,94.73035,1195.762,515.143,210.4017,90.6427,1,112
2276,94.77197,1195.385,514.905,210.3353,90.6006,1,117
2277,94.81359,1195.791,515.164,210.4067,90.6462,1,117
2278,94.85522,1196.251,515.168,210.4877,90.6469,1,138
2279,94.89684,1196.388,516.476,210.5118,90.8772,1,138
2280,94.93846,1196.282,516.416,210.4932,90.8666,1,136
2281,94.98008,1196.917,516.638,210.6048,90.9057,1,123
2282,95.02170,1197.380,516.977,210.6864,90.9653,1,128
2283,95.06332,1198.338,517.233,210.8550,91.0104,1,132
2284,95.10494,1198.063,517.542,210.8066,91.0647,1,112
2285,95.14657,1197.765,517.948,210.7540,91.1362,1,124
2286,95.18819,1197.098,517.615,210.6367,91.0775,1,128
2287,95.22981,1196.690,517.552,210.5649,91.0664,1,136
2288,95.27143,1196.095,517.452,210.4602,91.0489,1,126
2289,95.31305,1196.170,517.705,210.4735,91.0933,1,136
2290,95.35467,1195.899,517.237,210.4258,91.0109,1,120
2291,95.39629,1196.197,517.663,210.4782,91.0859,1,128
2292,95.43792,1196.399,517.399,210.5137,91.0396,1,131
2293,95.47954,1197.035,517.705,210.6257,91.0934,1,138
2294,95.52116,1197.394,517.617,210.6889,91.0778,1,114
2295,95.56278,1197.932,517.919,210.7834,91.1310,1,138
2296,95.60440,1197.970,517.396,210.7902,91.0390,1,129
2297,95.64602,1198.713,517.402,210.9208,91.0400,1,120
2298,95.68764,1198.607,517.565,210.9023,91.0687,1,118
2299,95.72927,1199.057,517.393,210.9815,91.0385,1,131
2300,95.77089,1199.531,517.518,211.0648,91.0604,1,134
2301,95.81251,1200.497,518.197,211.2349,91.1799,1,116
2302,95.85413,1200.589,518.657,211.2510,91.2608,1,120
2303,95.89575,1201.671,519.772,211.4413,91.4571,1,132
2304,95.93737,1201.899,520.035,211.4815,91.5034,1,124
2305,95.97899,1202.748,521.548,211.6310,91.7696,1,121
2306,96.02062,1202.674,521.730,211.6178,91.8017,1,123
2307,96.06224,1202.609,522.429,211.6064,91.9245,1,132
2308,96.10386,1202.960,522.802,211.6682,91.9902,1,128
2309,96.14548,1202.471,523.314,211.5822,92.0803,1,126
2310,96.18710,1202.034,523.361,211.5052,92.0886,1,139
2311,96.22872,1201.904,523.355,211.4824,92.0875,1,130
2312,96.27034,1202.165,523.588,211.5283,92.1286,1,124
2313,96.31197,1201.958,524.099,211.4918,92.2184,1,110
2314,96.35359,1202.466,524.278,211.5812,92.2499,1,146
2315,96.39521,1202.849,524.407,211.6486,92.2726,1,132
2316,96.43683,1203.674,525.040,211.7938,92.3840,1,112
2317,96.47845,1203.488,525.441,211.7610,92.4546,1,131
2318,96.52007,1203.634,525.182,211.7868,92.4090,1,139
2319,96.56169,1204.260,526.128,211.8970,92.5754,1,127
2320,96.60332,1203.934,526.532,211.8396,92.6465,1,119
2321,96.64494,1203.338,526.467,211.7346,92.6350,1,128
2322,96.68656,1204.360,526.189,211.9145,92.5862,1,131
2323,96.72818,1203.977,527.197,211.8472,92.7636,1,116
2324,96.76980,1203.540,527.191,211.7703,92.7624,1,124
2325,96.81142,1204.188,527.315,211.8842,92.7843,1,129
2326,96.85304,1204.413,528.506,211.9239,92.9939,1,132
2327,96.89467,1204.225,528.885,211.8909,93.0606,1,122
2328,96.93629,1204.126,529.036,211.8733,93.0871,1,136
2329,96.97791,1204.492,529.402,211.9378,93.1516,1,127
2330,97.01953,1204.259,529.709,211.8968,93.2055,1,121
2331,97.06115,1203.780,529.862,211.8125,93.2324,1,124
2332,97.10277,1204.176,529.397,211.8821,93.1507,1,120
2333,97.14439,1204.292,530.606,211.9026,93.3634,1,142
2334,97.18602,1203.516,530.479,211.7660,93.3411,1,126
2335,97.22764,1203.757,530.801,211.8084,93.3977,1,124
2336,97.26926,1204.061,531.122,211.8620,93.4542,1,136
2337,97.31088,1203.466,531.920,211.7573,93.5946,1,135
2338,97.35250,1203.161,531.758,211.7035,93.5661,1,147
2339,97.39412,1203.432,532.168,211.7513,93.6383,1,124
2340,97.43574,1202.734,532.611,211.6284,93.7162,1,119
2341,97.47737,1202.929,532.514,211.6627,93.6992,1,119
2342,97.51899,1202.570,532.844,211.5996,93.7572,1,136
2343,97.56061,1202.593,532.525,211.6037,93.7010,1,127
2344,97.60223,1202.342,532.866,211.5594,93.7610,1,118
2345,97.64385,1201.556,532.630,211.4211,93.7195,1,132
2346,97.68547,1201.296,532.345,211.3754,93.6694,1,147
2347,97.72709,1201.445,532.922,211.4016,93.7709,1,129
2348,97.76872,1200.849,532.741,211.2967,93.7391,1,111
2349,97.81034,1200.984,532.868,211.3204,93.7613,1,127
2350,97.85196,1201.336,532.288,211.3825,93.6593,1,124
2351,97.89358,1201.075,532.899,211.3366,93.7669,1,122
2352,97.93520,1200.853,532.154,211.2974,93.6357,1,131
2353,97.97682,1201.083,532.011,211.3378,93.6106,1,128
2354,98.01844,1201.340,532.295,211.3832,93.6605,1,136
2355,98.06007,1201.001,532.241,211.3235,93.6510,1,132
2356,98.10169,1200.612,531.748,211.2550,93.5644,1,126
2357,98.14331,1200.916,532.043,211.3085,93.6163,1,120
2358,98.18493,1200.106,531.904,211.1660,93.5917,1,120
2359,98.22655,1199.301,531.804,211.0244,93.5742,1,128
2360,98.26817,1199.665,531.035,211.0885,93.4388,1,138
2361,98.30979,1199.036,531.912,210.9778,93.5932,1,131
2362,98.35142,1198.165,530.652,210.8244,93.3715,1,124
2363,98.39304,1198.752,530.318,210.9277,93.3127,1,120
2364,98.43466,1198.445,529.831,210.8738,93.2270,1,120
2365,98.47628,1197.747,528.975,210.7509,93.0765,1,127
2366,98.51790,1198.155,527.280,210.8227,92.7782,1,124
2367,98.55952,1198.249,527.194,210.8393,92.7631,1,124
2368,98.60114,1197.459,526.058,210.7003,92.5632,1,126
2369,98.64277,1197.704,525.160,210.7433,92.4051,1,119
2370,98.68439,1197.818,524.683,210.7635,92.3212,1,127
2371,98.72601,1197.604,524.157,210.7257,92.2287,1,128
2372,98.76763,1197.489,523.251,210.7056,92.0692,1,132
2373,98.80925,1198.153,522.583,210.8223,91.9516,1,135
2374,98.85087,1198.299,521.731,210.8481,91.8018,1,126
2375,98.89249,1198.373,521.352,210.8610,91.7351,1,134
2376,98.93412,1198.822,519.572,210.9400,91.4219,1,135
2377,98.97574,1199.600,519.331,211.0770,91.3794,1,123
2378,99.01736,1199.865,518.217,211.1237,91.1835,1,127
2379,99.05898,1200.141,517.531,211.1722,91.0628,1,138
2380,99.10060,1200.773,516.765,211.2833,90.9280,1,124
2381,99.14222,1201.299,516.455,211.3760,90.8734,1,126
2382,99.18384,1201.379,516.271,211.3899,90.8411,1,124
2383,99.22547,1201.911,515.732,211.4835,90.7462,1,141
2384,99.26709,1202.729,515.772,211.6276,90.7533,1,124
2385,99.30871,1202.913,515.971,211.6600,90.7883,1,128
2386,99.35033,1202.866,515.423,211.6517,90.6918,1,131
2387,99.39195,1204.468,515.078,211.9336,90.6312,1,132
2388,99.43357,1204.501,515.493,211.9393,90.7042,1,111
2389,99.47519,1204.714,514.701,211.9768,90.5649,1,129
2390,99.51682,1205.826,514.370,212.1725,90.5066,1,124
2391,99.55844,1205.915,515.146,212.1882,90.6431,1,122
2392,99.60006,1205.575,514.544,212.1283,90.5371,1,132
2393,99.64168,1206.563,514.962,212.3021,90.6108,1,132
2394,99.68330,1206.346,515.470,212.2640,90.7001,1,127
2395,99.72492,1206.399,515.642,212.2732,90.7303,1,140
2396,99.76654,1206.475,515.420,212.2866,90.6913,1,130
2397,99.80816,1207.198,516.112,212.4138,90.8131,1,125
2398,99.84979,1206.441,516.178,212.2807,90.8246,1,130
2399,99.89141,1207.077,515.654,212.3926,90.7325,1,131
2400,99.93303,1207.249,516.208,212.4228,90.8300,1,125
2401,99.97465,1207.085,516.059,212.3940,90.8037,1,135
2402,100.01627,1206.866,515.569,212.3555,90.7176,1,123
2403,100.05789,1207.585,515.754,212.4820,90.7502,1,138
2404,100.09951,1206.777,516.017,212.3398,90.7964,1,131
2405,100.14114,1206.264,515.408,212.2495,90.6892,1,131
2406,100.18276,1207.152,515.889,212.4058,90.7738,1,135
2407,100.22438,1205.613,516.244,212.1351,90.8363,1,116
2408,100.26600,1206.042,515.412,212.2106,90.6898,1,116
2409,100.30762,1206.388,515.845,212.2713,90.7660,1,131
2410,100.34924,1205.561,515.585,212.1258,90.7204,1,124
2411,100.39086,1206.096,514.216,212.2200,90.4795,1,126
2412,100.43249,1206.679,514.838,212.3226,90.5889,1,128
2413,100.47411,1205.837,513.932,212.1744,90.4295,1,132
2414,100.51573,1206.745,513.250,212.3341,90.3094,1,137
2415,100.55735,1206.842,513.964,212.3512,90.4351,1,140
2416,100.59897,1206.057,513.082,212.2131,90.2799,1,132
2417,100.64059,1207.168,513.061,212.4086,90.2763,1,128
2418,100.68221,1206.474,513.509,212.2865,90.3551,1,119
2419,100.72384,1206.557,513.087,212.3011,90.2808,1,135
2420,100.76546,1207.163,513.123,212.4077,90.2871,1,124
2421,100.80708,1207.063,513.599,212.3901,90.3709,1,123
2422,100.84870,1206.946,513.073,212.3695,90.2784,1,136
2423,100.89032,1207.553,512.847,212.4763,90.2385,1,136
2424,100.93194,1207.478,513.371,212.4631,90.3307,1,121
2425,100.97356,1207.206,512.793,212.4153,90.2291,1,115
2426,101.01519,1207.776,512.693,212.5155,90.2114,1,140
2427,101.05681,1207.330,513.453,212.4372,90.3453,1,123
2428,101.09843,1206.596,512.727,212.3079,90.2174,1,118
2429,101.14005,1207.344,512.835,212.4395,90.2365,1,123
2430,101.18167,1206.562,513.520,212.3020,90.3570,1,138
2431,101.22329,1206.608,512.685,212.3101,90.2101,1,136
2432,101.26491,1207.472,512.706,212.4620,90.2137,1,136
2433,101.30654,1206.874,513.276,212.3569,90.3140,1,140
2434,101.34816,1207.506,512.029,212.4681,90.0946,1,122
2435,101.38978,1208.249,512.869,212.5988,90.2424,1,132
2436,101.43140,1207.799,512.586,212.5196,90.1927,1,122
2437,101.47302,1208.332,512.055,212.6134,90.0993,1,128
2438,101.51464,1208.903,512.540,212.7140,90.1845,1,135
2439,101.55626,1207.916,512.766,212.5402,90.2244,1,124
