frame,t_s,t_b_s,a_ok,a_x_px,a_y_px,a_x_mm,a_y_mm,a_area,b_ok,b_h_px,b_z_px,b_h_mm,b_z_mm,b_area
1,0.000000,0.000000,1,905.267273,750.410156,117.048584,97.025978,7,0,0.000000,0.000000,0.000000,0.000000,0
2,0.066650,0.066650,1,880.865234,756.456543,113.893463,97.807755,13,0,0.000000,0.000000,0.000000,0.000000,0
4,0.100098,0.100098,1,870.591187,759.618774,112.565056,98.216629,11,0,0.000000,0.000000,0.000000,0.000000,0
5,0.133545,0.133545,1,856.550415,763.093018,110.749619,98.665840,4,0,0.000000,0.000000,0.000000,0.000000,0
6,0.166748,0.166748,1,845.180725,764.771057,109.279556,98.882805,10,0,0.000000,0.000000,0.000000,0.000000,0
8,0.200195,0.200195,1,834.453247,766.836914,107.892517,99.149918,13,0,0.000000,0.000000,0.000000,0.000000,0
9,0.233398,0.233398,1,822.750916,767.271057,106.379440,99.206047,8,0,0.000000,0.000000,0.000000,0.000000,0
10,0.266846,0.266846,1,811.442383,767.586792,104.917282,99.246872,19,0,0.000000,0.000000,0.000000,0.000000,0
11,0.300049,0.300049,1,803.429504,768.001343,103.881241,99.300468,22,0,0.000000,0.000000,0.000000,0.000000,0
13,0.333496,0.333496,1,790.688782,766.613831,102.233894,99.121071,11,0,0.000000,0.000000,0.000000,0.000000,0
14,0.366699,0.366699,1,778.835266,765.435303,100.701271,98.968689,11,0,0.000000,0.000000,0.000000,0.000000,0
15,0.400146,0.400146,1,772.333313,765.644470,99.860588,98.995728,3,0,0.000000,0.000000,0.000000,0.000000,0
16,0.433594,0.433594,1,756.340149,762.571411,97.792709,98.598396,9,0,0.000000,0.000000,0.000000,0.000000,0
17,0.466797,0.466797,1,748.682556,760.671936,96.802605,98.352798,6,0,0.000000,0.000000,0.000000,0.000000,0
19,0.500244,0.500244,0,0.000000,0.000000,0.000000,0.000000,0,0,0.000000,0.000000,0.000000,0.000000,0
20,0.533447,0.533447,1,727.536560,756.099792,94.068489,97.761635,14,0,0.000000,0.000000,0.000000,0.000000,0
21,0.566895,0.566895,1,719.623657,753.107544,93.045372,97.374741,3,0,0.000000,0.000000,0.000000,0.000000,0
23,0.633545,0.633545,0,0.000000,0.000000,0.000000,0.000000,0,0,0.000000,0.000000,0.000000,0.000000,0
25,0.666748,0.666748,1,694.362183,737.010803,89.779129,95.293480,6,0,0.000000,0.000000,0.000000,0.000000,0
26,0.700195,0.700195,1,683.799988,731.572815,88.413467,94.590363,12,0,0.000000,0.000000,0.000000,0.000000,0
27,0.733643,0.733643,1,677.570801,728.869263,87.608047,94.240807,14,0,0.000000,0.000000,0.000000,0.000000,0
29,0.766846,0.766846,1,668.735352,721.849854,86.465652,93.333214,12,0,0.000000,0.000000,0.000000,0.000000,0
30,0.800293,0.800293,1,664.005432,717.367554,85.854080,92.753662,11,0,0.000000,0.000000,0.000000,0.000000,0
31,0.833496,0.833496,1,657.369446,708.949036,84.996071,91.665169,5,0,0.000000,0.000000,0.000000,0.000000,0
33,0.866943,0.866943,1,650.015137,701.030273,84.045181,90.641296,4,0,0.000000,0.000000,0.000000,0.000000,0
34,0.900146,0.900146,1,646.563843,697.548279,83.598938,90.191086,10,0,0.000000,0.000000,0.000000,0.000000,0
35,0.933594,0.933594,1,639.346008,689.261597,82.665688,89.119637,7,0,0.000000,0.000000,0.000000,0.000000,0
37,1.000244,1.000244,1,628.051880,677.977783,81.205383,87.660667,4,0,0.000000,0.000000,0.000000,0.000000,0
39,1.033691,1.033691,1,623.222229,671.437012,80.580925,86.814972,8,0,0.000000,0.000000,0.000000,0.000000,0
40,1.066895,1.066895,1,618.200012,664.321960,79.931564,85.895012,11,0,0.000000,0.000000,0.000000,0.000000,0
41,1.100342,1.100342,1,613.963135,656.363159,79.383759,84.865959,11,0,0.000000,0.000000,0.000000,0.000000,0
42,1.133545,1.133545,1,611.461548,650.388306,79.060303,84.093422,14,0,0.000000,0.000000,0.000000,0.000000,0
43,1.166992,1.166992,1,608.415100,644.767273,78.666405,83.366646,10,0,0.000000,0.000000,0.000000,0.000000,0
44,1.200195,1.200195,1,605.670288,638.953125,78.311508,82.614891,16,0,0.000000,0.000000,0.000000,0.000000,0
45,1.233643,1.233643,1,603.362793,630.944214,78.013161,81.579353,6,0,0.000000,0.000000,0.000000,0.000000,0
46,1.300293,1.300293,1,597.413269,622.683655,77.243896,80.511292,12,0,0.000000,0.000000,0.000000,0.000000,0
47,1.333740,1.333740,1,595.859741,615.579163,77.043030,79.592705,7,0,0.000000,0.000000,0.000000,0.000000,0
49,1.366943,1.366943,1,595.983032,609.000000,77.058975,78.742035,2,0,0.000000,0.000000,0.000000,0.000000,0
50,1.400391,1.400391,1,587.033875,605.525452,75.901878,78.292778,4,0,0.000000,0.000000,0.000000,0.000000,0
51,1.433594,1.433594,1,588.049011,597.049011,76.033127,77.196800,6,0,0.000000,0.000000,0.000000,0.000000,0
52,1.467041,1.467041,1,583.762695,589.762695,75.478920,76.254707,8,0,0.000000,0.000000,0.000000,0.000000,0
53,1.500244,1.500244,1,581.042786,581.415894,75.127243,75.175484,10,0,0.000000,0.000000,0.000000,0.000000,0
54,1.533691,1.533691,0,0.000000,0.000000,0.000000,0.000000,0,0,0.000000,0.000000,0.000000,0.000000,0
55,1.566895,1.566895,1,576.024780,568.933899,74.478432,73.561592,4,0,0.000000,0.000000,0.000000,0.000000,0
56,1.600342,1.600342,1,573.018616,559.855835,74.089737,72.387825,7,0,0.000000,0.000000,0.000000,0.000000,0
57,1.633789,1.633789,0,0.000000,0.000000,0.000000,0.000000,0,0,0.000000,0.000000,0.000000,0.000000,0
58,1.666992,1.666992,0,0.000000,0.000000,0.000000,0.000000,0,0,0.000000,0.000000,0.000000,0.000000,0
59,1.733643,1.733643,1,567.000000,536.333313,73.311546,69.346436,3,0,0.000000,0.000000,0.000000,0.000000,0
61,1.767090,1.767090,1,563.597961,525.701050,72.871674,67.971703,3,0,0.000000,0.000000,0.000000,0.000000,0
62,1.800293,1.800293,1,559.000000,519.000000,72.277168,67.105278,1,0,0.000000,0.000000,0.000000,0.000000,0
63,1.833740,1.833740,1,559.000000,509.000000,72.277168,65.812309,1,0,0.000000,0.000000,0.000000,0.000000,0
64,1.866943,1.866943,1,561.696655,505.000000,72.625839,65.295120,3,0,0.000000,0.000000,0.000000,0.000000,0
65,1.900391,1.900391,1,557.000000,497.000000,72.018578,64.260742,1,0,0.000000,0.000000,0.000000,0.000000,0
66,1.933838,1.933838,0,0.000000,0.000000,0.000000,0.000000,0,0,0.000000,0.000000,0.000000,0.000000,0
67,1.967041,1.967041,0,0.000000,0.000000,0.000000,0.000000,0,0,0.000000,0.000000,0.000000,0.000000,0
68,2.000488,2.000488,0,0.000000,0.000000,0.000000,0.000000,0,0,0.000000,0.000000,0.000000,0.000000,0
69,2.033691,2.033691,1,555.000000,463.000000,71.759979,59.864632,1,0,0.000000,0.000000,0.000000,0.000000,0
70,2.100342,2.100342,0,0.000000,0.000000,0.000000,0.000000,0,0,0.000000,0.000000,0.000000,0.000000,0
72,2.133789,2.133789,1,555.000000,440.956055,71.759979,57.014408,3,0,0.000000,0.000000,0.000000,0.000000,0
73,2.166992,2.166992,0,0.000000,0.000000,0.000000,0.000000,0,0,0.000000,0.000000,0.000000,0.000000,0
74,2.200439,2.200439,1,557.269409,427.261230,72.053406,55.243706,8,0,0.000000,0.000000,0.000000,0.000000,0
75,2.233643,2.233643,1,558.033325,419.000000,72.152184,54.175552,2,0,0.000000,0.000000,0.000000,0.000000,0
76,2.267090,2.267090,1,561.000000,414.016937,72.535767,53.531258,2,0,0.000000,0.000000,0.000000,0.000000,0
77,2.300537,2.300537,1,561.990112,403.059418,72.663780,52.114479,6,0,0.000000,0.000000,0.000000,0.000000,0
78,2.333740,2.333740,0,0.000000,0.000000,0.000000,0.000000,0,0,0.000000,0.000000,0.000000,0.000000,0
79,2.367188,2.367188,0,0.000000,0.000000,0.000000,0.000000,0,0,0.000000,0.000000,0.000000,0.000000,0
80,2.400391,2.400391,1,565.000000,380.016937,73.052956,49.135151,2,0,0.000000,0.000000,0.000000,0.000000,0
81,2.467041,2.467041,1,573.000000,361.043945,74.087334,46.681995,3,0,0.000000,0.000000,0.000000,0.000000,0
83,2.500488,2.500488,0,0.000000,0.000000,0.000000,0.000000,0,0,0.000000,0.000000,0.000000,0.000000,0
84,2.533691,2.533691,0,0.000000,0.000000,0.000000,0.000000,0,0,0.000000,0.000000,0.000000,0.000000,0
85,2.567139,2.567139,0,0.000000,0.000000,0.000000,0.000000,0,0,0.000000,0.000000,0.000000,0.000000,0
86,2.600586,2.600586,0,0.000000,0.000000,0.000000,0.000000,0,0,0.000000,0.000000,0.000000,0.000000,0
87,2.633789,2.633789,0,0.000000,0.000000,0.000000,0.000000,0,0,0.000000,0.000000,0.000000,0.000000,0
88,2.667236,2.667236,1,597.000000,321.000000,77.190468,41.504421,1,0,0.000000,0.000000,0.000000,0.000000,0
89,2.700439,2.700439,0,0.000000,0.000000,0.000000,0.000000,0,0,0.000000,0.000000,0.000000,0.000000,0
90,2.733887,2.733887,1,608.052612,303.992493,78.619537,39.305397,4,0,0.000000,0.000000,0.000000,0.000000,0
91,2.767090,2.767090,1,614.033325,298.033325,79.392830,38.534893,2,0,0.000000,0.000000,0.000000,0.000000,0
92,2.800537,2.800537,0,0.000000,0.000000,0.000000,0.000000,0,0,0.000000,0.000000,0.000000,0.000000,0
93,2.833740,2.833740,1,626.821899,283.664398,81.046356,36.677029,9,0,0.000000,0.000000,0.000000,0.000000,0
94,2.867188,2.867188,1,633.000000,275.000000,81.845169,35.556747,1,0,0.000000,0.000000,0.000000,0.000000,0
95,2.900635,2.900635,1,637.790100,271.851837,82.464516,35.149700,5,0,0.000000,0.000000,0.000000,0.000000,0
96,2.933838,2.933838,1,645.000000,267.000000,83.396736,34.522369,1,0,0.000000,0.000000,0.000000,0.000000,0
97,2.967285,2.967285,0,0.000000,0.000000,0.000000,0.000000,0,0,0.000000,0.000000,0.000000,0.000000,0
98,3.000488,3.000488,1,660.973328,253.017776,85.462044,32.714504,7,0,0.000000,0.000000,0.000000,0.000000,0
99,3.033936,3.033936,1,665.992371,248.083969,86.110992,32.076580,4,0,0.000000,0.000000,0.000000,0.000000,0
100,3.067139,3.067139,1,675.000000,241.000000,87.275650,31.160641,1,0,0.000000,0.000000,0.000000,0.000000,0
101,3.100586,3.100586,1,680.853882,234.406387,88.032547,30.308105,7,0,0.000000,0.000000,0.000000,0.000000,0
102,3.133789,3.133789,1,689.000000,228.030304,89.085815,29.483694,2,0,0.000000,0.000000,0.000000,0.000000,0
103,3.167236,3.167236,1,697.000000,225.000000,90.120193,29.091885,1,0,0.000000,0.000000,0.000000,0.000000,0
104,3.200684,3.200684,1,705.000000,217.000000,91.154572,28.057507,1,0,0.000000,0.000000,0.000000,0.000000,0
105,3.233887,3.233887,1,713.000000,212.000000,92.188950,27.411020,2,0,0.000000,0.000000,0.000000,0.000000,0
106,3.267334,3.267334,1,716.646301,211.450165,92.660408,27.339928,10,0,0.000000,0.000000,0.000000,0.000000,0
107,3.300537,3.300537,0,0.000000,0.000000,0.000000,0.000000,0,0,0.000000,0.000000,0.000000,0.000000,0
108,3.333984,3.333984,1,735.735046,200.678070,95.128525,25.947124,21,0,0.000000,0.000000,0.000000,0.000000,0
109,3.367188,3.367188,1,741.000000,201.000000,95.809273,25.988750,1,0,0.000000,0.000000,0.000000,0.000000,0
110,3.400635,3.400635,1,754.742859,191.878571,97.586189,24.809374,9,0,0.000000,0.000000,0.000000,0.000000,0
111,3.433838,3.433838,1,758.016968,187.983047,98.009514,24.305695,2,0,0.000000,0.000000,0.000000,0.000000,0
112,3.467285,3.467285,1,769.000000,183.966660,99.429596,23.786386,2,0,0.000000,0.000000,0.000000,0.000000,0
113,3.500732,3.500732,1,781.487793,179.032516,101.044235,23.148415,4,0,0.000000,0.000000,0.000000,0.000000,0
114,3.533936,3.533936,0,0.000000,0.000000,0.000000,0.000000,0,0,0.000000,0.000000,0.000000,0.000000,0
116,3.567383,3.567383,1,801.000000,175.000000,103.567108,22.627022,1,0,0.000000,0.000000,0.000000,0.000000,0
117,3.600586,3.600586,1,815.681824,165.659088,105.465424,21.419268,3,0,0.000000,0.000000,0.000000,0.000000,0
118,3.634033,3.634033,0,0.000000,0.000000,0.000000,0.000000,0,0,0.000000,0.000000,0.000000,0.000000,0
119,3.667236,3.667236,1,841.000000,161.000000,108.738998,20.816860,1,0,0.000000,0.000000,0.000000,0.000000,0
120,3.700684,3.700684,1,851.528992,163.608688,110.100365,21.154156,9,0,0.000000,0.000000,0.000000,0.000000,0
122,3.733887,3.733887,0,0.000000,0.000000,0.000000,0.000000,0,0,0.000000,0.000000,0.000000,0.000000,0
123,3.767334,3.767334,1,874.000000,163.000000,113.005806,21.075455,2,0,0.000000,0.000000,0.000000,0.000000,0
124,3.800781,3.800781,1,882.000000,162.000000,114.040184,20.946157,2,0,0.000000,0.000000,0.000000,0.000000,0
126,3.833984,3.833984,0,0.000000,0.000000,0.000000,0.000000,0,0,0.000000,0.000000,0.000000,0.000000,0
127,3.867432,3.867432,1,911.451599,169.851608,117.848198,21.961349,5,0,0.000000,0.000000,0.000000,0.000000,0
128,3.900635,3.900635,1,925.171204,170.189972,119.622101,22.005098,15,0,0.000000,0.000000,0.000000,0.000000,0
129,3.934082,3.934082,1,939.000000,175.000000,121.410133,22.627022,1,0,0.000000,0.000000,0.000000,0.000000,0
131,3.967285,3.967285,1,950.589050,177.808212,122.908562,22.990116,5,0,0.000000,0.000000,0.000000,0.000000,0
132,4.000732,4.000732,1,962.431274,180.734604,124.439728,23.368488,7,0,0.000000,0.000000,0.000000,0.000000,0
133,4.033936,4.033936,1,972.420471,184.607956,125.731300,23.869303,11,0,0.000000,0.000000,0.000000,0.000000,0
134,4.067383,4.067383,1,983.536987,190.805450,127.168640,24.670622,16,0,0.000000,0.000000,0.000000,0.000000,0
136,4.100586,4.100586,1,995.309448,194.644699,128.690781,25.167027,11,0,0.000000,0.000000,0.000000,0.000000,0
137,4.134033,4.134033,1,1005.991455,201.000000,130.071945,25.988750,4,0,0.000000,0.000000,0.000000,0.000000,0
138,4.167480,4.167480,1,1014.600952,207.769226,131.185120,26.863993,13,0,0.000000,0.000000,0.000000,0.000000,0
139,4.200684,4.200684,1,1029.000000,215.000000,133.046890,27.798912,1,0,0.000000,0.000000,0.000000,0.000000,0
141,4.234131,4.234131,1,1038.019531,223.289688,134.213074,28.870747,11,0,0.000000,0.000000,0.000000,0.000000,0
142,4.267334,4.267334,1,1047.000000,228.882355,135.374237,29.593863,3,0,0.000000,0.000000,0.000000,0.000000,0
143,4.300781,4.300781,1,1054.051270,236.743591,136.285950,30.610298,10,0,0.000000,0.000000,0.000000,0.000000,0
145,4.367432,4.367432,1,1070.376343,248.354843,138.396729,32.111599,3,0,0.000000,0.000000,0.000000,0.000000,0
147,4.400635,4.400635,1,1079.991577,260.983185,139.639954,33.744411,4,0,0.000000,0.000000,0.000000,0.000000,0
148,4.434082,4.434082,1,911.000000,429.064514,117.789810,55.476868,3,0,0.000000,0.000000,0.000000,0.000000,0
149,4.467529,4.467529,1,1095.487427,275.504211,141.643524,35.621941,4,0,0.000000,0.000000,0.000000,0.000000,0
150,4.500732,4.500732,1,1101.543213,288.957886,142.426514,37.361465,15,0,0.000000,0.000000,0.000000,0.000000,0
151,4.534180,4.534180,1,1105.760010,297.786652,142.971741,38.503002,5,0,0.000000,0.000000,0.000000,0.000000,0
152,4.567383,4.567383,1,1114.333374,306.333344,144.080246,39.608063,3,0,0.000000,0.000000,0.000000,0.000000,0
153,4.600830,4.600830,1,1119.832275,313.347839,144.791245,40.515015,5,0,0.000000,0.000000,0.000000,0.000000,0
154,4.634033,4.634033,1,1123.975586,320.951233,145.326965,41.498116,4,0,0.000000,0.000000,0.000000,0.000000,0
155,4.667480,4.667480,1,1129.033447,328.298706,145.980927,42.448124,16,0,0.000000,0.000000,0.000000,0.000000,0
156,4.700684,4.700684,1,1132.358398,333.754272,146.410843,43.153515,18,0,0.000000,0.000000,0.000000,0.000000,0
157,4.734131,4.734131,1,1138.133911,344.563873,147.157608,44.551163,10,0,0.000000,0.000000,0.000000,0.000000,0
158,4.767578,4.767578,1,1143.575317,353.054810,147.861160,45.649017,7,0,0.000000,0.000000,0.000000,0.000000,0
159,4.800781,4.800781,1,1148.104126,361.175201,148.446716,46.698967,17,0,0.000000,0.000000,0.000000,0.000000,0
160,4.834229,4.834229,1,1152.975708,372.824249,149.076614,48.205154,10,0,0.000000,0.000000,0.000000,0.000000,0
161,4.867432,4.867432,1,1157.041626,383.416656,149.602325,49.574726,6,0,0.000000,0.000000,0.000000,0.000000,0
162,4.900879,4.900879,1,1161.372803,391.346497,150.162323,50.600029,14,0,0.000000,0.000000,0.000000,0.000000,0
163,4.934082,4.934082,1,1166.000000,403.000000,150.760605,52.106796,2,0,0.000000,0.000000,0.000000,0.000000,0
164,4.967529,4.967529,1,1166.351318,410.989197,150.806030,53.139778,12,0,0.000000,0.000000,0.000000,0.000000,0
165,5.000732,5.000732,1,1170.445190,418.936890,151.335358,54.167393,17,0,0.000000,0.000000,0.000000,0.000000,0
166,5.034180,5.034180,1,1173.046021,427.895142,151.671646,55.325672,12,0,0.000000,0.000000,0.000000,0.000000,0
167,5.067627,5.067627,1,1175.651123,435.984985,152.008469,56.371662,17,0,0.000000,0.000000,0.000000,0.000000,0
168,5.100830,5.100830,1,1177.333374,448.729736,152.225983,58.019527,7,0,0.000000,0.000000,0.000000,0.000000,0
169,5.134277,5.134277,1,1180.665894,455.228577,152.656876,58.859810,14,0,0.000000,0.000000,0.000000,0.000000,0
170,5.167480,5.167480,1,1182.069580,464.069580,152.838364,60.002926,15,0,0.000000,0.000000,0.000000,0.000000,0
171,5.200928,5.200928,1,1183.168335,476.375763,152.980438,61.594082,15,0,0.000000,0.000000,0.000000,0.000000,0
172,5.234131,5.234131,1,1184.741333,486.001831,153.183807,62.838707,16,0,0.000000,0.000000,0.000000,0.000000,0
173,5.267578,5.267578,1,1184.640503,495.610474,153.170761,64.081078,16,0,0.000000,0.000000,0.000000,0.000000,0
174,5.300781,5.300781,1,1185.707397,506.838409,153.308716,65.532822,17,0,0.000000,0.000000,0.000000,0.000000,0
175,5.334229,5.334229,1,1186.303711,513.696350,153.385818,66.419525,16,0,0.000000,0.000000,0.000000,0.000000,0
176,5.367676,5.367676,1,1186.333374,523.173462,153.389648,67.644897,11,0,0.000000,0.000000,0.000000,0.000000,0
177,5.400879,5.400879,1,1189.000000,531.978699,153.734451,68.783394,4,0,0.000000,0.000000,0.000000,0.000000,0
178,5.434326,5.434326,1,1185.423828,541.834412,153.272064,70.057709,10,0,0.000000,0.000000,0.000000,0.000000,0
179,5.467529,5.467529,1,907.000000,435.967743,117.272621,56.369434,2,0,0.000000,0.000000,0.000000,0.000000,0
180,5.500977,5.500977,1,907.000000,435.892303,117.272621,56.359684,2,0,0.000000,0.000000,0.000000,0.000000,0
181,5.534180,5.534180,1,1181.298096,565.031372,152.738602,73.057007,8,0,0.000000,0.000000,0.000000,0.000000,0
182,5.567627,5.567627,0,0.000000,0.000000,0.000000,0.000000,0,0,0.000000,0.000000,0.000000,0.000000,0
183,5.600830,5.600830,1,1177.000000,586.033325,152.182877,75.772507,2,0,0.000000,0.000000,0.000000,0.000000,0
184,5.634277,5.634277,1,1171.645874,593.645813,151.490601,76.756783,3,0,0.000000,0.000000,0.000000,0.000000,0
185,5.667725,5.667725,1,1170.635376,601.677063,151.359955,77.795197,6,0,0.000000,0.000000,0.000000,0.000000,0
186,5.700928,5.700928,1,1165.313354,610.744324,150.671829,78.967567,15,0,0.000000,0.000000,0.000000,0.000000,0
187,5.734375,5.734375,1,1162.621460,615.040222,150.323776,79.523018,18,0,0.000000,0.000000,0.000000,0.000000,0
188,5.767578,5.767578,1,1158.739380,623.260620,149.821823,80.585892,22,0,0.000000,0.000000,0.000000,0.000000,0
189,5.801025,5.801025,1,1156.548950,628.832336,149.538620,81.306305,22,0,0.000000,0.000000,0.000000,0.000000,0
190,5.834229,5.834229,1,1152.612915,635.562195,149.029694,82.176453,13,0,0.000000,0.000000,0.000000,0.000000,0
191,5.867676,5.867676,1,1149.554199,643.463501,148.634201,83.198067,12,0,0.000000,0.000000,0.000000,0.000000,0
192,5.900879,5.900879,1,1144.496582,650.722961,147.980286,84.136696,18,0,0.000000,0.000000,0.000000,0.000000,0
193,5.934326,5.934326,1,1139.887817,657.000000,147.384384,84.948303,18,0,0.000000,0.000000,0.000000,0.000000,0
194,5.967773,5.967773,1,1136.312988,663.216064,146.922165,85.752022,11,0,0.000000,0.000000,0.000000,0.000000,0
195,6.000977,6.000977,1,1132.019531,669.526855,146.367020,86.567986,12,0,0.000000,0.000000,0.000000,0.000000,0
196,6.034424,6.034424,1,1128.890381,674.077393,145.962433,87.156364,18,0,0.000000,0.000000,0.000000,0.000000,0
197,6.067627,6.067627,1,1124.651001,680.040405,145.414307,87.927361,17,0,0.000000,0.000000,0.000000,0.000000,0
198,6.101074,6.101074,1,1120.589233,684.267883,144.889130,88.473961,10,0,0.000000,0.000000,0.000000,0.000000,0
199,6.134277,6.134277,1,1116.583008,690.583008,144.371124,89.290489,14,0,0.000000,0.000000,0.000000,0.000000,0
200,6.167725,6.167725,1,1112.537109,695.011230,143.848007,89.863045,20,0,0.000000,0.000000,0.000000,0.000000,0
201,6.200928,6.200928,1,1109.939575,699.063782,143.512146,90.387032,16,0,0.000000,0.000000,0.000000,0.000000,0
202,6.234375,6.234375,1,1104.247437,706.031189,142.776169,91.287903,14,0,0.000000,0.000000,0.000000,0.000000,0
203,6.267578,6.267578,1,1100.195679,708.523132,142.252289,91.610100,14,0,0.000000,0.000000,0.000000,0.000000,0
204,6.301025,6.301025,1,1096.013062,713.793274,141.711487,92.291519,15,0,0.000000,0.000000,0.000000,0.000000,0
205,6.334473,6.334473,1,1092.164185,718.598511,141.213852,92.912827,16,0,0.000000,0.000000,0.000000,0.000000,0
206,6.367676,6.367676,1,1086.429810,722.340759,140.472412,93.396683,12,0,0.000000,0.000000,0.000000,0.000000,0
207,6.401123,6.401123,1,1082.061646,724.471191,139.907608,93.672142,14,0,0.000000,0.000000,0.000000,0.000000,0
208,6.434326,6.434326,1,1077.000000,729.938232,139.253159,94.379013,11,0,0.000000,0.000000,0.000000,0.000000,0
209,6.467773,6.467773,1,1072.787354,731.385193,138.708466,94.566109,18,0,0.000000,0.000000,0.000000,0.000000,0
210,6.500977,6.500977,1,1068.618896,733.893311,138.169495,94.890396,18,0,0.000000,0.000000,0.000000,0.000000,0
211,6.534424,6.534424,1,1063.126709,737.593323,137.459366,95.368797,16,0,0.000000,0.000000,0.000000,0.000000,0
212,6.567627,6.567627,1,1057.954590,739.214294,136.790634,95.578384,17,0,0.000000,0.000000,0.000000,0.000000,0
213,6.601074,6.601074,1,1053.043823,742.055969,136.155685,95.945808,12,0,0.000000,0.000000,0.000000,0.000000,0
214,6.634521,6.634521,1,1047.570557,745.532776,135.448013,96.395348,18,0,0.000000,0.000000,0.000000,0.000000,0
215,6.667725,6.667725,1,1041.827759,748.047241,134.705475,96.720459,20,0,0.000000,0.000000,0.000000,0.000000,0
216,6.701172,6.701172,1,1037.094238,751.430298,134.093445,97.157883,15,0,0.000000,0.000000,0.000000,0.000000,0
217,6.734375,6.734375,1,1030.615845,754.018311,133.255814,97.492500,10,0,0.000000,0.000000,0.000000,0.000000,0
218,6.767822,6.767822,1,1025.008057,754.692322,132.530746,97.579651,21,0,0.000000,0.000000,0.000000,0.000000,0
219,6.801025,6.801025,1,1019.992615,757.007385,131.882248,97.878983,16,0,0.000000,0.000000,0.000000,0.000000,0
220,6.834473,6.834473,1,1013.739746,758.620361,131.073776,98.087532,14,0,0.000000,0.000000,0.000000,0.000000,0
221,6.867676,6.867676,1,1007.546204,759.072266,130.272964,98.145966,14,0,0.000000,0.000000,0.000000,0.000000,0
222,6.901123,6.901123,1,1000.610046,760.484253,129.376144,98.328537,14,0,0.000000,0.000000,0.000000,0.000000,0
223,6.934570,6.934570,1,995.616577,763.219666,128.730499,98.682213,15,0,0.000000,0.000000,0.000000,0.000000,0
224,6.967773,6.967773,1,989.208679,763.866150,127.901970,98.765800,15,0,0.000000,0.000000,0.000000,0.000000,0
225,7.001221,7.001221,1,980.798523,766.229614,126.814568,99.071396,19,0,0.000000,0.000000,0.000000,0.000000,0
226,7.034424,7.034424,1,974.055115,767.654663,125.942657,99.255646,24,0,0.000000,0.000000,0.000000,0.000000,0
227,7.067871,7.067871,1,966.911072,768.357056,125.018951,99.346466,23,0,0.000000,0.000000,0.000000,0.000000,0
228,7.101074,7.101074,1,960.032959,769.559875,124.129631,99.501984,20,0,0.000000,0.000000,0.000000,0.000000,0
229,7.134521,7.134521,1,953.374817,768.691345,123.268753,99.389687,18,0,0.000000,0.000000,0.000000,0.000000,0
230,7.167725,7.167725,1,945.146851,768.818726,122.204903,99.406158,18,0,0.000000,0.000000,0.000000,0.000000,0
231,7.201172,7.201172,1,938.420837,769.305298,121.335243,99.469070,19,0,0.000000,0.000000,0.000000,0.000000,0
232,7.234619,7.234619,1,929.697510,768.416382,120.207344,99.354134,16,0,0.000000,0.000000,0.000000,0.000000,0
233,7.267822,7.267822,1,922.280151,768.086060,119.248299,99.311424,17,0,0.000000,0.000000,0.000000,0.000000,0
234,7.301270,7.301270,1,914.363831,767.799988,118.224739,99.274437,15,0,0.000000,0.000000,0.000000,0.000000,0
235,7.334473,7.334473,1,906.813599,767.143799,117.248512,99.189598,21,0,0.000000,0.000000,0.000000,0.000000,0
236,7.367920,7.367920,1,897.481323,766.423950,116.041878,99.096519,21,0,0.000000,0.000000,0.000000,0.000000,0
237,7.401123,7.401123,1,888.059204,765.201599,114.823624,98.938469,17,0,0.000000,0.000000,0.000000,0.000000,0
238,7.434570,7.434570,1,879.322998,762.621094,113.694054,98.604820,10,0,0.000000,0.000000,0.000000,0.000000,0
239,7.467773,7.467773,1,871.209595,761.329346,112.645012,98.437798,10,0,0.000000,0.000000,0.000000,0.000000,0
240,7.501221,7.501221,1,862.779297,759.855164,111.555000,98.247192,9,0,0.000000,0.000000,0.000000,0.000000,0
241,7.534668,7.534668,1,854.665405,756.204468,110.505898,97.775169,16,0,0.000000,0.000000,0.000000,0.000000,0
242,7.567871,7.567871,1,845.000000,752.783508,109.256187,97.332848,12,0,0.000000,0.000000,0.000000,0.000000,0
243,7.601318,7.601318,1,838.433167,750.194763,108.407112,96.998131,19,0,0.000000,0.000000,0.000000,0.000000,0
244,7.634521,7.634521,1,828.954712,746.439026,107.181572,96.512520,17,0,0.000000,0.000000,0.000000,0.000000,0
245,7.667969,7.667969,1,820.792603,742.422241,106.126236,95.993164,8,0,0.000000,0.000000,0.000000,0.000000,0
246,7.701172,7.701172,1,810.298218,737.028076,104.769348,95.295715,9,0,0.000000,0.000000,0.000000,0.000000,0
247,7.734619,7.734619,1,803.102539,734.107666,103.838966,94.918114,16,0,0.000000,0.000000,0.000000,0.000000,0
248,7.767822,7.767822,1,794.461365,728.642395,102.721680,94.211464,14,0,0.000000,0.000000,0.000000,0.000000,0
249,7.801270,7.801270,1,787.036377,723.243652,101.761650,93.513420,16,0,0.000000,0.000000,0.000000,0.000000,0
250,7.834717,7.834717,1,777.492126,717.031433,100.527603,92.710197,17,0,0.000000,0.000000,0.000000,0.000000,0
251,7.867920,7.867920,1,769.914551,710.741333,99.547844,91.896912,13,0,0.000000,0.000000,0.000000,0.000000,0
252,7.901367,7.901367,1,763.480957,702.751526,98.715996,90.863846,15,0,0.000000,0.000000,0.000000,0.000000,0
253,7.934570,7.934570,1,756.288391,695.291077,97.786018,89.899239,12,0,0.000000,0.000000,0.000000,0.000000,0
254,7.968018,7.968018,1,749.290222,688.458801,96.881172,89.015839,16,0,0.000000,0.000000,0.000000,0.000000,0
255,8.001221,8.001221,1,742.443420,679.165161,95.995903,87.814194,20,0,0.000000,0.000000,0.000000,0.000000,0
256,8.034668,8.034668,1,736.452209,673.095520,95.221260,87.029411,10,0,0.000000,0.000000,0.000000,0.000000,0
257,8.067871,8.067871,1,728.201111,664.206726,94.154411,85.880112,21,0,0.000000,0.000000,0.000000,0.000000,0
258,8.101318,8.101318,1,721.373779,653.373779,93.271652,84.479439,21,0,0.000000,0.000000,0.000000,0.000000,0
259,8.134521,8.134521,1,713.933838,644.046692,92.309692,83.273476,16,0,0.000000,0.000000,0.000000,0.000000,0
260,8.167969,8.167969,1,708.828308,635.411438,91.649567,82.156960,23,0,0.000000,0.000000,0.000000,0.000000,0
261,8.201416,8.201416,1,703.916199,627.240234,91.014435,81.100441,11,0,0.000000,0.000000,0.000000,0.000000,0
262,8.234619,8.234619,1,698.959229,615.404053,90.373520,79.570061,18,0,0.000000,0.000000,0.000000,0.000000,0
263,8.268066,8.268066,1,694.590088,605.144165,89.808594,78.243484,13,0,0.000000,0.000000,0.000000,0.000000,0
264,8.301270,8.301270,1,691.213074,595.288635,89.371956,76.969193,9,0,0.000000,0.000000,0.000000,0.000000,0
265,8.334717,8.334717,1,686.552551,585.928833,88.769363,75.758995,9,0,0.000000,0.000000,0.000000,0.000000,0
266,8.367920,8.367920,1,683.528137,573.551453,88.378319,74.158630,15,0,0.000000,0.000000,0.000000,0.000000,0
267,8.401367,8.401367,1,678.775391,563.171143,87.763802,72.816483,12,0,0.000000,0.000000,0.000000,0.000000,0
268,8.434570,8.434570,1,675.221497,552.382568,87.304291,71.421555,10,0,0.000000,0.000000,0.000000,0.000000,0
269,8.468018,8.468018,1,671.991455,541.017090,86.886658,69.952026,4,0,0.000000,0.000000,0.000000,0.000000,0
270,8.501465,8.501465,1,667.631592,529.084229,86.322937,68.409142,3,0,0.000000,0.000000,0.000000,0.000000,0
271,8.534668,8.534668,1,667.921814,518.531006,86.360466,67.044640,11,0,0.000000,0.000000,0.000000,0.000000,0
272,8.568115,8.568115,1,666.682068,504.989746,86.200165,65.293793,6,0,0.000000,0.000000,0.000000,0.000000,0
273,8.601318,8.601318,1,668.033325,496.033325,86.374878,64.135750,2,0,0.000000,0.000000,0.000000,0.000000,0
274,8.634766,8.634766,1,665.659119,485.659088,86.067902,62.794392,3,0,0.000000,0.000000,0.000000,0.000000,0
275,8.667969,8.667969,1,665.988220,474.937256,86.110458,61.408089,8,0,0.000000,0.000000,0.000000,0.000000,0
276,8.701416,8.701416,1,668.016418,463.000000,86.372688,59.864632,2,0,0.000000,0.000000,0.000000,0.000000,0
277,8.734619,8.734619,1,669.788147,451.347443,86.601776,58.357990,7,0,0.000000,0.000000,0.000000,0.000000,0
278,8.768066,8.768066,1,672.000000,440.000000,86.887764,56.890797,4,0,0.000000,0.000000,0.000000,0.000000,0
279,8.801514,8.801514,0,0.000000,0.000000,0.000000,0.000000,0,0,0.000000,0.000000,0.000000,0.000000,0
280,8.834717,8.834717,1,675.509705,418.113586,87.341553,54.060940,11,0,0.000000,0.000000,0.000000,0.000000,0
281,8.868164,8.868164,1,683.000000,407.000000,88.310028,52.623985,1,0,0.000000,0.000000,0.000000,0.000000,0
282,8.901367,8.901367,1,687.000000,391.000000,88.827217,50.555229,1,0,0.000000,0.000000,0.000000,0.000000,0
283,8.934814,8.934814,1,691.159180,384.305054,89.364983,49.689590,12,0,0.000000,0.000000,0.000000,0.000000,0
284,8.968018,8.968018,1,693.967224,377.000000,89.728058,48.745068,4,0,0.000000,0.000000,0.000000,0.000000,0
285,9.001465,9.001465,1,700.355530,368.288879,90.554054,47.618744,3,0,0.000000,0.000000,0.000000,0.000000,0
286,9.034668,9.034668,1,712.000000,354.000000,92.059654,45.771233,2,0,0.000000,0.000000,0.000000,0.000000,0
287,9.068115,9.068115,1,718.000000,345.000000,92.835434,44.607555,2,0,0.000000,0.000000,0.000000,0.000000,0
288,9.101562,9.101562,0,0.000000,0.000000,0.000000,0.000000,0,0,0.000000,0.000000,0.000000,0.000000,0
289,9.134766,9.134766,1,729.561890,329.590485,94.330360,42.615147,7,0,0.000000,0.000000,0.000000,0.000000,0
290,9.168213,9.168213,1,736.960022,324.613342,95.286911,41.971615,5,0,0.000000,0.000000,0.000000,0.000000,0
291,9.201416,9.201416,1,745.000000,315.000000,96.326462,40.728638,1,0,0.000000,0.000000,0.000000,0.000000,0
292,9.234863,9.234863,1,754.461243,310.575500,97.549774,40.156563,8,0,0.000000,0.000000,0.000000,0.000000,0
293,9.268066,9.268066,1,763.921875,302.500000,98.773010,39.112423,8,0,0.000000,0.000000,0.000000,0.000000,0
294,9.301514,9.301514,1,773.262939,297.291077,99.980782,38.438923,7,0,0.000000,0.000000,0.000000,0.000000,0
295,9.334717,9.334717,1,787.383545,291.410950,101.806541,37.678638,5,0,0.000000,0.000000,0.000000,0.000000,0
296,9.368164,9.368164,1,796.990723,287.018524,103.048721,37.110710,7,0,0.000000,0.000000,0.000000,0.000000,0
297,9.401611,9.401611,1,803.389282,284.973145,103.876030,36.846249,5,0,0.000000,0.000000,0.000000,0.000000,0
298,9.434814,9.434814,1,816.589417,279.834442,105.582771,36.181828,5,0,0.000000,0.000000,0.000000,0.000000,0
299,9.468262,9.468262,1,828.140991,278.790161,107.076363,36.046806,10,0,0.000000,0.000000,0.000000,0.000000,0
300,9.501465,9.501465,1,836.608459,276.936493,108.171188,35.807133,6,0,0.000000,0.000000,0.000000,0.000000,0
301,9.534912,9.534912,0,0.000000,0.000000,0.000000,0.000000,0,0,0.000000,0.000000,0.000000,0.000000,0
302,9.568115,9.568115,1,862.976746,274.519379,111.580528,35.494606,8,0,0.000000,0.000000,0.000000,0.000000,0
303,9.601562,9.601562,1,874.000000,275.000000,113.005806,35.556747,2,0,0.000000,0.000000,0.000000,0.000000,0
304,9.634766,9.634766,1,885.792236,275.467529,114.530510,35.617199,5,0,0.000000,0.000000,0.000000,0.000000,0
305,9.668213,9.668213,1,900.102722,278.164398,116.380821,35.965893,9,0,0.000000,0.000000,0.000000,0.000000,0
306,9.701660,9.701660,1,915.000000,281.000000,118.306999,36.332531,1,0,0.000000,0.000000,0.000000,0.000000,0
307,9.734863,9.734863,0,0.000000,0.000000,0.000000,0.000000,0,0,0.000000,0.000000,0.000000,0.000000,0
308,9.768311,9.768311,1,935.983582,289.000000,121.020119,37.366909,2,0,0.000000,0.000000,0.000000,0.000000,0
309,9.801514,9.801514,1,943.827393,292.248718,122.034302,37.786961,13,0,0.000000,0.000000,0.000000,0.000000,0
310,9.834961,9.834961,0,0.000000,0.000000,0.000000,0.000000,0,0,0.000000,0.000000,0.000000,0.000000,0
311,9.868164,9.868164,1,967.250000,304.652161,125.062775,39.390694,11,0,0.000000,0.000000,0.000000,0.000000,0
312,9.901611,9.901611,1,979.637390,312.362640,126.664429,40.387634,3,0,0.000000,0.000000,0.000000,0.000000,0
313,9.934814,9.934814,1,983.031738,320.026459,127.103317,41.378544,6,0,0.000000,0.000000,0.000000,0.000000,0
314,9.968262,9.968262,1,989.563110,325.757294,127.947800,42.119526,3,0,0.000000,0.000000,0.000000,0.000000,0
315,10.001465,10.001465,1,1001.666687,336.333344,129.512756,43.486980,3,0,0.000000,0.000000,0.000000,0.000000,0
316,10.034912,10.034912,1,1011.412903,348.638702,130.772919,45.078030,5,0,0.000000,0.000000,0.000000,0.000000,0
317,10.068359,10.068359,1,1019.000000,351.000000,131.753906,45.383339,1,0,0.000000,0.000000,0.000000,0.000000,0
318,10.101562,10.101562,1,1027.695679,366.369568,132.878235,47.370583,3,0,0.000000,0.000000,0.000000,0.000000,0
319,10.135010,10.135010,1,1033.339233,376.441956,133.607941,48.672916,13,0,0.000000,0.000000,0.000000,0.000000,0
320,10.168213,10.168213,1,1039.420776,390.060974,134.394257,50.433815,10,0,0.000000,0.000000,0.000000,0.000000,0
321,10.201660,10.201660,1,1043.713745,402.604248,134.949341,52.055626,9,0,0.000000,0.000000,0.000000,0.000000,0
322,10.234863,10.234863,1,1047.800049,413.000000,135.477676,53.399769,5,0,0.000000,0.000000,0.000000,0.000000,0
323,10.268311,10.268311,1,1051.508423,423.333832,135.957153,54.735909,19,0,0.000000,0.000000,0.000000,0.000000,0
324,10.301514,10.301514,1,1052.987305,436.423737,136.148376,56.428394,15,0,0.000000,0.000000,0.000000,0.000000,0
325,10.334961,10.334961,1,1055.188965,449.396332,136.433060,58.105717,10,0,0.000000,0.000000,0.000000,0.000000,0
326,10.368408,10.368408,1,1056.166138,459.966766,136.559387,59.472443,10,0,0.000000,0.000000,0.000000,0.000000,0
327,10.401611,10.401611,1,1057.237183,473.181824,136.697876,61.181114,8,0,0.000000,0.000000,0.000000,0.000000,0
329,10.468262,10.468262,1,1055.536987,499.981476,136.478043,64.646240,7,0,0.000000,0.000000,0.000000,0.000000,0
330,10.501709,10.501709,1,1053.161621,512.563904,136.170914,66.273109,15,0,0.000000,0.000000,0.000000,0.000000,0
331,10.534912,10.534912,1,1050.439941,524.371826,135.819016,67.799843,20,0,0.000000,0.000000,0.000000,0.000000,0
332,10.568359,10.568359,1,1045.644409,535.028198,135.198959,69.177681,16,0,0.000000,0.000000,0.000000,0.000000,0
333,10.601562,10.601562,1,1040.752441,547.080933,134.566437,70.736069,12,0,0.000000,0.000000,0.000000,0.000000,0
334,10.635010,10.635010,1,1034.716797,559.543335,133.786041,72.347427,10,0,0.000000,0.000000,0.000000,0.000000,0
335,10.668457,10.668457,1,1029.004150,570.474792,133.047424,73.760826,15,0,0.000000,0.000000,0.000000,0.000000,0
336,10.701660,10.701660,1,1023.667969,577.838806,132.357468,74.712982,15,0,0.000000,0.000000,0.000000,0.000000,0
337,10.735107,10.735107,1,1017.394104,586.364685,131.546280,75.815353,10,0,0.000000,0.000000,0.000000,0.000000,0
338,10.768311,10.768311,1,1009.123291,597.927551,130.476883,77.310402,18,0,0.000000,0.000000,0.000000,0.000000,0
339,10.801758,10.801758,1,1001.596985,606.611938,129.503754,78.433266,12,0,0.000000,0.000000,0.000000,0.000000,0
340,10.834961,10.834961,1,994.106934,614.800598,128.535309,79.492035,20,0,0.000000,0.000000,0.000000,0.000000,0
341,10.868408,10.868408,1,983.701050,622.015076,127.189857,80.424843,14,0,0.000000,0.000000,0.000000,0.000000,0
342,10.901611,10.901611,1,974.934875,628.394653,126.056412,81.249710,15,0,0.000000,0.000000,0.000000,0.000000,0
343,10.935059,10.935059,1,964.057739,635.247009,124.650024,82.135696,21,0,0.000000,0.000000,0.000000,0.000000,0
344,10.968506,10.968506,1,953.346802,639.489319,123.265129,82.684219,12,0,0.000000,0.000000,0.000000,0.000000,0
345,11.001709,11.001709,1,943.518494,644.056335,121.994362,83.274727,18,0,0.000000,0.000000,0.000000,0.000000,0
346,11.035156,11.035156,1,931.282471,649.610168,120.412277,83.992813,16,0,0.000000,0.000000,0.000000,0.000000,0
347,11.068359,11.068359,1,920.167297,652.638184,118.975113,84.384331,22,0,0.000000,0.000000,0.000000,0.000000,0
348,11.101807,11.101807,1,911.712708,655.115784,117.881958,84.704681,13,0,0.000000,0.000000,0.000000,0.000000,0
349,11.135010,11.135010,1,899.476746,658.654053,116.299881,85.162170,20,0,0.000000,0.000000,0.000000,0.000000,0
350,11.168457,11.168457,1,888.572021,660.662537,114.889931,85.421860,22,0,0.000000,0.000000,0.000000,0.000000,0
351,11.201660,11.201660,1,878.171997,662.159241,113.545235,85.615379,19,0,0.000000,0.000000,0.000000,0.000000,0
352,11.235107,11.235107,1,865.872131,663.070068,111.954903,85.733139,17,0,0.000000,0.000000,0.000000,0.000000,0
353,11.268555,11.268555,1,854.438843,661.405457,110.476601,85.517914,25,0,0.000000,0.000000,0.000000,0.000000,0
354,11.301758,11.301758,1,842.340027,660.450562,108.912262,85.394455,17,0,0.000000,0.000000,0.000000,0.000000,0
355,11.335205,11.335205,1,832.354492,659.033081,107.621155,85.211174,22,0,0.000000,0.000000,0.000000,0.000000,0
356,11.368408,11.368408,1,822.256226,655.766418,106.315483,84.788803,13,0,0.000000,0.000000,0.000000,0.000000,0
357,11.401855,11.401855,1,809.899292,654.559021,104.717766,84.632690,17,0,0.000000,0.000000,0.000000,0.000000,0
358,11.435059,11.435059,1,797.469604,651.095215,103.110641,84.184830,17,0,0.000000,0.000000,0.000000,0.000000,0
359,11.468506,11.468506,1,788.578247,646.897949,101.961006,83.642136,25,0,0.000000,0.000000,0.000000,0.000000,0
360,11.501709,11.501709,1,776.872498,641.262268,100.447487,82.913460,16,0,0.000000,0.000000,0.000000,0.000000,0
361,11.535156,11.535156,1,766.908020,637.213440,99.159111,82.389954,18,0,0.000000,0.000000,0.000000,0.000000,0
362,11.568604,11.568604,1,757.932129,631.416016,97.998550,81.640366,25,0,0.000000,0.000000,0.000000,0.000000,0
363,11.601807,11.601807,1,747.476379,623.754883,96.646652,80.649803,25,0,0.000000,0.000000,0.000000,0.000000,0
364,11.635254,11.635254,1,737.477234,615.971802,95.353783,79.643471,14,0,0.000000,0.000000,0.000000,0.000000,0
365,11.668457,11.668457,1,729.593384,609.059631,94.334427,78.749748,19,0,0.000000,0.000000,0.000000,0.000000,0
366,11.701904,11.701904,1,719.639404,600.029236,93.047401,77.582138,16,0,0.000000,0.000000,0.000000,0.000000,0
367,11.735107,11.735107,1,712.381348,590.500000,92.108963,76.350037,14,0,0.000000,0.000000,0.000000,0.000000,0
368,11.768555,11.768555,1,703.443848,581.427368,90.953362,75.176971,21,0,0.000000,0.000000,0.000000,0.000000,0
369,11.801758,11.801758,1,694.516663,567.500000,89.799103,73.376198,4,0,0.000000,0.000000,0.000000,0.000000,0
370,11.835205,11.835205,1,689.690002,560.349976,89.175026,72.451721,12,0,0.000000,0.000000,0.000000,0.000000,0
371,11.868652,11.868652,1,684.664001,551.106689,88.525185,71.256584,12,0,0.000000,0.000000,0.000000,0.000000,0
372,11.901855,11.901855,1,679.040344,539.438049,87.798058,69.747864,11,0,0.000000,0.000000,0.000000,0.000000,0
373,11.935303,11.935303,1,672.625366,524.614319,86.968613,67.831200,11,0,0.000000,0.000000,0.000000,0.000000,0
374,11.968506,11.968506,1,665.983887,510.048401,86.109894,65.947861,4,0,0.000000,0.000000,0.000000,0.000000,0
375,12.001953,12.001953,1,667.193176,503.301147,86.266251,65.075462,11,0,0.000000,0.000000,0.000000,0.000000,0
376,12.035156,12.035156,1,661.000000,487.000000,85.465492,62.967766,1,0,0.000000,0.000000,0.000000,0.000000,0
377,12.068604,12.068604,1,661.533875,475.063751,85.534515,61.424442,8,0,0.000000,0.000000,0.000000,0.000000,0
378,12.101807,12.101807,1,659.011169,459.994415,85.208344,59.476017,6,0,0.000000,0.000000,0.000000,0.000000,0
379,12.135254,12.135254,1,659.266052,447.698334,85.241295,57.886169,13,0,0.000000,0.000000,0.000000,0.000000,0
380,12.168457,12.168457,1,659.799988,432.187103,85.310333,55.880608,5,0,0.000000,0.000000,0.000000,0.000000,0
381,12.201904,12.201904,1,661.350281,419.971741,85.510780,54.301197,6,0,0.000000,0.000000,0.000000,0.000000,0
382,12.235352,12.235352,0,0.000000,0.000000,0.000000,0.000000,0,0,0.000000,0.000000,0.000000,0.000000,0
383,12.268555,12.268555,1,665.966675,401.000000,86.107666,51.848202,2,0,0.000000,0.000000,0.000000,0.000000,0
384,12.302002,12.302002,1,671.392700,381.308899,86.809235,49.302197,12,0,0.000000,0.000000,0.000000,0.000000,0
385,12.335205,12.335205,1,676.428589,368.658997,87.460365,47.666599,7,0,0.000000,0.000000,0.000000,0.000000,0
386,12.368652,12.368652,1,680.550293,357.698425,87.993286,46.249424,11,0,0.000000,0.000000,0.000000,0.000000,0
387,12.401855,12.401855,1,687.235840,346.754730,88.857712,44.834435,7,0,0.000000,0.000000,0.000000,0.000000,0
388,12.435303,12.435303,1,694.474121,333.007965,89.793602,43.057018,8,0,0.000000,0.000000,0.000000,0.000000,0
389,12.468506,12.468506,1,701.516663,322.516663,90.704185,41.700523,4,0,0.000000,0.000000,0.000000,0.000000,0
390,12.501953,12.501953,1,707.765076,312.986572,91.512093,40.468307,5,0,0.000000,0.000000,0.000000,0.000000,0
391,12.535400,12.535400,1,720.094360,299.528290,93.106224,38.728191,7,0,0.000000,0.000000,0.000000,0.000000,0
392,12.568604,12.568604,1,728.011353,292.670441,94.129875,37.841488,6,0,0.000000,0.000000,0.000000,0.000000,0
393,12.602051,12.602051,1,737.723328,284.004852,95.385605,36.721050,12,0,0.000000,0.000000,0.000000,0.000000,0
394,12.635254,12.635254,1,752.145386,274.427307,97.250336,35.482700,7,0,0.000000,0.000000,0.000000,0.000000,0
395,12.668701,12.668701,1,759.000000,267.851685,98.136620,34.632488,7,0,0.000000,0.000000,0.000000,0.000000,0
396,12.701904,12.701904,1,774.000000,255.000000,100.076080,32.970802,2,0,0.000000,0.000000,0.000000,0.000000,0
397,12.735352,12.735352,1,783.000000,257.000000,101.239754,33.229397,1,0,0.000000,0.000000,0.000000,0.000000,0
398,12.768555,12.768555,1,797.011719,249.586517,103.051437,32.270851,11,0,0.000000,0.000000,0.000000,0.000000,0
399,12.802002,12.802002,1,809.000000,244.000000,104.601486,31.548532,2,0,0.000000,0.000000,0.000000,0.000000,0
400,12.835449,12.835449,1,822.627686,241.382980,106.363503,31.210159,6,0,0.000000,0.000000,0.000000,0.000000,0
401,12.868652,12.868652,1,833.000000,238.032257,107.704620,30.776920,2,0,0.000000,0.000000,0.000000,0.000000,0
402,12.902100,12.902100,1,845.752686,234.376343,109.353508,30.304220,3,0,0.000000,0.000000,0.000000,0.000000,0
403,12.935303,12.935303,1,857.928772,233.464401,110.927841,30.186308,10,0,0.000000,0.000000,0.000000,0.000000,0
404,12.968750,12.968750,1,869.000000,234.015869,112.359322,30.257612,2,0,0.000000,0.000000,0.000000,0.000000,0
405,13.001953,13.001953,1,884.682678,234.307693,114.387047,30.295343,6,0,0.000000,0.000000,0.000000,0.000000,0
406,13.035400,13.035400,1,897.873901,234.702698,116.092636,30.346416,7,0,0.000000,0.000000,0.000000,0.000000,0
407,13.068604,13.068604,1,911.900635,236.677017,117.906258,30.601690,10,0,0.000000,0.000000,0.000000,0.000000,0
408,13.102051,13.102051,1,921.000000,239.000000,119.082779,30.902046,1,0,0.000000,0.000000,0.000000,0.000000,0
409,13.135498,13.135498,1,935.751587,241.853500,120.990120,31.270996,5,0,0.000000,0.000000,0.000000,0.000000,0
410,13.168701,13.168701,1,952.133362,245.788895,123.108231,31.779831,11,0,0.000000,0.000000,0.000000,0.000000,0
411,13.202148,13.202148,1,958.983459,248.008270,123.993935,32.066792,4,0,0.000000,0.000000,0.000000,0.000000,0
412,13.235352,13.235352,1,972.451599,254.483871,125.735329,32.904068,4,0,0.000000,0.000000,0.000000,0.000000,0
413,13.268799,13.268799,0,0.000000,0.000000,0.000000,0.000000,0,0,0.000000,0.000000,0.000000,0.000000,0
414,13.302002,13.302002,1,996.779541,268.496063,128.880859,34.715805,8,0,0.000000,0.000000,0.000000,0.000000,0
415,13.335449,13.335449,1,1007.500000,275.051270,130.266998,35.563377,5,0,0.000000,0.000000,0.000000,0.000000,0
416,13.368652,13.368652,1,1015.000000,279.000000,131.236725,36.073936,1,0,0.000000,0.000000,0.000000,0.000000,0
417,13.402100,13.402100,1,1027.817505,291.388885,132.893982,37.675785,8,0,0.000000,0.000000,0.000000,0.000000,0
418,13.435547,13.435547,1,1035.000000,299.000000,133.822662,38.659882,1,0,0.000000,0.000000,0.000000,0.000000,0
419,13.468750,13.468750,1,1046.109375,308.841522,135.259079,39.932362,8,0,0.000000,0.000000,0.000000,0.000000,0
420,13.502197,13.502197,1,1053.793335,317.626678,136.252594,41.068260,9,0,0.000000,0.000000,0.000000,0.000000,0
421,13.535400,13.535400,1,1062.366699,327.259674,137.361115,42.313782,14,0,0.000000,0.000000,0.000000,0.000000,0
422,13.568848,13.568848,1,1070.303345,338.348328,138.387299,43.747513,3,0,0.000000,0.000000,0.000000,0.000000,0
423,13.602051,13.602051,1,1076.362671,349.043945,139.170746,45.130428,3,0,0.000000,0.000000,0.000000,0.000000,0
424,13.635498,13.635498,1,1080.620117,358.436188,139.721237,46.344818,10,0,0.000000,0.000000,0.000000,0.000000,0
425,13.668701,13.668701,1,1087.000000,369.000000,140.546127,47.710690,1,0,0.000000,0.000000,0.000000,0.000000,0
426,13.702148,13.702148,1,1092.066406,381.709686,141.201202,49.354015,16,0,0.000000,0.000000,0.000000,0.000000,0
427,13.735596,13.735596,1,1098.093018,394.830994,141.980408,51.050568,11,0,0.000000,0.000000,0.000000,0.000000,0
428,13.768799,13.768799,1,1100.912109,404.384613,142.344925,52.285824,13,0,0.000000,0.000000,0.000000,0.000000,0
429,13.802246,13.802246,1,1104.148071,414.903320,142.763321,53.645863,10,0,0.000000,0.000000,0.000000,0.000000,0
430,13.835449,13.835449,1,1107.323364,430.200012,143.173889,55.623684,14,0,0.000000,0.000000,0.000000,0.000000,0
431,13.868896,13.868896,1,1109.546509,440.683136,143.461334,56.979122,20,0,0.000000,0.000000,0.000000,0.000000,0
432,13.902100,13.902100,1,1111.141235,453.559998,143.667511,58.644066,13,0,0.000000,0.000000,0.000000,0.000000,0
433,13.935547,13.935547,1,1111.000000,463.000000,143.649261,59.864632,1,0,0.000000,0.000000,0.000000,0.000000,0
434,13.968750,13.968750,1,1112.994507,479.513824,143.907135,61.999825,12,0,0.000000,0.000000,0.000000,0.000000,0
435,14.002197,14.002197,1,1111.031006,489.448730,143.653259,63.284382,16,0,0.000000,0.000000,0.000000,0.000000,0
436,14.035400,14.035400,1,1109.795044,504.240631,143.493454,65.196938,17,0,0.000000,0.000000,0.000000,0.000000,0
437,14.068848,14.068848,1,1108.261353,515.817261,143.295151,66.693764,16,0,0.000000,0.000000,0.000000,0.000000,0
438,14.102295,14.102295,1,1106.234985,527.108093,143.033142,68.153633,16,0,0.000000,0.000000,0.000000,0.000000,0
439,14.135498,14.135498,1,1102.581055,539.810791,142.560715,69.796059,5,0,0.000000,0.000000,0.000000,0.000000,0
440,14.168945,14.168945,1,1100.192261,550.537842,142.251846,71.183037,15,0,0.000000,0.000000,0.000000,0.000000,0
441,14.202148,14.202148,1,1096.959839,559.130310,141.833908,72.294022,12,0,0.000000,0.000000,0.000000,0.000000,0
442,14.235596,14.235596,1,1093.114868,570.556152,141.336761,73.771347,12,0,0.000000,0.000000,0.000000,0.000000,0
443,14.268799,14.268799,1,1088.680054,581.468567,140.763351,75.182297,10,0,0.000000,0.000000,0.000000,0.000000,0
444,14.302246,14.302246,1,1083.503662,590.307434,140.094070,76.325134,16,0,0.000000,0.000000,0.000000,0.000000,0
445,14.335449,14.335449,1,1077.120728,600.471252,139.268753,77.639290,11,0,0.000000,0.000000,0.000000,0.000000,0
446,14.368896,14.368896,1,1071.173218,610.076294,138.499756,78.881195,14,0,0.000000,0.000000,0.000000,0.000000,0
447,14.402344,14.402344,1,1064.640869,618.996216,137.655151,80.034515,15,0,0.000000,0.000000,0.000000,0.000000,0
448,14.435547,14.435547,1,1057.233276,628.309509,136.697372,81.238701,13,0,0.000000,0.000000,0.000000,0.000000,0
449,14.468994,14.468994,1,1051.086914,635.524231,135.902664,82.171539,22,0,0.000000,0.000000,0.000000,0.000000,0
450,14.502197,14.502197,1,1043.531860,643.148926,134.925827,83.157394,14,0,0.000000,0.000000,0.000000,0.000000,0
451,14.535645,14.535645,1,1036.079346,651.507263,133.962219,84.238106,25,0,0.000000,0.000000,0.000000,0.000000,0
452,14.568848,14.568848,1,1026.956543,658.559021,132.782669,85.149879,10,0,0.000000,0.000000,0.000000,0.000000,0
453,14.602295,14.602295,1,1021.057922,664.381104,132.019989,85.902657,19,0,0.000000,0.000000,0.000000,0.000000,0
454,14.635498,14.635498,1,1011.133118,671.147949,130.736740,86.777588,19,0,0.000000,0.000000,0.000000,0.000000,0
455,14.668945,14.668945,1,1002.160828,678.100525,129.576645,87.676537,12,0,0.000000,0.000000,0.000000,0.000000,0
456,14.702393,14.702393,1,992.722961,682.927917,128.356369,88.300705,16,0,0.000000,0.000000,0.000000,0.000000,0
457,14.735596,14.735596,1,984.084778,686.741577,127.239471,88.793808,22,0,0.000000,0.000000,0.000000,0.000000,0
458,14.769043,14.769043,1,973.866760,692.704224,125.918304,89.564766,20,0,0.000000,0.000000,0.000000,0.000000,0
459,14.802246,14.802246,1,963.710449,695.665649,124.605125,89.947670,19,0,0.000000,0.000000,0.000000,0.000000,0
460,14.835693,14.835693,1,952.109985,699.148315,123.105217,90.397964,12,0,0.000000,0.000000,0.000000,0.000000,0
461,14.868896,14.868896,1,943.517212,703.875854,121.994194,91.009224,17,0,0.000000,0.000000,0.000000,0.000000,0
462,14.902344,14.902344,1,933.533142,705.928650,120.703285,91.274643,23,0,0.000000,0.000000,0.000000,0.000000,0
463,14.935547,14.935547,1,924.115234,707.774658,119.485573,91.513329,27,0,0.000000,0.000000,0.000000,0.000000,0
464,14.968994,14.968994,1,912.741333,709.022278,118.014954,91.674637,20,0,0.000000,0.000000,0.000000,0.000000,0
465,15.002441,15.002441,1,902.568542,709.089905,116.699638,91.683380,14,0,0.000000,0.000000,0.000000,0.000000,0
466,15.035645,15.035645,1,892.554993,709.860962,115.404922,91.783073,23,0,0.000000,0.000000,0.000000,0.000000,0
467,15.069092,15.069092,1,879.726196,709.644470,113.746185,91.755089,19,0,0.000000,0.000000,0.000000,0.000000,0
468,15.102295,15.102295,1,870.937683,710.183594,112.609863,91.824799,17,0,0.000000,0.000000,0.000000,0.000000,0
469,15.135742,15.135742,1,858.607300,709.007263,111.015572,91.672699,16,0,0.000000,0.000000,0.000000,0.000000,0
470,15.168945,15.168945,1,848.148621,705.484375,109.663292,91.217201,16,0,0.000000,0.000000,0.000000,0.000000,0
471,15.202393,15.202393,1,838.332397,703.959900,108.394081,91.020088,19,0,0.000000,0.000000,0.000000,0.000000,0
472,15.235596,15.235596,1,828.045837,700.877808,107.064056,90.621582,24,0,0.000000,0.000000,0.000000,0.000000,0
473,15.269043,15.269043,1,818.109924,696.388489,105.779373,90.041122,26,0,0.000000,0.000000,0.000000,0.000000,0
474,15.302490,15.302490,1,809.397583,693.070312,104.652885,89.612099,20,0,0.000000,0.000000,0.000000,0.000000,0
476,15.369141,15.369141,1,787.966309,681.992493,101.881882,88.179764,16,0,0.000000,0.000000,0.000000,0.000000,0
477,15.402344,15.402344,1,778.619263,676.859985,100.673340,87.516136,14,0,0.000000,0.000000,0.000000,0.000000,0
478,15.435791,15.435791,1,769.554016,671.016602,99.501228,86.760612,11,0,0.000000,0.000000,0.000000,0.000000,0
479,15.468994,15.468994,1,759.299011,663.485535,98.175285,85.786865,19,0,0.000000,0.000000,0.000000,0.000000,0
480,15.502441,15.502441,1,750.163696,655.690247,96.994118,84.778954,13,0,0.000000,0.000000,0.000000,0.000000,0
481,15.535645,15.535645,1,741.795715,648.748962,95.912163,83.881462,15,0,0.000000,0.000000,0.000000,0.000000,0
482,15.569092,15.569092,1,734.025635,636.938477,94.907509,82.354401,6,0,0.000000,0.000000,0.000000,0.000000,0
483,15.602539,15.602539,1,725.229858,628.501892,93.770241,81.263580,8,0,0.000000,0.000000,0.000000,0.000000,0
484,15.635742,15.635742,1,719.251038,620.280334,92.997192,80.200546,8,0,0.000000,0.000000,0.000000,0.000000,0
485,15.669189,15.669189,1,714.136108,612.487183,92.335846,79.192917,15,0,0.000000,0.000000,0.000000,0.000000,0
486,15.702393,15.702393,1,707.011780,602.002930,91.414688,77.837334,10,0,0.000000,0.000000,0.000000,0.000000,0
487,15.735840,15.735840,1,701.761536,591.016724,90.735840,76.416847,8,0,0.000000,0.000000,0.000000,0.000000,0
488,15.769043,15.769043,1,694.371399,579.057129,89.780327,74.870506,3,0,0.000000,0.000000,0.000000,0.000000,0
489,15.802490,15.802490,1,692.037415,569.791443,89.478546,73.672478,6,0,0.000000,0.000000,0.000000,0.000000,0
490,15.835693,15.835693,1,686.977417,556.305115,88.824295,71.928726,11,0,0.000000,0.000000,0.000000,0.000000,0
491,15.869141,15.869141,1,681.460327,543.492065,88.110954,70.272034,4,0,0.000000,0.000000,0.000000,0.000000,0
492,15.902344,15.902344,1,679.381592,532.486816,87.842178,68.849091,5,0,0.000000,0.000000,0.000000,0.000000,0
493,15.935791,15.935791,1,677.367615,521.168213,87.581779,67.385628,10,0,0.000000,0.000000,0.000000,0.000000,0
494,15.969238,15.969238,1,676.588379,507.970978,87.481026,65.679260,12,0,0.000000,0.000000,0.000000,0.000000,0
495,16.002441,16.002441,1,675.550171,492.633240,87.346786,63.696129,11,0,0.000000,0.000000,0.000000,0.000000,0
496,16.035889,16.035889,1,675.804626,479.697327,87.379684,62.023552,8,0,0.000000,0.000000,0.000000,0.000000,0
497,16.069092,16.069092,1,675.000000,472.015869,87.275650,61.030361,6,0,0.000000,0.000000,0.000000,0.000000,0
498,16.102539,16.102539,1,677.983582,455.000000,87.661423,58.830254,2,0,0.000000,0.000000,0.000000,0.000000,0
499,16.135742,16.135742,1,678.668579,445.685699,87.749992,57.625942,6,0,0.000000,0.000000,0.000000,0.000000,0
500,16.169189,16.169189,1,681.000000,431.000000,88.051437,55.727119,1,0,0.000000,0.000000,0.000000,0.000000,0
501,16.202393,16.202393,1,684.677795,419.322235,88.526962,54.217216,6,0,0.000000,0.000000,0.000000,0.000000,0
502,16.235840,16.235840,1,687.216187,408.047302,88.855179,52.759399,9,0,0.000000,0.000000,0.000000,0.000000,0
503,16.269287,16.269287,1,692.340881,396.318176,89.517784,51.242855,3,0,0.000000,0.000000,0.000000,0.000000,0
504,16.302490,16.302490,1,695.906250,385.546875,89.978775,49.850155,4,0,0.000000,0.000000,0.000000,0.000000,0
505,16.335938,16.335938,1,702.133667,375.479248,90.783958,48.548439,7,0,0.000000,0.000000,0.000000,0.000000,0
506,16.369141,16.369141,1,709.618164,362.937653,91.751686,46.926846,12,0,0.000000,0.000000,0.000000,0.000000,0
507,16.402588,16.402588,1,715.436218,354.832214,92.503944,45.878834,9,0,0.000000,0.000000,0.000000,0.000000,0
508,16.435791,16.435791,1,723.984314,344.956848,93.609192,44.601978,15,0,0.000000,0.000000,0.000000,0.000000,0
509,16.469238,16.469238,1,735.000000,333.000000,95.033485,43.055988,1,0,0.000000,0.000000,0.000000,0.000000,0
510,16.502441,16.502441,1,738.737061,329.037567,95.516685,42.543655,7,0,0.000000,0.000000,0.000000,0.000000,0
511,16.535889,16.535889,1,746.217957,317.397430,96.483940,41.038620,5,0,0.000000,0.000000,0.000000,0.000000,0
512,16.569336,16.569336,1,757.111938,310.361572,97.892502,40.128902,20,0,0.000000,0.000000,0.000000,0.000000,0
513,16.602539,16.602539,1,765.558838,302.082367,98.984657,39.058422,10,0,0.000000,0.000000,0.000000,0.000000,0
514,16.635986,16.635986,1,773.983032,299.000000,100.073891,38.659882,2,0,0.000000,0.000000,0.000000,0.000000,0
515,16.669189,16.669189,0,0.000000,0.000000,0.000000,0.000000,0,0,0.000000,0.000000,0.000000,0.000000,0
516,16.702637,16.702637,1,796.209290,286.542633,102.947685,37.049179,8,0,0.000000,0.000000,0.000000,0.000000,0
517,16.735840,16.735840,1,807.455688,280.189880,104.401810,36.227783,5,0,0.000000,0.000000,0.000000,0.000000,0
518,16.769287,16.769287,1,817.000000,277.953857,105.635864,35.938671,2,0,0.000000,0.000000,0.000000,0.000000,0
519,16.802490,16.802490,1,830.484497,274.398560,107.379372,35.478985,13,0,0.000000,0.000000,0.000000,0.000000,0
520,16.835938,16.835938,1,842.000000,275.000000,108.868294,35.556747,2,0,0.000000,0.000000,0.000000,0.000000,0
521,16.869385,16.869385,1,855.000000,268.935486,110.549156,34.772621,3,0,0.000000,0.000000,0.000000,0.000000,0
522,16.902588,16.902588,1,865.967041,266.446167,111.967171,34.450760,15,0,0.000000,0.000000,0.000000,0.000000,0
523,16.936035,16.936035,0,0.000000,0.000000,0.000000,0.000000,0,0,0.000000,0.000000,0.000000,0.000000,0
524,16.969238,16.969238,0,0.000000,0.000000,0.000000,0.000000,0,0,0.000000,0.000000,0.000000,0.000000,0
525,17.002686,17.002686,1,903.000000,267.000000,116.755432,34.522369,1,0,0.000000,0.000000,0.000000,0.000000,0
526,17.035889,17.035889,1,909.950806,269.000000,117.654152,34.780964,2,0,0.000000,0.000000,0.000000,0.000000,0
527,17.069336,17.069336,1,921.000000,272.062500,119.082779,35.176937,2,0,0.000000,0.000000,0.000000,0.000000,0
528,17.102539,17.102539,1,939.000000,275.000000,121.410133,35.556747,1,0,0.000000,0.000000,0.000000,0.000000,0
529,17.135986,17.135986,1,947.000000,279.644440,122.444511,36.157261,3,0,0.000000,0.000000,0.000000,0.000000,0
530,17.169434,17.169434,1,955.000000,283.000000,123.478889,36.591125,1,0,0.000000,0.000000,0.000000,0.000000,0
531,17.202637,17.202637,1,968.231812,289.437073,125.189720,37.423424,5,0,0.000000,0.000000,0.000000,0.000000,0
532,17.236084,17.236084,0,0.000000,0.000000,0.000000,0.000000,0,0,0.000000,0.000000,0.000000,0.000000,0
533,17.269287,17.269287,1,989.347473,300.508484,127.919922,38.854923,7,0,0.000000,0.000000,0.000000,0.000000,0
534,17.302734,17.302734,1,998.773682,307.776764,129.138702,39.794693,10,0,0.000000,0.000000,0.000000,0.000000,0
535,17.335938,17.335938,1,1005.983032,315.000000,130.070862,40.728638,2,0,0.000000,0.000000,0.000000,0.000000,0
536,17.369385,17.369385,1,1015.000000,323.000000,131.236725,41.763016,1,0,0.000000,0.000000,0.000000,0.000000,0
537,17.402588,17.402588,1,1026.758057,335.007111,132.757004,43.315502,9,0,0.000000,0.000000,0.000000,0.000000,0
538,17.436035,17.436035,1,1035.837158,343.902313,133.930923,44.465630,7,0,0.000000,0.000000,0.000000,0.000000,0
539,17.469482,17.469482,1,1040.770874,352.487366,134.568832,45.575653,16,0,0.000000,0.000000,0.000000,0.000000,0
540,17.502686,17.502686,1,1048.251709,363.000000,135.536072,46.934906,9,0,0.000000,0.000000,0.000000,0.000000,0
541,17.536133,17.536133,1,1053.872070,375.911469,136.262787,48.604324,10,0,0.000000,0.000000,0.000000,0.000000,0
542,17.569336,17.569336,1,1059.405396,386.608093,136.978226,49.987370,5,0,0.000000,0.000000,0.000000,0.000000,0
543,17.602783,17.602783,1,1063.888916,396.724457,137.557922,51.295383,7,0,0.000000,0.000000,0.000000,0.000000,0
544,17.635986,17.635986,1,1068.808350,409.035919,138.194000,52.887226,10,0,0.000000,0.000000,0.000000,0.000000,0
545,17.669434,17.669434,1,1073.000000,424.016937,138.735962,54.824230,2,0,0.000000,0.000000,0.000000,0.000000,0
546,17.702637,17.702637,1,1077.000000,436.000000,139.253159,56.373608,4,0,0.000000,0.000000,0.000000,0.000000,0
547,17.736084,17.736084,1,1077.842529,448.472351,139.362091,57.986244,7,0,0.000000,0.000000,0.000000,0.000000,0
548,17.769531,17.769531,1,1080.894775,465.000000,139.756729,60.123226,3,0,0.000000,0.000000,0.000000,0.000000,0
549,17.802734,17.802734,1,1080.056885,469.991882,139.648407,60.768661,4,0,0.000000,0.000000,0.000000,0.000000,0
550,17.836182,17.836182,1,1080.649048,488.124237,139.724960,63.113125,19,0,0.000000,0.000000,0.000000,0.000000,0
551,17.869385,17.869385,1,1079.737427,501.471985,139.607101,64.838951,11,0,0.000000,0.000000,0.000000,0.000000,0
552,17.902832,17.902832,1,1078.241211,516.202576,139.413635,66.743576,10,0,0.000000,0.000000,0.000000,0.000000,0
553,17.936035,17.936035,1,1076.046631,529.164368,139.129883,68.419510,11,0,0.000000,0.000000,0.000000,0.000000,0
554,17.969482,17.969482,1,1073.410645,539.384094,138.789047,69.740891,5,0,0.000000,0.000000,0.000000,0.000000,0
555,18.002686,18.002686,1,1069.626587,551.562866,138.299789,71.315567,17,0,0.000000,0.000000,0.000000,0.000000,0
556,18.036133,18.036133,0,0.000000,0.000000,0.000000,0.000000,0,0,0.000000,0.000000,0.000000,0.000000,0
557,18.069336,18.069336,1,1061.233521,576.813171,137.214600,74.580360,14,0,0.000000,0.000000,0.000000,0.000000,0
558,18.102783,18.102783,1,1055.478760,588.034729,136.470520,76.031281,8,0,0.000000,0.000000,0.000000,0.000000,0
559,18.136230,18.136230,1,1051.000000,599.042542,135.891418,77.454559,3,0,0.000000,0.000000,0.000000,0.000000,0
560,18.169434,18.169434,1,1045.650635,607.898438,135.199768,78.599609,17,0,0.000000,0.000000,0.000000,0.000000,0
561,18.202881,18.202881,1,1038.450684,619.332703,134.268829,80.078018,15,0,0.000000,0.000000,0.000000,0.000000,0
562,18.236084,18.236084,1,1031.051025,629.455811,133.312088,81.386909,15,0,0.000000,0.000000,0.000000,0.000000,0
563,18.269531,18.269531,1,1023.656677,639.549988,132.356003,82.692062,18,0,0.000000,0.000000,0.000000,0.000000,0
564,18.302734,18.302734,1,1016.276306,647.324402,131.401749,83.697273,17,0,0.000000,0.000000,0.000000,0.000000,0
565,18.336182,18.336182,1,1009.102844,653.670471,130.474243,84.517807,15,0,0.000000,0.000000,0.000000,0.000000,0
566,18.369385,18.369385,1,999.348450,660.874573,129.213013,85.449272,8,0,0.000000,0.000000,0.000000,0.000000,0
567,18.402832,18.402832,1,991.527893,667.876221,128.201843,86.354561,19,0,0.000000,0.000000,0.000000,0.000000,0
568,18.436279,18.436279,1,982.325317,674.644592,127.011971,87.229698,10,0,0.000000,0.000000,0.000000,0.000000,0
569,18.469482,18.469482,1,973.751526,680.793945,125.903404,88.024796,10,0,0.000000,0.000000,0.000000,0.000000,0
570,18.502930,18.502930,1,964.598511,685.877319,124.719948,88.682060,15,0,0.000000,0.000000,0.000000,0.000000,0
571,18.536133,18.536133,1,953.920044,691.862732,123.339256,89.455956,20,0,0.000000,0.000000,0.000000,0.000000,0
572,18.569580,18.569580,1,944.917358,696.004150,122.175224,89.991432,14,0,0.000000,0.000000,0.000000,0.000000,0
573,18.602783,18.602783,1,935.312073,700.372620,120.933296,90.556259,18,0,0.000000,0.000000,0.000000,0.000000,0
574,18.669434,18.669434,1,915.770813,704.711792,118.406662,91.117310,17,0,0.000000,0.000000,0.000000,0.000000,0
575,18.702881,18.702881,1,905.956543,707.405823,117.137695,91.465630,15,0,0.000000,0.000000,0.000000,0.000000,0
576,18.736328,18.736328,1,896.108582,707.640015,115.864388,91.495918,10,0,0.000000,0.000000,0.000000,0.000000,0
577,18.769531,18.769531,1,885.254761,709.798279,114.461021,91.774979,14,0,0.000000,0.000000,0.000000,0.000000,0
578,18.802979,18.802979,1,875.210327,710.678101,113.162292,91.888733,13,0,0.000000,0.000000,0.000000,0.000000,0
579,18.836182,18.836182,1,866.308228,712.175110,112.011284,92.082291,20,0,0.000000,0.000000,0.000000,0.000000,0
580,18.869629,18.869629,1,856.865356,712.026672,110.790344,92.063095,21,0,0.000000,0.000000,0.000000,0.000000,0
581,18.902832,18.902832,1,846.105530,711.467896,109.399132,91.990852,26,0,0.000000,0.000000,0.000000,0.000000,0
582,18.936279,18.936279,1,834.619873,711.195923,107.914070,91.955681,19,0,0.000000,0.000000,0.000000,0.000000,0
584,18.969482,18.969482,1,825.363892,709.442505,106.717293,91.728973,20,0,0.000000,0.000000,0.000000,0.000000,0
585,19.002930,19.002930,1,815.904480,707.313538,105.494217,91.453705,17,0,0.000000,0.000000,0.000000,0.000000,0
586,19.036377,19.036377,1,806.799377,705.676636,104.316956,91.242058,19,0,0.000000,0.000000,0.000000,0.000000,0
587,19.069580,19.069580,1,795.893372,702.753662,102.906837,90.864128,15,0,0.000000,0.000000,0.000000,0.000000,0
588,19.103027,19.103027,1,788.202454,699.801636,101.912415,90.482437,15,0,0.000000,0.000000,0.000000,0.000000,0
589,19.136230,19.136230,1,780.029297,696.887817,100.855652,90.105682,13,0,0.000000,0.000000,0.000000,0.000000,0
590,19.169678,19.169678,1,769.687622,693.380798,99.518501,89.652237,16,0,0.000000,0.000000,0.000000,0.000000,0
591,19.202881,19.202881,1,759.989197,689.142578,98.264526,89.104248,14,0,0.000000,0.000000,0.000000,0.000000,0
592,19.236328,19.236328,1,752.771790,685.876099,97.331329,88.681900,22,0,0.000000,0.000000,0.000000,0.000000,0
593,19.269531,19.269531,1,742.755859,682.195618,96.036301,88.206024,18,0,0.000000,0.000000,0.000000,0.000000,0
594,19.302979,19.302979,1,734.492920,677.324402,94.967926,87.576195,19,0,0.000000,0.000000,0.000000,0.000000,0
595,19.336426,19.336426,1,727.182129,671.466858,94.022659,86.818832,18,0,0.000000,0.000000,0.000000,0.000000,0
596,19.369629,19.369629,1,719.892395,666.605408,93.080116,86.190254,14,0,0.000000,0.000000,0.000000,0.000000,0
597,19.403076,19.403076,1,712.855896,660.037476,92.170319,85.341034,20,0,0.000000,0.000000,0.000000,0.000000,0
598,19.436279,19.436279,1,703.756409,654.327148,90.993774,84.602707,13,0,0.000000,0.000000,0.000000,0.000000,0
599,19.469727,19.469727,1,696.441956,647.785156,90.048042,83.756851,12,0,0.000000,0.000000,0.000000,0.000000,0
600,19.502930,19.502930,1,691.056885,643.371277,89.351768,83.186142,21,0,0.000000,0.000000,0.000000,0.000000,0
601,19.536377,19.536377,1,684.691956,634.636597,88.528793,82.056770,21,0,0.000000,0.000000,0.000000,0.000000,0
602,19.569580,19.569580,1,677.190735,629.401733,87.558914,81.379921,20,0,0.000000,0.000000,0.000000,0.000000,0
603,19.603027,19.603027,1,671.266846,622.453674,86.792969,80.481560,19,0,0.000000,0.000000,0.000000,0.000000,0
604,19.636475,19.636475,1,666.237061,616.939636,86.142632,79.768608,14,0,0.000000,0.000000,0.000000,0.000000,0
605,19.669678,19.669678,1,659.542053,608.320862,85.276985,78.654221,10,0,0.000000,0.000000,0.000000,0.000000,0
606,19.703125,19.703125,1,655.006531,601.390137,84.690552,77.758102,17,0,0.000000,0.000000,0.000000,0.000000,0
607,19.736328,19.736328,1,650.866638,593.669556,84.155281,76.759850,19,0,0.000000,0.000000,0.000000,0.000000,0
608,19.769775,19.769775,1,646.760742,584.803711,83.624390,75.613518,10,0,0.000000,0.000000,0.000000,0.000000,0
609,19.802979,19.802979,1,642.480164,579.599121,83.070930,74.940582,7,0,0.000000,0.000000,0.000000,0.000000,0
610,19.836426,19.836426,1,639.822083,569.865051,82.727242,73.681992,10,0,0.000000,0.000000,0.000000,0.000000,0
611,19.869629,19.869629,1,636.539124,561.742737,82.302773,72.631798,14,0,0.000000,0.000000,0.000000,0.000000,0
612,19.903076,19.903076,1,633.333313,554.352112,81.888268,71.676208,12,0,0.000000,0.000000,0.000000,0.000000,0
613,19.936279,19.936279,1,629.546875,545.605469,81.398689,70.545296,15,0,0.000000,0.000000,0.000000,0.000000,0
614,19.969727,19.969727,1,626.765320,537.895996,81.039040,69.548477,11,0,0.000000,0.000000,0.000000,0.000000,0
615,20.003174,20.003174,1,624.735840,529.383667,80.776634,68.447853,10,0,0.000000,0.000000,0.000000,0.000000,0
616,20.036377,20.036377,1,623.637024,522.074097,80.634560,67.502747,9,0,0.000000,0.000000,0.000000,0.000000,0
617,20.069824,20.069824,1,622.295837,513.445007,80.461151,66.387032,12,0,0.000000,0.000000,0.000000,0.000000,0
618,20.103027,20.103027,1,620.364075,504.343597,80.211380,65.210243,6,0,0.000000,0.000000,0.000000,0.000000,0
619,20.136475,20.136475,1,619.482483,496.206238,80.097389,64.158104,8,0,0.000000,0.000000,0.000000,0.000000,0
620,20.169678,20.169678,1,620.182556,486.857147,80.187904,62.949295,8,0,0.000000,0.000000,0.000000,0.000000,0
621,20.203125,20.203125,1,618.064514,479.393555,79.914047,61.984272,9,0,0.000000,0.000000,0.000000,0.000000,0
622,20.236328,20.236328,1,620.937195,469.026917,80.285484,60.643894,7,0,0.000000,0.000000,0.000000,0.000000,0
623,20.269775,20.269775,1,619.863281,461.733826,80.146629,59.700916,9,0,0.000000,0.000000,0.000000,0.000000,0
624,20.303223,20.303223,1,620.758484,454.436523,80.262375,58.757401,10,0,0.000000,0.000000,0.000000,0.000000,0
625,20.336426,20.336426,0,0.000000,0.000000,0.000000,0.000000,0,0,0.000000,0.000000,0.000000,0.000000,0
626,20.369873,20.369873,1,624.041077,437.410950,80.686806,56.556038,9,0,0.000000,0.000000,0.000000,0.000000,0
627,20.403076,20.403076,1,625.535217,429.319244,80.879990,55.509804,7,0,0.000000,0.000000,0.000000,0.000000,0
628,20.436523,20.436523,1,626.645569,419.531647,81.023560,54.244293,13,0,0.000000,0.000000,0.000000,0.000000,0
629,20.469727,20.469727,1,629.777161,410.711945,81.428467,53.103931,11,0,0.000000,0.000000,0.000000,0.000000,0
630,20.503174,20.503174,1,634.008545,400.982910,81.975571,51.845993,4,0,0.000000,0.000000,0.000000,0.000000,0
631,20.536377,20.536377,1,635.000000,396.000000,82.103760,51.201717,2,0,0.000000,0.000000,0.000000,0.000000,0
632,20.569824,20.569824,1,639.000000,387.000000,82.620949,50.038040,1,0,0.000000,0.000000,0.000000,0.000000,0
633,20.603271,20.603271,1,643.991821,377.475403,83.266380,48.806538,8,0,0.000000,0.000000,0.000000,0.000000,0
634,20.636475,20.636475,1,646.200012,371.742859,83.551888,48.065334,8,0,0.000000,0.000000,0.000000,0.000000,0
635,20.669922,20.669922,1,649.941528,363.067688,84.035660,46.943661,10,0,0.000000,0.000000,0.000000,0.000000,0
636,20.703125,20.703125,1,654.008423,355.991608,84.561493,46.028740,4,0,0.000000,0.000000,0.000000,0.000000,0
637,20.736572,20.736572,1,659.256897,347.587158,85.240112,44.942066,7,0,0.000000,0.000000,0.000000,0.000000,0
638,20.769775,20.769775,1,667.000000,337.000000,86.241272,43.573177,1,0,0.000000,0.000000,0.000000,0.000000,0
639,20.803223,20.803223,1,669.000000,335.000000,86.499870,43.314583,1,0,0.000000,0.000000,0.000000,0.000000,0
640,20.836426,20.836426,1,683.000000,322.032257,88.310028,41.637890,2,0,0.000000,0.000000,0.000000,0.000000,0
641,20.869873,20.869873,1,684.202332,317.832367,88.465485,41.094856,11,0,0.000000,0.000000,0.000000,0.000000,0
642,20.903320,20.903320,1,692.503174,310.452240,89.538765,40.140625,10,0,0.000000,0.000000,0.000000,0.000000,0
643,20.936523,20.936523,1,699.335144,304.329742,90.422119,39.349003,6,0,0.000000,0.000000,0.000000,0.000000,0
644,20.969971,20.969971,1,704.974243,298.939911,91.151237,38.652111,7,0,0.000000,0.000000,0.000000,0.000000,0
645,21.003174,21.003174,1,713.609863,292.906586,92.267807,37.872021,11,0,0.000000,0.000000,0.000000,0.000000,0
646,21.036621,21.036621,1,721.000000,287.953857,93.223328,37.231644,2,0,0.000000,0.000000,0.000000,0.000000,0
647,21.069824,21.069824,1,730.355530,279.666656,94.432976,36.160133,3,0,0.000000,0.000000,0.000000,0.000000,0
648,21.103271,21.103271,0,0.000000,0.000000,0.000000,0.000000,0,0,0.000000,0.000000,0.000000,0.000000,0
649,21.136475,21.136475,1,745.583313,271.173615,96.401886,35.062004,9,0,0.000000,0.000000,0.000000,0.000000,0
650,21.169922,21.169922,0,0.000000,0.000000,0.000000,0.000000,0,0,0.000000,0.000000,0.000000,0.000000,0
651,21.203369,21.203369,1,769.000000,261.000000,99.429596,33.746586,1,0,0.000000,0.000000,0.000000,0.000000,0
652,21.236572,21.236572,1,775.924988,258.943756,100.324982,33.480717,10,0,0.000000,0.000000,0.000000,0.000000,0
653,21.270020,21.270020,1,782.594299,256.096100,101.187302,33.112522,9,0,0.000000,0.000000,0.000000,0.000000,0
654,21.303223,21.303223,1,795.000000,252.038834,102.791321,32.587933,6,0,0.000000,0.000000,0.000000,0.000000,0
655,21.336670,21.336670,1,802.453979,250.608307,103.755104,32.402969,11,0,0.000000,0.000000,0.000000,0.000000,0
656,21.369873,21.369873,1,814.875793,247.571426,105.361206,32.010307,10,0,0.000000,0.000000,0.000000,0.000000,0
657,21.403320,21.403320,1,826.679993,243.826660,106.887459,31.526121,7,0,0.000000,0.000000,0.000000,0.000000,0
658,21.436523,21.436523,1,841.500000,245.000000,108.803650,31.677830,4,0,0.000000,0.000000,0.000000,0.000000,0
659,21.469971,21.469971,1,844.000000,243.000000,109.126892,31.419235,2,0,0.000000,0.000000,0.000000,0.000000,0
660,21.503418,21.503418,1,860.318665,242.340652,111.236847,31.333984,3,0,0.000000,0.000000,0.000000,0.000000,0
661,21.536621,21.536621,0,0.000000,0.000000,0.000000,0.000000,0,0,0.000000,0.000000,0.000000,0.000000,0
662,21.570068,21.570068,1,884.978027,241.000000,114.425240,31.160641,3,0,0.000000,0.000000,0.000000,0.000000,0
663,21.603271,21.603271,1,892.331360,240.295853,115.375999,31.069597,11,0,0.000000,0.000000,0.000000,0.000000,0
664,21.636719,21.636719,1,905.651672,244.325836,117.098282,31.590662,3,0,0.000000,0.000000,0.000000,0.000000,0
665,21.669922,21.669922,1,917.695679,243.630432,118.655533,31.500748,3,0,0.000000,0.000000,0.000000,0.000000,0
666,21.703369,21.703369,1,928.000000,246.000000,119.987862,31.807127,4,0,0.000000,0.000000,0.000000,0.000000,0
667,21.736572,21.736572,1,937.000000,246.512604,121.151535,31.873405,4,0,0.000000,0.000000,0.000000,0.000000,0
668,21.770020,21.770020,1,949.000000,251.000000,122.703102,32.453613,1,0,0.000000,0.000000,0.000000,0.000000,0
669,21.803223,21.803223,1,964.016418,257.950806,124.644684,33.352333,4,0,0.000000,0.000000,0.000000,0.000000,0
670,21.836670,21.836670,1,976.117676,265.000000,126.209343,34.263775,2,0,0.000000,0.000000,0.000000,0.000000,0
671,21.870117,21.870117,0,0.000000,0.000000,0.000000,0.000000,0,0,0.000000,0.000000,0.000000,0.000000,0
672,21.903320,21.903320,1,997.081970,270.590149,128.919968,34.986568,4,0,0.000000,0.000000,0.000000,0.000000,0
673,21.936768,21.936768,0,0.000000,0.000000,0.000000,0.000000,0,0,0.000000,0.000000,0.000000,0.000000,0
674,21.969971,21.969971,1,1012.016113,281.435486,130.850922,36.388836,4,0,0.000000,0.000000,0.000000,0.000000,0
675,22.003418,22.003418,0,0.000000,0.000000,0.000000,0.000000,0,0,0.000000,0.000000,0.000000,0.000000,0
676,22.036621,22.036621,0,0.000000,0.000000,0.000000,0.000000,0,0,0.000000,0.000000,0.000000,0.000000,0
677,22.070068,22.070068,1,1045.043945,308.340668,135.121323,39.867603,3,0,0.000000,0.000000,0.000000,0.000000,0
678,22.103271,22.103271,1,872.000000,455.000000,112.747215,58.830254,2,0,0.000000,0.000000,0.000000,0.000000,0
679,22.136719,22.136719,1,1062.966431,330.512604,137.438644,42.734375,4,0,0.000000,0.000000,0.000000,0.000000,0
680,22.170166,22.170166,1,1071.000000,337.966675,138.477371,43.698166,2,0,0.000000,0.000000,0.000000,0.000000,0
681,22.203369,22.203369,1,1076.233398,350.463409,139.154037,45.313961,9,0,0.000000,0.000000,0.000000,0.000000,0
682,22.236816,22.236816,1,1083.938599,362.949707,140.150284,46.928406,11,0,0.000000,0.000000,0.000000,0.000000,0
683,22.270020,22.270020,1,1089.137207,373.570801,140.822449,48.301682,14,0,0.000000,0.000000,0.000000,0.000000,0
684,22.303467,22.303467,1,1096.000000,393.000000,141.709793,50.813824,2,0,0.000000,0.000000,0.000000,0.000000,0
685,22.336670,22.336670,1,1098.228760,397.812347,141.997971,51.436047,13,0,0.000000,0.000000,0.000000,0.000000,0
686,22.370117,22.370117,1,1105.000000,416.000000,142.873474,53.787663,2,0,0.000000,0.000000,0.000000,0.000000,0
687,22.403320,22.403320,1,1105.603760,422.836487,142.951538,54.671600,10,0,0.000000,0.000000,0.000000,0.000000,0
688,22.436768,22.436768,1,1105.983154,436.171722,143.000595,56.395809,10,0,0.000000,0.000000,0.000000,0.000000,0
689,22.470215,22.470215,1,1109.519775,450.728821,143.457870,58.278004,11,0,0.000000,0.000000,0.000000,0.000000,0
690,22.503418,22.503418,1,1109.384766,463.951385,143.440414,59.987644,14,0,0.000000,0.000000,0.000000,0.000000,0
691,22.536865,22.536865,1,1106.977661,475.994415,143.129181,61.544773,6,0,0.000000,0.000000,0.000000,0.000000,0
692,22.570068,22.570068,1,1107.930420,487.321747,143.252365,63.009365,14,0,0.000000,0.000000,0.000000,0.000000,0
693,22.603516,22.603516,1,1105.144043,501.303986,142.892090,64.817238,8,0,0.000000,0.000000,0.000000,0.000000,0
694,22.636719,22.636719,1,1103.000000,511.000000,142.614883,66.070900,1,0,0.000000,0.000000,0.000000,0.000000,0
695,22.670166,22.670166,1,1100.935181,527.040466,142.347916,68.144890,15,0,0.000000,0.000000,0.000000,0.000000,0
696,22.703369,22.703369,1,1097.548218,542.644653,141.909988,70.162468,12,0,0.000000,0.000000,0.000000,0.000000,0
697,22.736816,22.736816,1,1092.251221,551.539551,141.225082,71.312553,13,0,0.000000,0.000000,0.000000,0.000000,0
698,22.770264,22.770264,1,1087.118408,566.171265,140.561432,73.204391,15,0,0.000000,0.000000,0.000000,0.000000,0
699,22.803467,22.803467,1,1081.931152,575.589050,139.890732,74.422089,13,0,0.000000,0.000000,0.000000,0.000000,0
700,22.836914,22.836914,1,1074.901978,587.166321,138.981873,75.918999,15,0,0.000000,0.000000,0.000000,0.000000,0
701,22.903564,22.903564,1,1058.709717,606.001770,136.888275,78.354370,17,0,0.000000,0.000000,0.000000,0.000000,0
702,22.936768,22.936768,1,1051.515747,615.783813,135.958115,79.619164,22,0,0.000000,0.000000,0.000000,0.000000,0
703,22.970215,22.970215,1,1040.334839,626.403687,134.512451,80.992279,13,0,0.000000,0.000000,0.000000,0.000000,0
705,23.003418,23.003418,1,1031.653198,631.526611,133.389923,81.654655,12,0,0.000000,0.000000,0.000000,0.000000,0
706,23.036865,23.036865,1,1021.703369,640.684631,132.103455,82.838768,23,0,0.000000,0.000000,0.000000,0.000000,0
707,23.070312,23.070312,1,1012.380615,646.214172,130.898041,83.553726,21,0,0.000000,0.000000,0.000000,0.000000,0
708,23.103516,23.103516,1,1000.460999,652.985840,129.356873,84.429276,13,0,0.000000,0.000000,0.000000,0.000000,0
709,23.170166,23.170166,1,978.688293,662.102478,126.541718,85.608032,20,0,0.000000,0.000000,0.000000,0.000000,0
710,23.203613,23.203613,1,967.304688,667.053772,125.069847,86.248222,17,0,0.000000,0.000000,0.000000,0.000000,0
712,23.236816,23.236816,1,954.361511,670.038452,123.396332,86.634140,16,0,0.000000,0.000000,0.000000,0.000000,0
713,23.270264,23.270264,1,943.354309,671.971436,121.973129,86.884064,11,0,0.000000,0.000000,0.000000,0.000000,0
714,23.303467,23.303467,1,927.925415,674.110474,119.978218,87.160645,21,0,0.000000,0.000000,0.000000,0.000000,0
715,23.336914,23.336914,1,917.831055,674.789490,118.673042,87.248428,11,0,0.000000,0.000000,0.000000,0.000000,0
716,23.370361,23.370361,1,905.897217,675.953247,117.130028,87.398911,18,0,0.000000,0.000000,0.000000,0.000000,0
717,23.403564,23.403564,1,892.820984,675.509705,115.439316,87.341560,14,0,0.000000,0.000000,0.000000,0.000000,0
718,23.437012,23.437012,1,880.322510,674.147461,113.823296,87.165428,18,0,0.000000,0.000000,0.000000,0.000000,0
719,23.470215,23.470215,1,866.434753,671.643494,112.027649,86.841660,14,0,0.000000,0.000000,0.000000,0.000000,0
720,23.503662,23.503662,1,852.231323,668.868835,110.191177,86.482910,17,0,0.000000,0.000000,0.000000,0.000000,0
721,23.536865,23.536865,1,841.229065,665.224976,108.768616,86.011765,15,0,0.000000,0.000000,0.000000,0.000000,0
722,23.570312,23.570312,1,828.024902,658.778381,107.061356,85.178246,11,0,0.000000,0.000000,0.000000,0.000000,0
723,23.603516,23.603516,1,815.338806,653.804688,105.421082,84.535156,13,0,0.000000,0.000000,0.000000,0.000000,0
724,23.636963,23.636963,1,805.409302,648.562805,104.137215,83.857391,13,0,0.000000,0.000000,0.000000,0.000000,0
725,23.670410,23.670410,1,792.566650,640.662476,102.476700,82.835907,15,0,0.000000,0.000000,0.000000,0.000000,0
726,23.703613,23.703613,1,781.141602,632.575195,100.999474,81.790245,11,0,0.000000,0.000000,0.000000,0.000000,0
727,23.737061,23.737061,1,770.523010,624.073181,99.626518,80.690956,11,0,0.000000,0.000000,0.000000,0.000000,0
728,23.770264,23.770264,1,764.071594,617.605103,98.792366,79.854645,13,0,0.000000,0.000000,0.000000,0.000000,0
729,23.803711,23.803711,1,752.812195,605.586853,97.336555,78.300720,13,0,0.000000,0.000000,0.000000,0.000000,0
730,23.836914,23.836914,1,741.511658,592.968994,95.875427,76.669266,4,0,0.000000,0.000000,0.000000,0.000000,0
731,23.870361,23.870361,1,735.000000,583.000000,95.033485,75.380302,1,0,0.000000,0.000000,0.000000,0.000000,0
732,23.903564,23.903564,1,724.217407,568.664612,93.639328,73.526779,5,0,0.000000,0.000000,0.000000,0.000000,0
733,23.937012,23.937012,1,721.592407,559.117676,93.299927,72.292381,15,0,0.000000,0.000000,0.000000,0.000000,0
734,23.970215,23.970215,1,715.675232,544.427856,92.534851,70.393028,12,0,0.000000,0.000000,0.000000,0.000000,0
735,24.003662,24.003662,1,711.481262,534.924988,91.992577,69.164337,10,0,0.000000,0.000000,0.000000,0.000000,0
736,24.037109,24.037109,1,708.054077,519.536011,91.549454,67.174591,13,0,0.000000,0.000000,0.000000,0.000000,0
737,24.070312,24.070312,1,705.947388,506.557892,91.277061,65.496552,6,0,0.000000,0.000000,0.000000,0.000000,0
738,24.103760,24.103760,1,703.961670,493.359894,91.020317,63.790081,11,0,0.000000,0.000000,0.000000,0.000000,0
739,24.136963,24.136963,1,703.994507,479.076508,91.024567,61.943279,6,0,0.000000,0.000000,0.000000,0.000000,0
740,24.170410,24.170410,1,705.000000,465.967743,91.154572,60.248352,2,0,0.000000,0.000000,0.000000,0.000000,0
741,24.203613,24.203613,1,705.691895,451.248657,91.244034,58.345215,6,0,0.000000,0.000000,0.000000,0.000000,0
742,24.237061,24.237061,1,707.748413,437.387085,91.509926,56.552956,5,0,0.000000,0.000000,0.000000,0.000000,0
743,24.270264,24.270264,1,710.755798,423.891083,91.898773,54.807957,9,0,0.000000,0.000000,0.000000,0.000000,0
744,24.303711,24.303711,1,715.000000,411.984619,92.447540,53.268482,2,0,0.000000,0.000000,0.000000,0.000000,0
745,24.337158,24.337158,1,721.231384,394.545441,93.253250,51.013649,8,0,0.000000,0.000000,0.000000,0.000000,0
746,24.370361,24.370361,1,733.000000,377.000000,94.774895,48.745068,1,0,0.000000,0.000000,0.000000,0.000000,0
747,24.403809,24.403809,1,737.468750,370.078125,95.352692,47.850090,4,0,0.000000,0.000000,0.000000,0.000000,0
748,24.437012,24.437012,1,746.210510,357.407898,96.482979,46.211861,5,0,0.000000,0.000000,0.000000,0.000000,0
749,24.470459,24.470459,1,757.613892,345.079193,97.957397,44.617798,3,0,0.000000,0.000000,0.000000,0.000000,0
750,24.503662,24.503662,0,0.000000,0.000000,0.000000,0.000000,0,0,0.000000,0.000000,0.000000,0.000000,0
751,24.537109,24.537109,1,779.000000,329.000000,100.722565,42.538799,1,0,0.000000,0.000000,0.000000,0.000000,0
752,24.570312,24.570312,1,792.968994,318.240295,102.528717,41.147602,8,0,0.000000,0.000000,0.000000,0.000000,0
753,24.603760,24.603760,1,804.966125,310.016937,104.079910,40.084343,4,0,0.000000,0.000000,0.000000,0.000000,0
754,24.637207,24.637207,1,817.969727,305.000000,105.761246,39.435665,2,0,0.000000,0.000000,0.000000,0.000000,0
755,24.670410,24.670410,0,0.000000,0.000000,0.000000,0.000000,0,0,0.000000,0.000000,0.000000,0.000000,0
756,24.703857,24.703857,1,849.950806,296.049194,109.896317,38.278347,2,0,0.000000,0.000000,0.000000,0.000000,0
757,24.737061,24.737061,1,857.000000,295.000000,110.807755,38.142693,1,0,0.000000,0.000000,0.000000,0.000000,0
758,24.770508,24.770508,1,876.966370,294.008392,113.389351,38.014481,4,0,0.000000,0.000000,0.000000,0.000000,0
759,24.803711,24.803711,1,889.394714,293.815796,114.996307,37.989578,5,0,0.000000,0.000000,0.000000,0.000000,0
760,24.837158,24.837158,1,902.000000,293.000000,116.626129,37.884098,2,0,0.000000,0.000000,0.000000,0.000000,0
761,24.870361,24.870361,1,915.619507,295.341461,118.387100,38.186844,13,0,0.000000,0.000000,0.000000,0.000000,0
762,24.903809,24.903809,1,933.966675,299.000000,120.759331,38.659882,2,0,0.000000,0.000000,0.000000,0.000000,0
763,24.937256,24.937256,1,943.000000,305.000000,121.927322,39.435665,1,0,0.000000,0.000000,0.000000,0.000000,0
764,24.970459,24.970459,1,960.264893,306.632446,124.159622,39.646732,6,0,0.000000,0.000000,0.000000,0.000000,0
765,25.003906,25.003906,1,972.612488,314.600006,125.756134,40.676918,5,0,0.000000,0.000000,0.000000,0.000000,0
766,25.037109,25.037109,1,985.260864,321.878265,127.391533,41.617977,7,0,0.000000,0.000000,0.000000,0.000000,0
767,25.070557,25.070557,1,997.951599,329.516144,129.032410,42.605534,8,0,0.000000,0.000000,0.000000,0.000000,0
768,25.103760,25.103760,1,1005.777283,337.008728,130.044250,43.574306,7,0,0.000000,0.000000,0.000000,0.000000,0
769,25.137207,25.137207,1,1019.242188,345.747406,131.785233,44.704193,9,0,0.000000,0.000000,0.000000,0.000000,0
770,25.170410,25.170410,1,1028.866455,355.685913,133.029617,45.989216,17,0,0.000000,0.000000,0.000000,0.000000,0
771,25.203857,25.203857,1,1036.532837,366.002441,134.020859,47.323112,13,0,0.000000,0.000000,0.000000,0.000000,0
772,25.237305,25.237305,1,1046.625732,377.224518,135.325851,48.774101,14,0,0.000000,0.000000,0.000000,0.000000,0
773,25.270508,25.270508,1,1055.054810,389.876709,136.415695,50.409992,7,0,0.000000,0.000000,0.000000,0.000000,0
774,25.303955,25.303955,1,1057.756592,399.695282,136.765045,51.679508,15,0,0.000000,0.000000,0.000000,0.000000,0
775,25.337158,25.337158,1,1065.178223,409.635101,137.724640,52.964695,12,0,0.000000,0.000000,0.000000,0.000000,0
776,25.370605,25.370605,1,1071.057495,426.007202,138.484818,55.081566,4,0,0.000000,0.000000,0.000000,0.000000,0
777,25.403809,25.403809,1,1072.427002,434.968170,138.661880,56.240192,12,0,0.000000,0.000000,0.000000,0.000000,0
778,25.437256,25.437256,1,1076.194092,446.008453,139.148956,57.667671,14,0,0.000000,0.000000,0.000000,0.000000,0
779,25.470459,25.470459,1,1077.060913,457.681915,139.261032,59.177017,16,0,0.000000,0.000000,0.000000,0.000000,0
780,25.503906,25.503906,1,1078.195801,473.936157,139.407761,61.278648,14,0,0.000000,0.000000,0.000000,0.000000,0
781,25.537354,25.537354,1,1079.511841,485.249146,139.577911,62.741386,9,0,0.000000,0.000000,0.000000,0.000000,0
782,25.570557,25.570557,1,1079.252563,493.767670,139.544403,63.842808,11,0,0.000000,0.000000,0.000000,0.000000,0
783,25.604004,25.604004,1,1076.579224,506.799072,139.198761,65.527733,18,0,0.000000,0.000000,0.000000,0.000000,0
784,25.637207,25.637207,1,1074.602661,521.013245,138.943176,67.365585,5,0,0.000000,0.000000,0.000000,0.000000,0
785,25.670654,25.670654,1,1073.013428,530.422791,138.737701,68.582222,13,0,0.000000,0.000000,0.000000,0.000000,0
786,25.703857,25.703857,1,1066.920654,544.076477,137.949921,70.347603,10,0,0.000000,0.000000,0.000000,0.000000,0
787,25.737305,25.737305,1,1063.000000,553.765625,137.442993,71.600380,12,0,0.000000,0.000000,0.000000,0.000000,0
788,25.770508,25.770508,1,1058.542236,563.124451,136.866608,72.810448,14,0,0.000000,0.000000,0.000000,0.000000,0
789,25.803955,25.803955,1,1053.561768,574.263916,136.222656,74.250755,12,0,0.000000,0.000000,0.000000,0.000000,0
790,25.837158,25.837158,1,1047.517700,582.891174,135.441162,75.366234,20,0,0.000000,0.000000,0.000000,0.000000,0
791,25.870605,25.870605,1,1040.451660,592.189697,134.527557,76.568512,23,0,0.000000,0.000000,0.000000,0.000000,0
792,25.904053,25.904053,1,1033.289673,600.873535,133.601517,77.691307,24,0,0.000000,0.000000,0.000000,0.000000,0
793,25.937256,25.937256,1,1024.333374,609.874695,132.443497,78.855125,21,0,0.000000,0.000000,0.000000,0.000000,0
794,25.970703,25.970703,1,1017.251038,616.545349,131.527771,79.717621,21,0,0.000000,0.000000,0.000000,0.000000,0
795,26.003906,26.003906,1,1009.089661,623.496582,130.472534,80.616394,17,0,0.000000,0.000000,0.000000,0.000000,0
796,26.037354,26.037354,1,998.023743,630.778137,129.041748,81.557884,19,0,0.000000,0.000000,0.000000,0.000000,0
797,26.070557,26.070557,1,988.173096,636.265381,127.768074,82.267372,16,0,0.000000,0.000000,0.000000,0.000000,0
798,26.104004,26.104004,1,979.994568,640.413513,126.710617,82.803711,22,0,0.000000,0.000000,0.000000,0.000000,0
799,26.137207,26.137207,1,970.200012,645.112915,125.444206,83.411331,19,0,0.000000,0.000000,0.000000,0.000000,0
800,26.170654,26.170654,1,960.093445,649.141846,124.137451,83.932266,17,0,0.000000,0.000000,0.000000,0.000000,0
801,26.204102,26.204102,1,947.967163,652.788879,122.569565,84.403816,19,0,0.000000,0.000000,0.000000,0.000000,0
802,26.237305,26.237305,1,938.020142,655.390503,121.283432,84.740204,24,0,0.000000,0.000000,0.000000,0.000000,0
803,26.270752,26.270752,1,926.798035,657.467957,119.832451,85.008812,13,0,0.000000,0.000000,0.000000,0.000000,0
804,26.303955,26.303955,1,915.441467,658.354370,118.364075,85.123413,20,0,0.000000,0.000000,0.000000,0.000000,0
805,26.337402,26.337402,1,903.137390,659.881653,116.773193,85.320892,16,0,0.000000,0.000000,0.000000,0.000000,0
806,26.370605,26.370605,1,892.893494,658.295837,115.448685,85.115852,19,0,0.000000,0.000000,0.000000,0.000000,0
807,26.404053,26.404053,1,882.260864,658.406860,114.073914,85.130203,18,0,0.000000,0.000000,0.000000,0.000000,0
808,26.437256,26.437256,1,869.566467,656.857422,112.432564,84.929863,15,0,0.000000,0.000000,0.000000,0.000000,0
809,26.470703,26.470703,1,861.104431,654.846375,111.338448,84.669846,18,0,0.000000,0.000000,0.000000,0.000000,0
810,26.537354,26.537354,1,837.737610,648.244873,108.317177,83.816292,20,0,0.000000,0.000000,0.000000,0.000000,0
811,26.570801,26.570801,1,827.140869,644.255554,106.947044,83.300476,15,0,0.000000,0.000000,0.000000,0.000000,0
812,26.604004,26.604004,1,817.424866,640.839355,105.690796,82.858780,11,0,0.000000,0.000000,0.000000,0.000000,0
813,26.637451,26.637451,1,806.193604,634.193604,104.238632,81.999504,12,0,0.000000,0.000000,0.000000,0.000000,0
815,26.670654,26.670654,1,794.608459,627.328064,102.740700,81.111801,6,0,0.000000,0.000000,0.000000,0.000000,0
816,26.704102,26.704102,1,787.330933,621.473633,101.799736,80.354836,19,0,0.000000,0.000000,0.000000,0.000000,0
817,26.737305,26.737305,1,777.254700,612.932556,100.496902,79.250504,17,0,0.000000,0.000000,0.000000,0.000000,0
818,26.770752,26.770752,1,769.261108,605.661133,99.463356,78.310326,11,0,0.000000,0.000000,0.000000,0.000000,0
819,26.804199,26.804199,1,761.365479,597.030457,98.442474,77.194405,6,0,0.000000,0.000000,0.000000,0.000000,0
820,26.837402,26.837402,1,753.654907,586.207825,97.445518,75.795067,15,0,0.000000,0.000000,0.000000,0.000000,0
821,26.870850,26.870850,1,746.915710,577.206909,96.574158,74.631271,8,0,0.000000,0.000000,0.000000,0.000000,0
822,26.904053,26.904053,1,740.403748,566.577637,95.732178,73.256935,10,0,0.000000,0.000000,0.000000,0.000000,0
823,26.937500,26.937500,1,734.329834,552.319275,94.946838,71.413376,17,0,0.000000,0.000000,0.000000,0.000000,0
824,26.970703,26.970703,1,729.819702,543.351318,94.363686,70.253838,13,0,0.000000,0.000000,0.000000,0.000000,0
825,27.004150,27.004150,1,726.054443,529.632629,93.876846,68.480049,9,0,0.000000,0.000000,0.000000,0.000000,0
826,27.037354,27.037354,1,722.161316,514.705078,93.373482,66.549957,7,0,0.000000,0.000000,0.000000,0.000000,0
827,27.070801,27.070801,1,721.713867,504.613068,93.315628,65.245087,11,0,0.000000,0.000000,0.000000,0.000000,0
828,27.104248,27.104248,1,720.504150,489.033051,93.159210,63.230637,4,0,0.000000,0.000000,0.000000,0.000000,0
829,27.137451,27.137451,1,720.978149,478.420776,93.220497,61.858494,6,0,0.000000,0.000000,0.000000,0.000000,0
830,27.170898,27.170898,0,0.000000,0.000000,0.000000,0.000000,0,0,0.000000,0.000000,0.000000,0.000000,0
831,27.204102,27.204102,1,724.139404,449.399994,93.629242,58.106190,5,0,0.000000,0.000000,0.000000,0.000000,0
832,27.237549,27.237549,1,726.504272,435.991455,93.935013,56.372501,4,0,0.000000,0.000000,0.000000,0.000000,0
833,27.270752,27.270752,1,733.146484,420.605103,94.793839,54.383087,9,0,0.000000,0.000000,0.000000,0.000000,0
834,27.304199,27.304199,1,742.376343,403.086029,95.987228,52.117920,3,0,0.000000,0.000000,0.000000,0.000000,0
835,27.337402,27.337402,1,747.000000,393.000000,96.585052,50.813824,1,0,0.000000,0.000000,0.000000,0.000000,0
836,27.370850,27.370850,1,753.267151,383.876709,97.395378,49.634209,9,0,0.000000,0.000000,0.000000,0.000000,0
837,27.404297,27.404297,1,760.033325,377.000000,98.270233,48.745068,2,0,0.000000,0.000000,0.000000,0.000000,0
838,27.437500,27.437500,1,773.644470,360.933319,100.030106,46.667690,3,0,0.000000,0.000000,0.000000,0.000000,0
839,27.470947,27.470947,1,787.333313,348.656250,101.800041,45.080299,6,0,0.000000,0.000000,0.000000,0.000000,0
840,27.504150,27.504150,1,793.000000,345.878784,102.532730,44.721180,2,0,0.000000,0.000000,0.000000,0.000000,0
841,27.537598,27.537598,1,809.905029,335.737427,104.718506,43.409931,11,0,0.000000,0.000000,0.000000,0.000000,0
842,27.570801,27.570801,1,823.000000,331.000000,106.411644,42.797394,1,0,0.000000,0.000000,0.000000,0.000000,0
843,27.604248,27.604248,1,837.968445,323.600006,108.347023,41.840595,6,0,0.000000,0.000000,0.000000,0.000000,0
844,27.637451,27.637451,1,858.325867,317.651672,110.979179,41.071495,3,0,0.000000,0.000000,0.000000,0.000000,0
845,27.670898,27.670898,1,870.975586,320.207306,112.614761,41.401928,5,0,0.000000,0.000000,0.000000,0.000000,0
846,27.704102,27.704102,1,895.000000,323.000000,115.721046,41.763016,1,0,0.000000,0.000000,0.000000,0.000000,0
847,27.737549,27.737549,1,910.648926,323.000000,117.744415,41.763016,6,0,0.000000,0.000000,0.000000,0.000000,0
848,27.770996,27.770996,1,917.516113,322.467743,118.632324,41.694195,4,0,0.000000,0.000000,0.000000,0.000000,0
849,27.804199,27.804199,1,941.436951,331.537811,121.725227,42.866932,4,0,0.000000,0.000000,0.000000,0.000000,0
850,27.837646,27.837646,1,950.333313,337.666656,122.875496,43.659374,3,0,0.000000,0.000000,0.000000,0.000000,0
851,27.870850,27.870850,1,965.000000,346.000000,124.771858,44.736855,2,0,0.000000,0.000000,0.000000,0.000000,0
852,27.904297,27.904297,1,980.024780,355.000000,126.714523,45.900528,4,0,0.000000,0.000000,0.000000,0.000000,0
853,27.937500,27.937500,1,989.209900,363.717560,127.902138,47.027683,16,0,0.000000,0.000000,0.000000,0.000000,0
854,27.970947,27.970947,1,1000.414246,377.965698,129.350830,48.869930,12,0,0.000000,0.000000,0.000000,0.000000,0
855,28.004150,28.004150,1,1006.951355,387.455933,130.196060,50.096992,10,0,0.000000,0.000000,0.000000,0.000000,0
856,28.037598,28.037598,1,1015.000000,409.000000,131.236725,52.882580,1,0,0.000000,0.000000,0.000000,0.000000,0
857,28.071045,28.071045,1,1020.477661,423.822510,131.944962,54.799091,20,0,0.000000,0.000000,0.000000,0.000000,0
858,28.104248,28.104248,1,1023.306885,436.407410,132.310776,56.426285,6,0,0.000000,0.000000,0.000000,0.000000,0
859,28.137695,28.137695,1,1024.597534,460.962250,132.477646,59.601158,5,0,0.000000,0.000000,0.000000,0.000000,0
860,28.170898,28.170898,0,0.000000,0.000000,0.000000,0.000000,0,0,0.000000,0.000000,0.000000,0.000000,0
861,28.204346,28.204346,1,1019.740112,493.607941,131.849609,63.822155,14,0,0.000000,0.000000,0.000000,0.000000,0
862,28.237549,28.237549,1,1012.949646,509.172668,130.971619,65.834633,17,0,0.000000,0.000000,0.000000,0.000000,0
863,28.270996,28.270996,1,1003.692017,527.785461,129.774628,68.241219,17,0,0.000000,0.000000,0.000000,0.000000,0
864,28.304199,28.304199,1,990.824463,543.815063,128.110886,70.313797,10,0,0.000000,0.000000,0.000000,0.000000,0
865,28.337646,28.337646,1,976.897705,557.064392,126.310204,72.026901,15,0,0.000000,0.000000,0.000000,0.000000,0
866,28.371094,28.371094,1,958.629639,569.010559,123.948189,73.571510,6,0,0.000000,0.000000,0.000000,0.000000,0
867,28.404297,28.404297,1,950.550232,573.445435,122.903542,74.144920,14,0,0.000000,0.000000,0.000000,0.000000,0
868,28.437744,28.437744,1,929.450195,580.567078,120.175369,75.065735,13,0,0.000000,0.000000,0.000000,0.000000,0
869,28.470947,28.470947,1,906.089233,584.075500,117.154861,75.519363,13,0,0.000000,0.000000,0.000000,0.000000,0
870,28.504395,28.504395,1,891.912109,583.180542,115.321793,75.403648,13,0,0.000000,0.000000,0.000000,0.000000,0
871,28.537598,28.537598,1,872.792542,580.071411,112.849686,75.001648,18,0,0.000000,0.000000,0.000000,0.000000,0
872,28.571045,28.571045,1,851.379089,573.784302,110.080986,74.188744,5,0,0.000000,0.000000,0.000000,0.000000,0
873,28.604248,28.604248,1,838.314392,565.235779,108.391762,73.083443,14,0,0.000000,0.000000,0.000000,0.000000,0
874,28.637695,28.637695,1,821.000000,551.000000,106.153053,71.242790,1,0,0.000000,0.000000,0.000000,0.000000,0
875,28.671143,28.671143,1,807.976013,539.960022,104.469086,69.815353,4,0,0.000000,0.000000,0.000000,0.000000,0
876,28.704346,28.704346,1,789.000000,514.957458,102.015541,66.582588,3,0,0.000000,0.000000,0.000000,0.000000,0
877,28.737793,28.737793,1,785.000000,495.000000,101.498352,64.002144,1,0,0.000000,0.000000,0.000000,0.000000,0
878,28.770996,28.770996,1,780.016418,477.000000,100.853981,61.674793,2,0,0.000000,0.000000,0.000000,0.000000,0
879,28.804443,28.804443,1,783.000000,463.050964,101.239754,59.871220,5,0,0.000000,0.000000,0.000000,0.000000,0
880,28.837646,28.837646,1,787.000000,438.980774,101.756943,56.759010,3,0,0.000000,0.000000,0.000000,0.000000,0
881,28.871094,28.871094,1,791.969055,423.020630,102.399437,54.695408,6,0,0.000000,0.000000,0.000000,0.000000,0
882,28.904297,28.904297,1,798.000000,410.524597,103.179214,53.079704,4,0,0.000000,0.000000,0.000000,0.000000,0
883,28.937744,28.937744,1,817.000000,385.000000,105.635864,49.779446,1,0,0.000000,0.000000,0.000000,0.000000,0
884,28.971191,28.971191,0,0.000000,0.000000,0.000000,0.000000,0,0,0.000000,0.000000,0.000000,0.000000,0
885,29.004395,29.004395,0,0.000000,0.000000,0.000000,0.000000,0,0,0.000000,0.000000,0.000000,0.000000,0
886,29.037842,29.037842,1,872.016968,363.000000,112.749405,46.934906,2,0,0.000000,0.000000,0.000000,0.000000,0
887,29.071045,29.071045,0,0.000000,0.000000,0.000000,0.000000,0,0,0.000000,0.000000,0.000000,0.000000,0
888,29.104492,29.104492,1,916.983765,361.991882,118.563484,46.804558,4,0,0.000000,0.000000,0.000000,0.000000,0
889,29.137695,29.137695,1,927.829956,366.619049,119.965874,47.402840,5,0,0.000000,0.000000,0.000000,0.000000,0
890,29.171143,29.171143,1,957.551208,385.535431,123.808746,49.848675,4,0,0.000000,0.000000,0.000000,0.000000,0
891,29.204346,29.204346,1,969.000000,393.000000,125.289047,50.813824,1,0,0.000000,0.000000,0.000000,0.000000,0
892,29.237793,29.237793,1,985.000000,417.000000,127.357803,53.916958,3,0,0.000000,0.000000,0.000000,0.000000,0
893,29.271240,29.271240,1,995.000000,439.942139,128.650772,56.883316,4,0,0.000000,0.000000,0.000000,0.000000,0
894,29.304443,29.304443,1,997.000000,456.581085,128.909378,59.034683,5,0,0.000000,0.000000,0.000000,0.000000,0
895,29.337891,29.337891,1,996.034729,486.119690,128.784561,62.853947,8,0,0.000000,0.000000,0.000000,0.000000,0
896,29.371094,29.371094,1,994.477600,502.134338,128.583237,64.924591,4,0,0.000000,0.000000,0.000000,0.000000,0
897,29.404541,29.404541,1,983.476929,524.569214,127.160873,67.825363,4,0,0.000000,0.000000,0.000000,0.000000,0
898,29.437744,29.437744,1,970.701477,540.920410,125.509048,69.939529,6,0,0.000000,0.000000,0.000000,0.000000,0
899,29.471191,29.471191,1,945.607849,560.313721,122.264503,72.447029,3,0,0.000000,0.000000,0.000000,0.000000,0
900,29.504395,29.504395,1,931.486023,566.616028,120.438591,73.261902,22,0,0.000000,0.000000,0.000000,0.000000,0
901,29.537842,29.537842,1,914.658020,570.532471,118.262779,73.768288,14,0,0.000000,0.000000,0.000000,0.000000,0
902,29.571289,29.571289,1,884.597290,571.556580,114.376007,73.900696,13,0,0.000000,0.000000,0.000000,0.000000,0
903,29.604492,29.604492,1,861.054626,564.038269,111.332008,72.928604,6,0,0.000000,0.000000,0.000000,0.000000,0
904,29.637939,29.637939,1,833.978699,548.049622,107.831169,70.861320,4,0,0.000000,0.000000,0.000000,0.000000,0
905,29.671143,29.671143,0,0.000000,0.000000,0.000000,0.000000,0,0,0.000000,0.000000,0.000000,0.000000,0
906,29.704590,29.704590,1,815.919678,524.094910,105.496185,67.764038,4,0,0.000000,0.000000,0.000000,0.000000,0
907,29.737793,29.737793,1,804.103149,496.515686,103.968338,64.198120,7,0,0.000000,0.000000,0.000000,0.000000,0
908,29.771240,29.771240,1,801.000000,471.000000,103.567108,60.899010,1,0,0.000000,0.000000,0.000000,0.000000,0
909,29.804443,29.804443,1,814.015869,434.015869,105.250023,56.117065,2,0,0.000000,0.000000,0.000000,0.000000,0
910,29.837891,29.837891,0,0.000000,0.000000,0.000000,0.000000,0,0,0.000000,0.000000,0.000000,0.000000,0
911,29.871094,29.871094,1,839.000000,401.000000,108.480400,51.848202,1,0,0.000000,0.000000,0.000000,0.000000,0
912,29.904541,29.904541,1,856.572327,391.477997,110.752457,50.617031,5,0,0.000000,0.000000,0.000000,0.000000,0
913,29.937988,29.937988,0,0.000000,0.000000,0.000000,0.000000,0,0,0.000000,0.000000,0.000000,0.000000,0
914,29.971191,29.971191,1,911.000000,385.000000,117.789810,49.779446,1,0,0.000000,0.000000,0.000000,0.000000,0
915,30.004639,30.004639,0,0.000000,0.000000,0.000000,0.000000,0,0,0.000000,0.000000,0.000000,0.000000,0
916,30.037842,30.037842,1,957.013184,404.250000,123.739182,52.268417,5,0,0.000000,0.000000,0.000000,0.000000,0
917,30.071289,30.071289,1,969.659119,416.340912,125.374268,53.831741,3,0,0.000000,0.000000,0.000000,0.000000,0
918,30.104492,30.104492,1,983.983582,443.000000,127.226387,57.278687,2,0,0.000000,0.000000,0.000000,0.000000,0
919,30.137939,30.137939,1,990.005005,459.100494,128.004944,59.360439,6,0,0.000000,0.000000,0.000000,0.000000,0
920,30.171143,30.171143,1,991.000000,497.920624,128.133591,64.379776,2,0,0.000000,0.000000,0.000000,0.000000,0
921,30.204590,30.204590,1,987.000000,512.033325,127.616402,66.204506,2,0,0.000000,0.000000,0.000000,0.000000,0
922,30.271240,30.271240,1,959.810364,554.224121,124.100853,71.659660,7,0,0.000000,0.000000,0.000000,0.000000,0
924,30.304688,30.304688,1,938.114136,569.609863,121.295593,73.649002,18,0,0.000000,0.000000,0.000000,0.000000,0
925,30.337891,30.337891,1,913.093872,581.036072,118.060539,75.126381,8,0,0.000000,0.000000,0.000000,0.000000,0
926,30.371338,30.371338,1,895.936707,583.283569,115.842163,75.416969,13,0,0.000000,0.000000,0.000000,0.000000,0
927,30.404541,30.404541,1,877.967712,582.354858,113.518829,75.296890,6,0,0.000000,0.000000,0.000000,0.000000,0
928,30.437988,30.437988,1,856.000000,579.000000,110.678459,74.863113,2,0,0.000000,0.000000,0.000000,0.000000,0
929,30.471191,30.471191,1,825.991882,560.983765,106.798485,72.533661,4,0,0.000000,0.000000,0.000000,0.000000,0
930,30.504639,30.504639,1,803.966675,537.000000,103.950691,69.432632,2,0,0.000000,0.000000,0.000000,0.000000,0
931,30.538086,30.538086,1,798.269714,521.738586,103.214088,67.459373,8,0,0.000000,0.000000,0.000000,0.000000,0
932,30.571289,30.571289,1,794.214294,491.464294,102.689735,63.544987,5,0,0.000000,0.000000,0.000000,0.000000,0
933,30.604736,30.604736,1,798.597412,470.584412,103.256454,60.845276,5,0,0.000000,0.000000,0.000000,0.000000,0
934,30.637939,30.637939,1,808.284241,450.389465,104.508934,58.234127,3,0,0.000000,0.000000,0.000000,0.000000,0
935,30.671387,30.671387,1,837.681824,422.977264,108.309967,54.689804,3,0,0.000000,0.000000,0.000000,0.000000,0
936,30.704590,30.704590,1,853.311340,416.433960,110.330818,53.843773,7,0,0.000000,0.000000,0.000000,0.000000,0
937,30.738037,30.738037,0,0.000000,0.000000,0.000000,0.000000,0,0,0.000000,0.000000,0.000000,0.000000,0
938,30.771240,30.771240,1,911.000000,423.000000,117.789810,54.692741,1,0,0.000000,0.000000,0.000000,0.000000,0
939,30.804688,30.804688,1,937.217407,453.422363,121.179642,58.626270,10,0,0.000000,0.000000,0.000000,0.000000,0
940,30.871338,30.871338,1,935.000000,505.021973,120.892944,65.297958,3,0,0.000000,0.000000,0.000000,0.000000,0
941,30.904785,30.904785,1,912.419739,528.841370,117.973373,68.377747,16,0,0.000000,0.000000,0.000000,0.000000,0
943,30.937988,30.937988,1,888.969360,538.010193,114.941307,69.563248,6,0,0.000000,0.000000,0.000000,0.000000,0
944,31.004639,31.004639,1,829.147156,505.463226,107.206459,65.355011,10,0,0.000000,0.000000,0.000000,0.000000,0
945,31.038086,31.038086,1,821.481323,475.788391,106.215286,61.518135,8,0,0.000000,0.000000,0.000000,0.000000,0
946,31.071289,31.071289,1,831.799988,442.226654,107.549461,57.178696,5,0,0.000000,0.000000,0.000000,0.000000,0
947,31.104736,31.104736,1,856.015869,423.000000,110.680511,54.692741,2,0,0.000000,0.000000,0.000000,0.000000,0
948,31.138184,31.138184,1,888.974976,420.174988,114.942032,54.327477,5,0,0.000000,0.000000,0.000000,0.000000,0
949,31.171387,31.171387,0,0.000000,0.000000,0.000000,0.000000,0,0,0.000000,0.000000,0.000000,0.000000,0
950,31.204834,31.204834,1,925.624329,472.047607,119.680695,61.034466,6,0,0.000000,0.000000,0.000000,0.000000,0
951,31.238037,31.238037,1,903.000000,499.000000,116.755432,64.519333,1,0,0.000000,0.000000,0.000000,0.000000,0
952,31.271484,31.271484,1,872.347534,494.851074,112.792145,63.982887,9,0,0.000000,0.000000,0.000000,0.000000,0
953,31.304688,31.304688,1,859.000000,468.032257,111.066345,60.515289,4,0,0.000000,0.000000,0.000000,0.000000,0
954,31.338135,31.338135,1,870.048157,445.320862,112.494843,57.578766,6,0,0.000000,0.000000,0.000000,0.000000,0
955,31.371338,31.371338,1,888.604492,436.485077,114.894127,56.436325,8,0,0.000000,0.000000,0.000000,0.000000,0
956,31.404785,31.404785,1,907.000000,445.000000,117.272621,57.537281,1,0,0.000000,0.000000,0.000000,0.000000,0
957,31.438232,31.438232,1,908.715698,470.067322,117.494453,60.778419,12,0,0.000000,0.000000,0.000000,0.000000,0
958,31.471436,31.471436,1,886.000000,476.028992,114.557373,61.549244,4,0,0.000000,0.000000,0.000000,0.000000,0
959,31.504883,31.504883,1,879.586975,471.130432,113.728188,60.915874,12,0,0.000000,0.000000,0.000000,0.000000,0
961,31.538086,31.538086,1,874.705627,449.906555,113.097038,58.171684,14,0,0.000000,0.000000,0.000000,0.000000,0
962,31.571533,31.571533,1,885.301697,437.767242,114.467087,56.602104,14,0,0.000000,0.000000,0.000000,0.000000,0
963,31.604736,31.604736,1,900.370056,437.202637,116.415382,56.529106,14,0,0.000000,0.000000,0.000000,0.000000,0
964,31.638184,31.638184,1,907.959656,448.096771,117.396698,57.937687,8,0,0.000000,0.000000,0.000000,0.000000,0
965,31.671387,31.671387,1,906.305237,455.631592,117.182793,58.911915,3,0,0.000000,0.000000,0.000000,0.000000,0
966,31.704834,31.704834,1,899.797546,460.202454,116.341362,59.502918,5,0,0.000000,0.000000,0.000000,0.000000,0
967,31.771484,31.771484,1,902.732483,454.605103,116.720840,58.779194,9,0,0.000000,0.000000,0.000000,0.000000,0
968,31.804932,31.804932,1,907.401794,459.952606,117.324570,59.470612,13,0,0.000000,0.000000,0.000000,0.000000,0
969,31.838135,31.838135,1,908.780884,464.230774,117.502884,60.023769,12,0,0.000000,0.000000,0.000000,0.000000,0
970,31.871582,31.871582,1,911.757080,465.361572,117.887695,60.169979,5,0,0.000000,0.000000,0.000000,0.000000,0
971,31.904785,31.904785,1,913.231323,468.052246,118.078316,60.517872,8,0,0.000000,0.000000,0.000000,0.000000,0
973,31.938232,31.938232,1,912.883667,469.496643,118.033363,60.704632,13,0,0.000000,0.000000,0.000000,0.000000,0
974,32.004883,32.004883,1,916.955444,469.276184,118.559830,60.676125,13,0,0.000000,0.000000,0.000000,0.000000,0
975,32.038086,32.038086,1,918.671326,469.279724,118.781685,60.676582,8,0,0.000000,0.000000,0.000000,0.000000,0
976,32.071533,32.071533,1,921.271606,469.650208,119.117897,60.724487,7,0,0.000000,0.000000,0.000000,0.000000,0
977,32.104980,32.104980,1,920.351624,471.576935,118.998947,60.973606,10,0,0.000000,0.000000,0.000000,0.000000,0
978,32.138184,32.138184,1,920.369080,470.697174,119.001205,60.859856,9,0,0.000000,0.000000,0.000000,0.000000,0
979,32.171631,32.171631,1,919.550964,471.049042,118.895416,60.905354,15,0,0.000000,0.000000,0.000000,0.000000,0
980,32.204834,32.204834,1,917.864746,471.700256,118.677399,60.989552,11,0,0.000000,0.000000,0.000000,0.000000,0
981,32.238281,32.238281,1,916.109619,472.368774,118.450470,61.075989,9,0,0.000000,0.000000,0.000000,0.000000,0
982,32.271484,32.271484,1,911.793091,471.482758,117.892349,60.961430,5,0,0.000000,0.000000,0.000000,0.000000,0
983,32.304932,32.304932,1,911.836182,467.406769,117.897919,60.434418,5,0,0.000000,0.000000,0.000000,0.000000,0
985,32.338135,32.338135,1,912.769409,468.689209,118.018585,60.600235,12,0,0.000000,0.000000,0.000000,0.000000,0
986,32.371582,32.371582,1,913.015564,471.249023,118.050415,60.931210,8,0,0.000000,0.000000,0.000000,0.000000,0
987,32.438232,32.438232,1,905.488525,470.435120,117.077194,60.825974,4,0,0.000000,0.000000,0.000000,0.000000,0
988,32.471680,32.471680,1,907.851562,466.751831,117.382721,60.349735,12,0,0.000000,0.000000,0.000000,0.000000,0
989,32.504883,32.504883,1,911.010803,467.345947,117.791206,60.426552,6,0,0.000000,0.000000,0.000000,0.000000,0
990,32.538330,32.538330,1,915.303040,468.772736,118.346176,60.611031,8,0,0.000000,0.000000,0.000000,0.000000,0
991,32.571533,32.571533,1,917.795776,472.725342,118.668480,61.122093,8,0,0.000000,0.000000,0.000000,0.000000,0
992,32.604980,32.604980,1,915.238342,476.392517,118.337807,61.596249,13,0,0.000000,0.000000,0.000000,0.000000,0
993,32.638184,32.638184,1,909.137634,475.117401,117.549011,61.431381,15,0,0.000000,0.000000,0.000000,0.000000,0
994,32.671631,32.671631,1,907.576172,467.809509,117.347115,60.486492,12,0,0.000000,0.000000,0.000000,0.000000,0
995,32.705078,32.705078,1,912.763550,465.527100,118.017830,60.191380,12,0,0.000000,0.000000,0.000000,0.000000,0
996,32.738281,32.738281,1,918.512207,471.520325,118.761116,60.966286,4,0,0.000000,0.000000,0.000000,0.000000,0
998,32.771729,32.771729,1,917.000000,474.016388,118.565590,61.289021,2,0,0.000000,0.000000,0.000000,0.000000,0
999,32.804932,32.804932,1,910.061218,477.030609,117.668427,61.678753,6,0,0.000000,0.000000,0.000000,0.000000,0
1000,32.838379,32.838379,1,907.380554,475.601776,117.321815,61.494007,7,0,0.000000,0.000000,0.000000,0.000000,0
1001,32.871582,32.871582,1,907.676392,471.939178,117.360077,61.020443,12,0,0.000000,0.000000,0.000000,0.000000,0
1002,32.905029,32.905029,1,908.465210,472.454041,117.462059,61.087013,11,0,0.000000,0.000000,0.000000,0.000000,0
1003,32.938232,32.938232,1,905.536011,474.268005,117.083328,61.321556,10,0,0.000000,0.000000,0.000000,0.000000,0
1004,32.971680,32.971680,1,903.809692,472.639679,116.860123,61.111015,13,0,0.000000,0.000000,0.000000,0.000000,0
1005,33.005127,33.005127,1,902.220337,471.418091,116.654617,60.953068,5,0,0.000000,0.000000,0.000000,0.000000,0
1006,33.038330,33.038330,1,903.398743,472.779144,116.806992,61.129047,10,0,0.000000,0.000000,0.000000,0.000000,0
1007,33.071777,33.071777,1,903.016785,474.957977,116.757599,61.410767,7,0,0.000000,0.000000,0.000000,0.000000,0
1008,33.104980,33.104980,1,902.400818,473.825897,116.677956,61.264393,7,0,0.000000,0.000000,0.000000,0.000000,0
1009,33.138428,33.138428,1,903.605835,474.929474,116.833755,61.407078,14,0,0.000000,0.000000,0.000000,0.000000,0
1010,33.171631,33.171631,1,902.725769,478.190643,116.719971,61.828739,9,0,0.000000,0.000000,0.000000,0.000000,0
1011,33.205078,33.205078,1,899.254822,479.692535,116.271187,62.022930,11,0,0.000000,0.000000,0.000000,0.000000,0
1012,33.238281,33.238281,1,897.430847,476.897095,116.035355,61.661491,9,0,0.000000,0.000000,0.000000,0.000000,0
1013,33.271729,33.271729,1,898.747681,476.074768,116.205612,61.555164,13,0,0.000000,0.000000,0.000000,0.000000,0
1014,33.305176,33.305176,1,899.750000,475.904755,116.335213,61.533184,5,0,0.000000,0.000000,0.000000,0.000000,0
1015,33.338379,33.338379,1,899.016663,477.625000,116.240395,61.755604,7,0,0.000000,0.000000,0.000000,0.000000,0
1016,33.371826,33.371826,1,894.434570,479.345978,115.647949,61.978127,7,0,0.000000,0.000000,0.000000,0.000000,0
1017,33.405029,33.405029,1,889.681641,476.959656,115.033394,61.669575,14,0,0.000000,0.000000,0.000000,0.000000,0
1018,33.438477,33.438477,1,887.652710,469.808380,114.771065,60.744938,10,0,0.000000,0.000000,0.000000,0.000000,0
1019,33.471680,33.471680,1,888.157532,464.472534,114.836334,60.055027,8,0,0.000000,0.000000,0.000000,0.000000,0
1020,33.505127,33.505127,1,894.058838,463.021393,115.599358,59.867397,6,0,0.000000,0.000000,0.000000,0.000000,0
1021,33.538330,33.538330,1,897.223999,462.813324,116.008606,59.840496,11,0,0.000000,0.000000,0.000000,0.000000,0
1022,33.571777,33.571777,1,899.675659,464.770264,116.325600,60.093525,9,0,0.000000,0.000000,0.000000,0.000000,0
1023,33.604980,33.604980,1,899.287903,464.888885,116.275459,60.108860,12,0,0.000000,0.000000,0.000000,0.000000,0
1024,33.638428,33.638428,1,899.440918,464.887115,116.295250,60.108631,15,0,0.000000,0.000000,0.000000,0.000000,0
1025,33.671875,33.671875,1,900.369690,463.757568,116.415337,59.962585,10,0,0.000000,0.000000,0.000000,0.000000,0
1026,33.705078,33.705078,1,898.964172,464.902802,116.233612,60.110661,11,0,0.000000,0.000000,0.000000,0.000000,0
1027,33.771729,33.771729,1,905.134644,468.880310,117.031433,60.624939,12,0,0.000000,0.000000,0.000000,0.000000,0
1028,33.805176,33.805176,1,906.615356,477.430084,117.222885,61.730400,17,0,0.000000,0.000000,0.000000,0.000000,0
1029,33.838379,33.838379,1,900.948181,482.119171,116.490135,62.336689,6,0,0.000000,0.000000,0.000000,0.000000,0
1030,33.871826,33.871826,1,896.966553,482.941437,115.975319,62.443005,7,0,0.000000,0.000000,0.000000,0.000000,0
1031,33.905029,33.905029,1,896.682129,475.986755,115.938545,61.543785,9,0,0.000000,0.000000,0.000000,0.000000,0
1032,33.938477,33.938477,1,898.056030,474.970490,116.116188,61.412384,10,0,0.000000,0.000000,0.000000,0.000000,0
1034,33.971924,33.971924,1,900.344849,478.870697,116.412125,61.916668,14,0,0.000000,0.000000,0.000000,0.000000,0
1035,34.038574,34.038574,1,889.644470,482.692322,115.028595,62.410793,14,0,0.000000,0.000000,0.000000,0.000000,0
1036,34.071777,34.071777,1,887.601257,478.234192,114.764412,61.834370,10,0,0.000000,0.000000,0.000000,0.000000,0
1037,34.105225,34.105225,1,886.033325,479.000000,114.561684,61.933388,2,0,0.000000,0.000000,0.000000,0.000000,0
1038,34.138428,34.138428,1,888.000000,479.342865,114.815971,61.977718,12,0,0.000000,0.000000,0.000000,0.000000,0
1039,34.171875,34.171875,1,886.984741,483.263947,114.684700,62.484707,12,0,0.000000,0.000000,0.000000,0.000000,0
1040,34.205078,34.205078,1,882.848511,481.722229,114.149895,62.285366,11,0,0.000000,0.000000,0.000000,0.000000,0
1041,34.238525,34.238525,1,883.259399,477.744019,114.203018,61.770996,9,0,0.000000,0.000000,0.000000,0.000000,0
1042,34.271973,34.271973,1,886.995056,478.206909,114.686035,61.830841,12,0,0.000000,0.000000,0.000000,0.000000,0
1043,34.305176,34.305176,1,888.635193,479.970673,114.898094,62.058895,8,0,0.000000,0.000000,0.000000,0.000000,0
1044,34.338623,34.338623,1,891.443054,477.886078,115.261147,61.789360,5,0,0.000000,0.000000,0.000000,0.000000,0
1045,34.371826,34.371826,1,895.134583,478.767578,115.738449,61.903339,10,0,0.000000,0.000000,0.000000,0.000000,0
1046,34.405273,34.405273,1,897.880005,482.615997,116.093430,62.400928,7,0,0.000000,0.000000,0.000000,0.000000,0
1047,34.438477,34.438477,1,896.078552,487.742859,115.860504,63.063816,8,0,0.000000,0.000000,0.000000,0.000000,0
1048,34.471924,34.471924,1,891.947632,487.015717,115.326385,62.969799,10,0,0.000000,0.000000,0.000000,0.000000,0
1049,34.505127,34.505127,1,890.398010,483.990051,115.126022,62.578590,11,0,0.000000,0.000000,0.000000,0.000000,0
1050,34.538574,34.538574,1,892.904968,481.617706,115.450165,62.271851,13,0,0.000000,0.000000,0.000000,0.000000,0
1051,34.572021,34.572021,1,896.460083,481.765259,115.909836,62.290928,13,0,0.000000,0.000000,0.000000,0.000000,0
1052,34.605225,34.605225,1,898.952759,485.000000,116.232132,62.709171,15,0,0.000000,0.000000,0.000000,0.000000,0
1053,34.638672,34.638672,1,897.639160,490.975952,116.062286,63.481846,16,0,0.000000,0.000000,0.000000,0.000000,0
1054,34.671875,34.671875,1,893.064148,491.755798,115.470757,63.582680,16,0,0.000000,0.000000,0.000000,0.000000,0
1055,34.705322,34.705322,1,889.053467,488.753998,114.952179,63.194557,6,0,0.000000,0.000000,0.000000,0.000000,0
1056,34.738525,34.738525,1,888.754517,486.119751,114.913521,62.853954,9,0,0.000000,0.000000,0.000000,0.000000,0
1058,34.771973,34.771973,1,889.632507,483.603973,115.027046,62.528671,10,0,0.000000,0.000000,0.000000,0.000000,0
1059,34.805176,34.805176,1,889.003235,483.829041,114.945686,62.557770,16,0,0.000000,0.000000,0.000000,0.000000,0
1060,34.838623,34.838623,1,884.904297,484.153656,114.415703,62.599743,11,0,0.000000,0.000000,0.000000,0.000000,0
1061,34.872070,34.872070,1,880.372925,481.877899,113.829811,62.305492,9,0,0.000000,0.000000,0.000000,0.000000,0
1062,34.938721,34.938721,1,876.744324,478.698853,113.360641,61.894451,10,0,0.000000,0.000000,0.000000,0.000000,0
1063,34.971924,34.971924,1,872.799622,478.304199,112.850601,61.843422,15,0,0.000000,0.000000,0.000000,0.000000,0
1064,35.005371,35.005371,1,870.508484,476.016937,112.554359,61.547688,4,0,0.000000,0.000000,0.000000,0.000000,0
1065,35.038574,35.038574,1,869.083923,473.716797,112.370171,61.250282,16,0,0.000000,0.000000,0.000000,0.000000,0
1066,35.072021,35.072021,1,872.000000,472.979797,112.747215,61.154995,6,0,0.000000,0.000000,0.000000,0.000000,0
1067,35.105225,35.105225,1,873.841858,474.313873,112.985359,61.327484,12,0,0.000000,0.000000,0.000000,0.000000,0
1068,35.138672,35.138672,1,874.785217,475.323944,113.107330,61.458084,15,0,0.000000,0.000000,0.000000,0.000000,0
1069,35.172119,35.172119,1,873.625000,476.619049,112.957321,61.625538,10,0,0.000000,0.000000,0.000000,0.000000,0
1070,35.205322,35.205322,1,871.679016,476.047089,112.705711,61.551582,20,0,0.000000,0.000000,0.000000,0.000000,0
1071,35.238770,35.238770,1,872.916809,471.095062,112.865761,60.911301,15,0,0.000000,0.000000,0.000000,0.000000,0
1072,35.271973,35.271973,1,879.104431,469.704956,113.665794,60.731567,11,0,0.000000,0.000000,0.000000,0.000000,0
1073,35.305420,35.305420,1,883.684753,475.302429,114.258018,61.455303,19,0,0.000000,0.000000,0.000000,0.000000,0
1074,35.338623,35.338623,1,882.422974,480.339844,114.094879,62.106628,12,0,0.000000,0.000000,0.000000,0.000000,0
1075,35.372070,35.372070,1,879.059326,481.470337,113.659966,62.252796,12,0,0.000000,0.000000,0.000000,0.000000,0
1076,35.405273,35.405273,1,880.413025,479.021729,113.834999,61.936199,11,0,0.000000,0.000000,0.000000,0.000000,0
