frame,t_s,t_b_s,a_p1_ok,a_p1_x_px,a_p1_y_px,a_p1_x_mm,a_p1_y_mm,a_p1_area,a_p2_ok,a_p2_x_px,a_p2_y_px,a_p2_x_mm,a_p2_y_mm,a_p2_area,b_p1_ok,b_p1_h_px,b_p1_z_px,b_p1_h_mm,b_p1_z_mm,b_p1_area,b_p2_ok,b_p2_h_px,b_p2_z_px,b_p2_h_mm,b_p2_z_mm,b_p2_area
1,0.000000,0.000000,1,839.920044,491.622681,90.592957,53.025944,115,0,0.000000,0.000000,0.000000,0.000000,0,0,0.000000,0.000000,0.000000,0.000000,0,0,0.000000,0.000000,0.000000,0.000000,0
4,0.033325,0.033325,1,843.548828,493.852448,90.984352,53.266441,82,0,0.000000,0.000000,0.000000,0.000000,0,0,0.000000,0.000000,0.000000,0.000000,0,0,0.000000,0.000000,0.000000,0.000000,0
7,0.066650,0.066650,1,845.259521,494.430481,91.168861,53.328789,112,1,617.164124,347.594513,66.566719,37.491203,429,0,0.000000,0.000000,0.000000,0.000000,0,0,0.000000,0.000000,0.000000,0.000000,0
11,0.100098,0.100098,1,845.877808,494.407684,91.235558,53.326332,90,1,651.643616,310.368713,70.285645,33.476067,422,0,0.000000,0.000000,0.000000,0.000000,0,0,0.000000,0.000000,0.000000,0.000000,0
13,0.133423,0.133423,1,845.889893,496.474213,91.236855,53.549225,80,1,690.165588,279.294800,74.440590,30.124462,424,0,0.000000,0.000000,0.000000,0.000000,0,0,0.000000,0.000000,0.000000,0.000000,0
16,0.166748,0.166748,1,847.335693,500.408386,91.392799,53.973560,91,1,732.744202,256.250732,79.033073,27.638952,454,0,0.000000,0.000000,0.000000,0.000000,0,0,0.000000,0.000000,0.000000,0.000000,0
19,0.200073,0.200073,1,850.183350,501.974487,91.699951,54.142479,109,1,778.572327,239.626984,83.976051,25.845932,441,0,0.000000,0.000000,0.000000,0.000000,0,0,0.000000,0.000000,0.000000,0.000000,0
22,0.233398,0.233398,1,851.879211,502.204620,91.882866,54.167301,113,1,825.460449,230.764908,89.033356,24.890078,442,0,0.000000,0.000000,0.000000,0.000000,0,0,0.000000,0.000000,0.000000,0.000000,0
24,0.266724,0.266724,1,849.656799,504.376984,91.643150,54.401608,115,1,872.313110,228.224594,94.086838,24.616081,454,0,0.000000,0.000000,0.000000,0.000000,0,0,0.000000,0.000000,0.000000,0.000000,0
28,0.300049,0.300049,1,850.035645,505.701996,91.684013,54.544521,123,1,918.526978,232.218781,99.071426,25.046890,427,0,0.000000,0.000000,0.000000,0.000000,0,0,0.000000,0.000000,0.000000,0.000000,0
30,0.333374,0.333374,1,848.135254,503.305054,91.479034,54.285992,133,1,962.664001,243.614655,103.832001,26.276039,419,0,0.000000,0.000000,0.000000,0.000000,0,0,0.000000,0.000000,0.000000,0.000000,0
34,0.366699,0.366699,1,846.457886,501.793488,91.298119,54.122955,133,1,1002.551147,261.675964,108.134193,28.224113,436,0,0.000000,0.000000,0.000000,0.000000,0,0,0.000000,0.000000,0.000000,0.000000,0
38,0.400024,0.400024,1,847.520569,497.779785,91.412743,53.690041,120,1,1037.884155,285.050964,111.945168,30.745319,424,0,0.000000,0.000000,0.000000,0.000000,0,0,0.000000,0.000000,0.000000,0.000000,0
40,0.433472,0.433472,1,841.782898,496.284790,90.793877,53.528793,175,1,1068.526489,312.573761,115.250221,33.713902,421,0,0.000000,0.000000,0.000000,0.000000,0,0,0.000000,0.000000,0.000000,0.000000,0
43,0.466797,0.466797,1,835.081909,495.829620,90.071121,53.479698,132,1,1094.368530,343.552399,118.037529,37.055225,416,0,0.000000,0.000000,0.000000,0.000000,0,0,0.000000,0.000000,0.000000,0.000000,0
46,0.500122,0.500122,1,838.385437,496.166962,90.427437,53.516083,148,1,1115.242798,376.923187,120.289001,40.654568,404,0,0.000000,0.000000,0.000000,0.000000,0,0,0.000000,0.000000,0.000000,0.000000,0
49,0.533447,0.533447,1,840.070068,495.363403,90.609131,53.429413,154,1,1130.533691,411.040436,121.938255,44.334419,403,0,0.000000,0.000000,0.000000,0.000000,0,0,0.000000,0.000000,0.000000,0.000000,0
51,0.566772,0.566772,1,840.940918,497.056885,90.703064,53.612068,129,1,1141.848267,446.302734,123.158638,48.137779,390,0,0.000000,0.000000,0.000000,0.000000,0,0,0.000000,0.000000,0.000000,0.000000,0
55,0.600098,0.600098,1,840.448669,501.786987,90.649971,54.122253,135,1,1148.548462,481.653870,123.881317,51.950718,386,0,0.000000,0.000000,0.000000,0.000000,0,0,0.000000,0.000000,0.000000,0.000000,0
59,0.633423,0.633423,1,840.581665,502.823151,90.664314,54.234013,134,1,1150.712036,516.785339,124.114685,55.739960,390,0,0.000000,0.000000,0.000000,0.000000,0,0,0.000000,0.000000,0.000000,0.000000,0
61,0.666748,0.666748,1,845.008667,506.762360,91.141815,54.658894,128,1,1150.379517,552.161682,124.078812,59.555618,375,0,0.000000,0.000000,0.000000,0.000000,0,0,0.000000,0.000000,0.000000,0.000000,0
64,0.700073,0.700073,1,845.459839,510.474365,91.190468,55.059265,110,1,1146.287476,586.884277,123.637444,63.300762,364,0,0.000000,0.000000,0.000000,0.000000,0,0,0.000000,0.000000,0.000000,0.000000,0
66,0.733521,0.733521,1,847.597473,515.653931,91.421036,55.617928,116,1,1139.485596,621.016541,122.903801,66.982239,368,0,0.000000,0.000000,0.000000,0.000000,0,0,0.000000,0.000000,0.000000,0.000000,0
70,0.766846,0.766846,1,850.161072,519.699097,91.697540,56.054234,141,1,1128.936035,653.428528,121.765938,70.478165,370,0,0.000000,0.000000,0.000000,0.000000,0,0,0.000000,0.000000,0.000000,0.000000,0
72,1.940430,1.940430,1,848.319885,520.315369,91.498955,56.120705,139,1,1115.684937,683.853577,120.336685,73.759781,363,0,0.000000,0.000000,0.000000,0.000000,0,0,0.000000,0.000000,0.000000,0.000000,0
76,1.973755,1.973755,1,848.323181,520.910095,91.499306,56.184856,134,1,1100.181152,712.068848,118.664467,76.803047,360,0,0.000000,0.000000,0.000000,0.000000,0,0,0.000000,0.000000,0.000000,0.000000,0
78,2.007080,2.007080,1,848.152527,517.832153,91.480904,55.852875,148,1,1082.342529,738.385620,116.740410,79.641556,355,0,0.000000,0.000000,0.000000,0.000000,0,0,0.000000,0.000000,0.000000,0.000000,0
82,2.040405,2.040405,1,847.969971,519.007202,91.461212,55.979607,142,1,1062.473633,762.815063,114.597374,82.276489,362,0,0.000000,0.000000,0.000000,0.000000,0,0,0.000000,0.000000,0.000000,0.000000,0
85,2.073730,2.073730,1,849.817749,521.912842,91.660515,56.293011,154,1,1040.512451,785.931580,112.228653,84.769814,368,0,0.000000,0.000000,0.000000,0.000000,0,0,0.000000,0.000000,0.000000,0.000000,0
88,2.107056,2.107056,1,850.095947,525.501221,91.690521,56.680046,132,1,1016.527161,807.019470,109.641624,87.044327,359,0,0.000000,0.000000,0.000000,0.000000,0,0,0.000000,0.000000,0.000000,0.000000,0
91,2.140503,2.140503,1,844.942993,529.987305,91.134727,57.163914,157,1,990.878601,825.871887,106.875198,89.077736,366,0,0.000000,0.000000,0.000000,0.000000,0,0,0.000000,0.000000,0.000000,0.000000,0
94,2.173828,2.173828,1,840.624451,532.641724,90.668930,57.450218,149,1,963.668335,840.858826,103.940323,90.694206,358,0,0.000000,0.000000,0.000000,0.000000,0,0,0.000000,0.000000,0.000000,0.000000,0
97,2.207153,2.207153,1,835.234314,531.449585,90.087555,57.321632,155,1,935.148926,853.796143,100.864250,92.089622,361,0,0.000000,0.000000,0.000000,0.000000,0,0,0.000000,0.000000,0.000000,0.000000,0
99,2.240479,2.240479,1,835.294067,530.660889,90.094002,57.236565,143,1,906.155823,864.132385,97.737083,93.204475,359,0,0.000000,0.000000,0.000000,0.000000,0,0,0.000000,0.000000,0.000000,0.000000,0
103,2.273804,2.273804,1,835.356506,529.813904,90.100739,57.145210,127,1,876.613464,872.311829,94.550674,94.086708,361,0,0.000000,0.000000,0.000000,0.000000,0,0,0.000000,0.000000,0.000000,0.000000,0
107,2.307129,2.307129,1,836.483215,531.119202,90.222267,57.285995,142,1,846.940735,877.422729,91.350204,94.637955,364,0,0.000000,0.000000,0.000000,0.000000,0,0,0.000000,0.000000,0.000000,0.000000,0
109,2.340454,2.340454,1,837.622803,527.833984,90.345177,56.931660,145,1,817.338745,879.737061,88.157356,94.887581,356,0,0.000000,0.000000,0.000000,0.000000,0,0,0.000000,0.000000,0.000000,0.000000,0
113,2.373779,2.373779,1,841.058899,532.842346,90.715790,57.471851,145,1,788.297058,879.853821,85.024948,94.900177,361,0,0.000000,0.000000,0.000000,0.000000,0,0,0.000000,0.000000,0.000000,0.000000,0
115,2.407104,2.407104,1,837.610291,538.702271,90.343834,58.103897,144,1,758.865112,878.325256,81.850456,94.735306,365,0,0.000000,0.000000,0.000000,0.000000,0,0,0.000000,0.000000,0.000000,0.000000,0
118,2.440552,2.440552,1,835.111877,536.917053,90.074348,57.911346,140,1,729.671875,873.711731,78.701691,94.237694,370,0,0.000000,0.000000,0.000000,0.000000,0,0,0.000000,0.000000,0.000000,0.000000,0
121,2.473877,2.473877,1,825.622742,538.161194,89.050858,58.045544,149,1,700.137207,866.421387,75.516113,93.451363,373,0,0.000000,0.000000,0.000000,0.000000,0,0,0.000000,0.000000,0.000000,0.000000,0
124,2.507202,2.507202,1,817.075317,533.123840,88.128952,57.502220,142,1,672.106445,856.887695,72.492744,92.423065,365,0,0.000000,0.000000,0.000000,0.000000,0,0,0.000000,0.000000,0.000000,0.000000,0
126,2.540527,2.540527,1,814.831604,526.917114,87.886940,56.832764,140,1,644.357727,844.471191,69.499794,91.083839,376,0,0.000000,0.000000,0.000000,0.000000,0,0,0.000000,0.000000,0.000000,0.000000,0
130,2.573853,2.573853,1,820.040222,522.834045,88.448738,56.392372,144,1,617.040466,831.032715,66.553383,89.634377,372,0,0.000000,0.000000,0.000000,0.000000,0,0,0.000000,0.000000,0.000000,0.000000,0
134,2.607178,2.607178,1,830.348083,524.441956,89.560539,56.565800,143,1,590.382812,814.773010,63.678116,87.880623,381,0,0.000000,0.000000,0.000000,0.000000,0,0,0.000000,0.000000,0.000000,0.000000,0
136,2.640503,2.640503,1,828.597107,529.854614,89.371674,57.149601,144,1,565.329407,795.541626,60.975880,85.806343,383,0,0.000000,0.000000,0.000000,0.000000,0,0,0.000000,0.000000,0.000000,0.000000,0
139,2.673828,2.673828,1,821.198242,528.128601,88.573639,56.963432,142,1,542.147461,773.315979,58.475494,83.409103,370,0,0.000000,0.000000,0.000000,0.000000,0,0,0.000000,0.000000,0.000000,0.000000,0
142,2.707153,2.707153,1,823.123596,520.801392,88.781311,56.173130,136,1,521.969910,748.493958,56.299164,80.731827,365,0,0.000000,0.000000,0.000000,0.000000,0,0,0.000000,0.000000,0.000000,0.000000,0
145,2.740479,2.740479,1,829.623108,516.839294,89.482338,55.745781,130,1,504.577728,722.899048,54.423260,77.971184,361,0,0.000000,0.000000,0.000000,0.000000,0,0,0.000000,0.000000,0.000000,0.000000,0
147,2.773926,2.773926,1,833.059143,521.952393,89.852943,56.297276,125,1,489.058807,695.558289,52.749405,75.022232,363,0,0.000000,0.000000,0.000000,0.000000,0,0,0.000000,0.000000,0.000000,0.000000,0
151,2.807251,2.807251,1,830.227356,528.619934,89.547516,57.016430,146,1,475.701813,667.157166,51.308735,71.958923,373,0,0.000000,0.000000,0.000000,0.000000,0,0,0.000000,0.000000,0.000000,0.000000,0
153,2.840576,2.840576,1,825.673523,525.653015,89.056343,56.696423,128,1,465.279572,636.355835,50.184601,68.636719,374,0,0.000000,0.000000,0.000000,0.000000,0,0,0.000000,0.000000,0.000000,0.000000,0
157,2.873901,2.873901,1,823.023071,521.448669,88.770462,56.242943,155,1,458.054535,604.279724,49.405315,65.177017,391,0,0.000000,0.000000,0.000000,0.000000,0,0,0.000000,0.000000,0.000000,0.000000,0
161,2.907227,2.907227,1,820.454590,522.762756,88.493431,56.384682,154,1,454.048492,570.348511,48.973225,61.517231,393,0,0.000000,0.000000,0.000000,0.000000,0,0,0.000000,0.000000,0.000000,0.000000,0
163,2.940552,2.940552,1,816.848755,516.722473,88.104507,55.733181,142,1,452.796814,536.016052,48.838223,57.814163,392,0,0.000000,0.000000,0.000000,0.000000,0,0,0.000000,0.000000,0.000000,0.000000,0
166,2.973877,2.973877,1,818.365173,511.524353,88.268066,55.172516,154,1,455.060272,502.098053,49.082355,54.155804,392,0,0.000000,0.000000,0.000000,0.000000,0,0,0.000000,0.000000,0.000000,0.000000,0
169,3.007202,3.007202,1,819.597656,507.985870,88.401009,54.790859,128,1,460.564362,467.445496,49.676022,50.418213,384,0,0.000000,0.000000,0.000000,0.000000,0,0,0.000000,0.000000,0.000000,0.000000,0
172,3.040527,3.040527,1,823.978088,513.185547,88.873474,55.351688,125,1,469.147797,432.688263,50.601822,46.669334,398,0,0.000000,0.000000,0.000000,0.000000,0,0,0.000000,0.000000,0.000000,0.000000,0
174,3.073975,3.073975,1,822.033142,516.435242,88.663696,55.702198,149,1,481.739044,399.061310,51.959904,43.042362,383,0,0.000000,0.000000,0.000000,0.000000,0,0,0.000000,0.000000,0.000000,0.000000,0
178,3.107300,3.107300,1,817.669250,512.941650,88.193008,55.325386,137,1,497.224091,365.652283,53.630104,39.438900,390,0,0.000000,0.000000,0.000000,0.000000,0,0,0.000000,0.000000,0.000000,0.000000,0
182,3.140625,3.140625,1,819.193298,508.559052,88.357384,54.852684,144,1,516.675964,333.461487,55.728168,35.966831,392,0,0.000000,0.000000,0.000000,0.000000,0,0,0.000000,0.000000,0.000000,0.000000,0
184,3.173950,3.173950,1,824.806152,506.856964,88.962784,54.669098,139,1,539.388123,303.314362,58.177876,32.715191,391,0,0.000000,0.000000,0.000000,0.000000,0,0,0.000000,0.000000,0.000000,0.000000,0
186,3.207275,3.207275,1,826.699402,507.380066,89.166992,54.725517,130,1,564.772644,275.556152,60.915825,29.721218,404,0,0.000000,0.000000,0.000000,0.000000,0,0,0.000000,0.000000,0.000000,0.000000,0
191,3.240601,3.240601,1,831.219299,510.210846,89.654503,55.030846,129,1,594.282776,251.692825,64.098763,27.147343,395,0,0.000000,0.000000,0.000000,0.000000,0,0,0.000000,0.000000,0.000000,0.000000,0
193,3.273926,3.273926,1,832.978210,511.178741,89.844215,55.135239,134,1,625.131348,230.430405,67.426056,24.853998,400,0,0.000000,0.000000,0.000000,0.000000,0,0,0.000000,0.000000,0.000000,0.000000,0
195,3.307251,3.307251,1,834.124695,513.349792,89.967873,55.369408,119,1,657.866211,212.192047,70.956810,22.886827,408,0,0.000000,0.000000,0.000000,0.000000,0,0,0.000000,0.000000,0.000000,0.000000,0
199,3.340576,3.340576,1,834.387146,513.982239,89.996185,55.437626,135,1,692.912109,198.219177,74.736824,21.379726,407,0,0.000000,0.000000,0.000000,0.000000,0,0,0.000000,0.000000,0.000000,0.000000,0
201,3.374023,3.374023,1,833.401550,516.036926,89.889877,55.659241,150,1,730.217285,187.294891,78.760521,20.201445,410,0,0.000000,0.000000,0.000000,0.000000,0,0,0.000000,0.000000,0.000000,0.000000,0
205,3.407349,3.407349,1,833.856262,514.981506,89.938919,55.545406,129,1,768.078003,180.887039,82.844139,19.510300,412,0,0.000000,0.000000,0.000000,0.000000,0,0,0.000000,0.000000,0.000000,0.000000,0
209,3.440674,3.440674,1,834.282776,516.005554,89.984924,55.655857,128,1,805.887512,178.719833,86.922241,19.276546,405,0,0.000000,0.000000,0.000000,0.000000,0,0,0.000000,0.000000,0.000000,0.000000,0
211,3.473999,3.473999,1,837.099365,514.942017,90.288719,55.541142,117,1,843.926453,181.303818,91.025078,19.555252,404,0,0.000000,0.000000,0.000000,0.000000,0,0,0.000000,0.000000,0.000000,0.000000,0
213,3.507324,3.507324,1,836.383545,517.679749,90.211510,55.836430,115,1,880.750854,187.851532,94.996933,20.261482,405,0,0.000000,0.000000,0.000000,0.000000,0,0,0.000000,0.000000,0.000000,0.000000,0
217,3.540649,3.540649,1,834.407410,521.608826,89.998367,56.260220,130,1,916.574280,198.476395,98.860809,21.407471,401,0,0.000000,0.000000,0.000000,0.000000,0,0,0.000000,0.000000,0.000000,0.000000,0
219,3.573975,3.573975,1,831.646912,523.542236,89.700623,56.468754,117,1,951.309448,212.179138,102.607307,22.885435,401,0,0.000000,0.000000,0.000000,0.000000,0,0,0.000000,0.000000,0.000000,0.000000,0
223,3.607300,3.607300,1,827.911682,524.437012,89.297745,56.565262,138,1,984.855164,230.278580,106.225517,24.837624,394,0,0.000000,0.000000,0.000000,0.000000,0,0,0.000000,0.000000,0.000000,0.000000,0
226,3.640625,3.640625,1,824.741882,523.929626,88.955856,56.510540,148,1,1016.412598,252.433121,109.629272,27.227190,408,0,0.000000,0.000000,0.000000,0.000000,0,0,0.000000,0.000000,0.000000,0.000000,0
228,3.674072,3.674072,1,823.004822,525.247009,88.768494,56.652630,144,1,1044.623291,277.568390,112.672050,29.938257,402,0,0.000000,0.000000,0.000000,0.000000,0,0,0.000000,0.000000,0.000000,0.000000,0
232,3.707397,3.707397,1,823.703430,524.215698,88.843842,56.541393,148,1,1068.055542,303.629578,115.199425,32.749187,365,0,0.000000,0.000000,0.000000,0.000000,0,0,0.000000,0.000000,0.000000,0.000000,0
234,3.740723,3.740723,1,825.057556,527.666443,88.989899,56.913586,130,1,1086.298706,328.605103,117.167122,35.443027,365,0,0.000000,0.000000,0.000000,0.000000,0,0,0.000000,0.000000,0.000000,0.000000,0
236,3.774048,3.774048,1,822.717834,526.111572,88.737541,56.745876,148,1,1102.827881,354.789978,118.949936,38.267300,365,0,0.000000,0.000000,0.000000,0.000000,0,0,0.000000,0.000000,0.000000,0.000000,0
238,3.807373,3.807373,1,818.297913,523.464844,88.260811,56.460403,164,1,1116.422607,382.585236,120.416245,41.265270,362,0,0.000000,0.000000,0.000000,0.000000,0,0,0.000000,0.000000,0.000000,0.000000,0
240,3.840698,3.840698,1,818.733032,518.171753,88.307747,55.889500,164,1,1128.095459,411.359192,121.675278,44.368801,363,0,0.000000,0.000000,0.000000,0.000000,0,0,0.000000,0.000000,0.000000,0.000000,0
244,3.874023,3.874023,1,821.789368,520.292236,88.637398,56.118210,146,1,1137.685791,440.841888,122.709679,47.548775,358,0,0.000000,0.000000,0.000000,0.000000,0,0,0.000000,0.000000,0.000000,0.000000,0
246,3.907349,3.907349,1,822.135620,520.634277,88.674744,56.155106,153,1,1144.121216,470.524353,123.403801,50.750298,352,0,0.000000,0.000000,0.000000,0.000000,0,0,0.000000,0.000000,0.000000,0.000000,0
248,3.940674,3.940674,1,817.012146,520.709839,88.122131,56.163250,173,1,1147.575806,500.804230,123.776413,54.016254,345,0,0.000000,0.000000,0.000000,0.000000,0,0,0.000000,0.000000,0.000000,0.000000,0
252,3.973999,3.973999,1,825.107971,517.047119,88.995338,55.768200,155,1,1149.083984,531.298035,123.939072,57.305286,350,0,0.000000,0.000000,0.000000,0.000000,0,0,0.000000,0.000000,0.000000,0.000000,0
254,4.007446,4.007446,1,824.875732,523.325439,88.970291,56.445370,156,1,1147.976196,561.081177,123.819595,60.517670,342,0,0.000000,0.000000,0.000000,0.000000,0,0,0.000000,0.000000,0.000000,0.000000,0
256,4.040771,4.040771,1,822.365662,521.522949,88.699562,56.250957,160,1,1144.373901,590.249634,123.431053,63.663750,340,0,0.000000,0.000000,0.000000,0.000000,0,0,0.000000,0.000000,0.000000,0.000000,0
258,4.074097,4.074097,1,823.878906,520.519775,88.862778,56.142757,158,1,1137.921753,618.643799,122.735123,66.726311,341,0,0.000000,0.000000,0.000000,0.000000,0,0,0.000000,0.000000,0.000000,0.000000,0
260,4.107422,4.107422,1,823.416748,525.038635,88.812927,56.630157,152,1,1129.534912,646.482178,121.830528,69.728935,348,0,0.000000,0.000000,0.000000,0.000000,0,0,0.000000,0.000000,0.000000,0.000000,0
264,4.140747,4.140747,1,820.629272,525.378418,88.512276,56.666805,108,1,1118.521851,672.857300,120.642677,72.573730,350,0,0.000000,0.000000,0.000000,0.000000,0,0,0.000000,0.000000,0.000000,0.000000,0
266,4.174072,4.174072,1,826.004150,526.011902,89.092003,56.735130,102,1,1105.621216,698.446655,119.251228,75.333778,351,0,0.000000,0.000000,0.000000,0.000000,0,0,0.000000,0.000000,0.000000,0.000000,0
268,4.207397,4.207397,1,828.540894,526.166992,89.365608,56.751858,103,1,1090.974976,722.718689,117.671494,77.951729,353,0,0.000000,0.000000,0.000000,0.000000,0,0,0.000000,0.000000,0.000000,0.000000,0
272,4.240723,4.240723,1,828.248779,525.395264,89.334099,56.668621,85,1,1074.240112,745.280029,115.866486,80.385178,358,0,0.000000,0.000000,0.000000,0.000000,0,0,0.000000,0.000000,0.000000,0.000000,0
274,4.274048,4.274048,1,825.129944,526.445251,88.997711,56.781872,109,1,1055.154175,766.436707,113.807892,82.667114,364,0,0.000000,0.000000,0.000000,0.000000,0,0,0.000000,0.000000,0.000000,0.000000,0
276,4.307495,4.307495,1,824.638550,526.906433,88.944710,56.831612,123,1,1033.560547,785.786621,111.478836,84.754181,367,0,0.000000,0.000000,0.000000,0.000000,0,0,0.000000,0.000000,0.000000,0.000000,0
278,4.340820,4.340820,1,825.101990,527.664429,88.994698,56.913372,131,1,1009.978943,802.737610,108.935341,86.582497,367,0,0.000000,0.000000,0.000000,0.000000,0,0,0.000000,0.000000,0.000000,0.000000,0
280,4.374146,4.374146,1,825.112366,525.293152,88.995811,56.657608,122,1,984.470703,817.508240,106.184052,88.175644,368,0,0.000000,0.000000,0.000000,0.000000,0,0,0.000000,0.000000,0.000000,0.000000,0
284,4.407471,4.407471,1,822.799011,523.261475,88.746300,56.438473,102,1,957.667480,830.407043,103.293083,89.566895,360,0,0.000000,0.000000,0.000000,0.000000,0,0,0.000000,0.000000,0.000000,0.000000,0
286,4.440796,4.440796,1,822.013489,521.593018,88.661575,56.258514,99,1,930.656616,841.421204,100.379707,90.754875,366,0,0.000000,0.000000,0.000000,0.000000,0,0,0.000000,0.000000,0.000000,0.000000,0
288,4.474121,4.474121,1,819.077148,520.206909,88.344856,56.109005,99,1,901.855225,849.650330,97.273224,91.642456,361,0,0.000000,0.000000,0.000000,0.000000,0,0,0.000000,0.000000,0.000000,0.000000,0
290,4.507446,4.507446,1,819.283630,521.707153,88.367134,56.270824,110,1,871.698547,855.178101,94.020554,92.238678,364,0,0.000000,0.000000,0.000000,0.000000,0,0,0.000000,0.000000,0.000000,0.000000,0
294,4.540771,4.540771,1,820.920654,519.270142,88.543701,56.007969,127,1,841.518433,859.100525,90.765358,92.661743,369,0,0.000000,0.000000,0.000000,0.000000,0,0,0.000000,0.000000,0.000000,0.000000,0
296,4.574097,4.574097,1,820.971191,518.136169,88.549156,55.885662,117,1,810.672852,860.897827,87.438377,92.855598,376,0,0.000000,0.000000,0.000000,0.000000,0,0,0.000000,0.000000,0.000000,0.000000,0
298,4.607544,4.607544,1,820.851318,515.322021,88.536217,55.582130,125,1,779.326050,860.329468,84.057350,92.794296,374,0,0.000000,0.000000,0.000000,0.000000,0,0,0.000000,0.000000,0.000000,0.000000,0
302,4.640869,4.640869,1,819.541565,515.191345,88.394958,55.568035,116,1,748.142761,856.655701,80.693947,92.398048,382,0,0.000000,0.000000,0.000000,0.000000,0,0,0.000000,0.000000,0.000000,0.000000,0
304,4.674194,4.674194,1,817.995056,515.813538,88.228149,55.635147,114,1,717.891174,850.487793,77.431038,91.732780,382,0,0.000000,0.000000,0.000000,0.000000,0,0,0.000000,0.000000,0.000000,0.000000,0
306,4.707520,4.707520,1,818.536011,517.710144,88.286499,55.839714,119,1,688.336060,841.358765,74.243256,90.748131,380,0,0.000000,0.000000,0.000000,0.000000,0,0,0.000000,0.000000,0.000000,0.000000,0
308,4.740845,4.740845,1,817.740417,517.014343,88.200684,55.764660,134,1,660.526611,830.077759,71.243752,89.531372,379,0,0.000000,0.000000,0.000000,0.000000,0,0,0.000000,0.000000,0.000000,0.000000,0
310,4.774170,4.774170,1,818.325439,518.454590,88.263786,55.920010,116,1,634.289612,817.542114,68.413864,88.179298,374,0,0.000000,0.000000,0.000000,0.000000,0,0,0.000000,0.000000,0.000000,0.000000,0
314,4.807495,4.807495,1,818.251648,518.870667,88.255829,55.964886,129,1,608.789185,802.285095,65.663406,86.533684,371,0,0.000000,0.000000,0.000000,0.000000,0,0,0.000000,0.000000,0.000000,0.000000,0
316,4.840820,4.840820,1,817.359924,518.562927,88.159645,55.931694,138,1,585.317444,784.120972,63.131771,84.574524,376,0,0.000000,0.000000,0.000000,0.000000,0,0,0.000000,0.000000,0.000000,0.000000,0
318,4.874146,4.874146,1,817.307373,517.715576,88.153976,55.840294,126,1,563.494202,763.206543,60.777935,82.318710,377,0,0.000000,0.000000,0.000000,0.000000,0,0,0.000000,0.000000,0.000000,0.000000,0
322,4.907471,4.907471,1,817.235168,518.503845,88.146187,55.925320,131,1,543.386414,740.081299,58.609127,79.824440,375,0,0.000000,0.000000,0.000000,0.000000,0,0,0.000000,0.000000,0.000000,0.000000,0
324,4.940918,4.940918,1,815.488586,519.749084,87.957802,56.059631,146,1,525.425964,714.934143,56.671928,77.112099,378,0,0.000000,0.000000,0.000000,0.000000,0,0,0.000000,0.000000,0.000000,0.000000,0
326,4.974243,4.974243,1,813.367188,515.857788,87.728989,55.639915,132,1,510.334717,688.297302,55.044205,74.239075,373,0,0.000000,0.000000,0.000000,0.000000,0,0,0.000000,0.000000,0.000000,0.000000,0
330,5.007568,5.007568,1,815.927368,513.682678,88.005127,55.405312,118,1,497.443726,659.846191,53.653793,71.170364,368,0,0.000000,0.000000,0.000000,0.000000,0,0,0.000000,0.000000,0.000000,0.000000,0
332,5.040894,5.040894,1,817.556641,514.764404,88.180862,55.521988,133,1,486.953247,630.922180,52.522301,68.050652,372,0,0.000000,0.000000,0.000000,0.000000,0,0,0.000000,0.000000,0.000000,0.000000,0
334,5.074219,5.074219,1,813.943848,511.867859,87.791191,55.209564,140,1,479.459015,600.787109,51.713982,64.800308,380,0,0.000000,0.000000,0.000000,0.000000,0,0,0.000000,0.000000,0.000000,0.000000,0
336,5.107544,5.107544,1,816.146362,512.850647,88.028748,55.315571,134,1,473.561157,569.575623,51.077843,61.433868,393,0,0.000000,0.000000,0.000000,0.000000,0,0,0.000000,0.000000,0.000000,0.000000,0
338,5.140869,5.140869,1,814.158325,515.694702,87.814323,55.622326,134,1,470.812592,537.128296,50.781387,57.934135,390,0,0.000000,0.000000,0.000000,0.000000,0,0,0.000000,0.000000,0.000000,0.000000,0
342,5.174194,5.174194,1,812.984863,515.207336,87.687759,55.569759,128,1,471.154877,504.493378,50.818302,54.414162,397,0,0.000000,0.000000,0.000000,0.000000,0,0,0.000000,0.000000,0.000000,0.000000,0
344,5.207520,5.207520,1,806.487000,515.450073,86.986900,55.595940,144,1,474.413971,470.934937,51.169827,50.794582,397,0,0.000000,0.000000,0.000000,0.000000,0,0,0.000000,0.000000,0.000000,0.000000,0
346,5.240967,5.240967,1,803.555969,508.986542,86.670761,54.898788,141,1,480.939392,438.033936,51.873653,47.245911,384,0,0.000000,0.000000,0.000000,0.000000,0,0,0.000000,0.000000,0.000000,0.000000,0
348,5.274292,5.274292,1,803.391418,507.211273,86.653015,54.707314,148,1,490.653473,406.313965,52.921406,43.824627,378,0,0.000000,0.000000,0.000000,0.000000,0,0,0.000000,0.000000,0.000000,0.000000,0
352,5.307617,5.307617,1,806.480896,505.336060,86.986237,54.505051,160,1,503.449829,376.116638,54.301605,40.567574,373,0,0.000000,0.000000,0.000000,0.000000,0,0,0.000000,0.000000,0.000000,0.000000,0
354,5.340942,5.340942,1,811.823669,504.263550,87.562508,54.389374,152,1,519.200928,346.947266,56.000507,37.421391,375,0,0.000000,0.000000,0.000000,0.000000,0,0,0.000000,0.000000,0.000000,0.000000,0
356,5.374268,5.374268,1,815.238831,509.522003,87.930862,54.956547,153,1,537.564270,319.957703,57.981155,34.510326,380,0,0.000000,0.000000,0.000000,0.000000,0,0,0.000000,0.000000,0.000000,0.000000,0
358,5.407593,5.407593,1,814.449646,502.509186,87.845741,54.200153,159,1,558.627563,294.309845,60.253025,31.743973,389,0,0.000000,0.000000,0.000000,0.000000,0,0,0.000000,0.000000,0.000000,0.000000,0
360,5.440918,5.440918,1,821.217834,502.484711,88.575752,54.197510,146,1,581.728577,270.518890,62.744675,29.177904,381,0,0.000000,0.000000,0.000000,0.000000,0,0,0.000000,0.000000,0.000000,0.000000,0
364,5.474243,5.474243,1,821.352905,504.199768,88.590324,54.382492,145,1,607.169373,249.870636,65.488693,26.950802,381,0,0.000000,0.000000,0.000000,0.000000,0,0,0.000000,0.000000,0.000000,0.000000,0
366,5.507568,5.507568,1,821.372070,502.993652,88.592392,54.252403,138,1,635.141541,231.637497,68.505745,24.984194,382,0,0.000000,0.000000,0.000000,0.000000,0,0,0.000000,0.000000,0.000000,0.000000,0
368,5.541016,5.541016,1,823.144714,500.162598,88.783585,53.947052,133,1,664.801514,215.565674,71.704842,23.250704,387,0,0.000000,0.000000,0.000000,0.000000,0,0,0.000000,0.000000,0.000000,0.000000,0
372,5.574341,5.574341,1,822.539062,500.780914,88.718262,54.013741,131,1,695.706177,203.393723,75.038193,21.937849,385,0,0.000000,0.000000,0.000000,0.000000,0,0,0.000000,0.000000,0.000000,0.000000,0
374,5.607666,5.607666,1,821.140076,500.907440,88.567368,54.027386,145,1,727.844055,194.376114,78.504547,20.965218,390,0,0.000000,0.000000,0.000000,0.000000,0,0,0.000000,0.000000,0.000000,0.000000,0
376,5.640991,5.640991,1,825.490906,500.777802,89.036644,54.013405,124,1,760.869202,188.466110,82.066612,20.327770,389,0,0.000000,0.000000,0.000000,0.000000,0,0,0.000000,0.000000,0.000000,0.000000,0
380,5.674316,5.674316,1,828.168152,502.868896,89.325409,54.238949,140,1,794.123230,186.241745,85.653358,20.087852,381,0,0.000000,0.000000,0.000000,0.000000,0,0,0.000000,0.000000,0.000000,0.000000,0
382,5.707642,5.707642,1,827.310242,504.675598,89.232872,54.433819,144,1,827.233459,187.959625,89.224594,20.273142,381,0,0.000000,0.000000,0.000000,0.000000,0,0,0.000000,0.000000,0.000000,0.000000,0
384,5.740967,5.740967,1,829.488953,503.651428,89.467865,54.323353,122,1,860.476379,191.313965,92.810143,20.634937,383,0,0.000000,0.000000,0.000000,0.000000,0,0,0.000000,0.000000,0.000000,0.000000,0
386,5.774292,5.774292,1,832.235840,502.355499,89.764145,54.183575,136,1,893.704224,197.917053,96.394066,21.347141,393,0,0.000000,0.000000,0.000000,0.000000,0,0,0.000000,0.000000,0.000000,0.000000,0
388,5.807617,5.807617,1,833.847534,500.561127,89.937981,53.990032,150,1,925.900330,208.103363,99.866707,22.445826,384,0,0.000000,0.000000,0.000000,0.000000,0,0,0.000000,0.000000,0.000000,0.000000,0
392,5.840942,5.840942,1,837.255737,499.706451,90.305588,53.897850,132,1,957.459106,221.630142,103.270607,23.904810,387,0,0.000000,0.000000,0.000000,0.000000,0,0,0.000000,0.000000,0.000000,0.000000,0
394,5.874390,5.874390,1,837.726257,500.586792,90.356331,53.992802,156,1,987.466797,238.458191,106.507202,25.719868,382,0,0.000000,0.000000,0.000000,0.000000,0,0,0.000000,0.000000,0.000000,0.000000,0
396,5.907715,5.907715,1,835.946106,501.036926,90.164330,54.041355,140,1,1015.099548,259.099792,109.487648,27.946251,386,0,0.000000,0.000000,0.000000,0.000000,0,0,0.000000,0.000000,0.000000,0.000000,0
398,5.941040,5.941040,1,832.676514,499.186707,89.811676,53.841789,145,1,1040.492798,281.653412,112.226532,30.378862,370,0,0.000000,0.000000,0.000000,0.000000,0,0,0.000000,0.000000,0.000000,0.000000,0
402,5.974365,5.974365,1,834.510986,498.218231,90.009537,53.737335,125,1,1063.114014,305.977081,114.666443,33.002388,377,0,0.000000,0.000000,0.000000,0.000000,0,0,0.000000,0.000000,0.000000,0.000000,0
404,6.007690,6.007690,1,837.873779,496.660645,90.372246,53.569332,131,1,1083.558350,332.646973,116.871544,35.878979,372,0,0.000000,0.000000,0.000000,0.000000,0,0,0.000000,0.000000,0.000000,0.000000,0
406,6.041016,6.041016,1,838.085693,496.126556,90.395103,53.511726,137,1,1100.388428,360.365051,118.686829,38.868622,363,0,0.000000,0.000000,0.000000,0.000000,0,0,0.000000,0.000000,0.000000,0.000000,0
408,6.074341,6.074341,1,836.984863,493.791443,90.276375,53.259861,124,1,1114.478149,389.791840,120.206528,42.042568,358,0,0.000000,0.000000,0.000000,0.000000,0,0,0.000000,0.000000,0.000000,0.000000,0
410,6.107666,6.107666,1,838.667969,494.776001,90.457909,53.366058,121,1,1125.563599,420.192902,121.402191,45.321598,365,0,0.000000,0.000000,0.000000,0.000000,0,0,0.000000,0.000000,0.000000,0.000000,0
414,6.140991,6.140991,1,841.228088,492.570984,90.734039,53.128227,135,1,1133.419556,452.325714,122.249527,48.787411,362,0,0.000000,0.000000,0.000000,0.000000,0,0,0.000000,0.000000,0.000000,0.000000,0
416,6.174438,6.174438,1,844.324829,489.924011,91.068047,52.842724,115,1,1137.204956,483.953033,122.657822,52.198704,353,0,0.000000,0.000000,0.000000,0.000000,0,0,0.000000,0.000000,0.000000,0.000000,0
419,6.207764,6.207764,1,845.516541,489.407776,91.196587,52.787045,107,1,1138.338989,516.333679,122.780136,55.691246,343,0,0.000000,0.000000,0.000000,0.000000,0,0,0.000000,0.000000,0.000000,0.000000,0
421,6.241089,6.241089,1,844.896606,490.720001,91.129723,52.928581,139,1,1136.270020,548.277588,122.556984,59.136684,343,0,0.000000,0.000000,0.000000,0.000000,0,0,0.000000,0.000000,0.000000,0.000000,0
423,6.274414,6.274414,1,845.667175,488.020630,91.212837,52.637428,144,1,1131.185181,579.075684,122.008530,62.458538,336,0,0.000000,0.000000,0.000000,0.000000,0,0,0.000000,0.000000,0.000000,0.000000,0
426,6.307739,6.307739,1,846.926208,487.343536,91.348633,52.564400,117,1,1123.614990,609.203003,121.192017,65.708038,334,0,0.000000,0.000000,0.000000,0.000000,0,0,0.000000,0.000000,0.000000,0.000000,0
429,6.341064,6.341064,1,849.010742,489.883698,91.573471,52.838379,116,1,1112.753174,638.658508,120.020477,68.885086,336,0,0.000000,0.000000,0.000000,0.000000,0,0,0.000000,0.000000,0.000000,0.000000,0
430,6.374390,6.374390,1,849.243225,494.616974,91.598541,53.348904,124,1,1099.902100,666.890503,118.634369,71.930161,345,0,0.000000,0.000000,0.000000,0.000000,0,0,0.000000,0.000000,0.000000,0.000000,0
434,6.407715,6.407715,1,847.072937,494.667297,91.364456,53.354332,133,1,1084.437622,693.653809,116.966393,74.816826,352,0,0.000000,0.000000,0.000000,0.000000,0,0,0.000000,0.000000,0.000000,0.000000,0
436,6.441040,6.441040,1,847.414856,494.859406,91.401344,53.375053,133,1,1066.958862,718.848633,115.081139,77.534309,359,0,0.000000,0.000000,0.000000,0.000000,0,0,0.000000,0.000000,0.000000,0.000000,0
439,6.474487,6.474487,1,847.319702,496.051880,91.391075,53.503670,131,1,1047.260498,742.185974,112.956490,80.051453,367,0,0.000000,0.000000,0.000000,0.000000,0,0,0.000000,0.000000,0.000000,0.000000,0
441,6.507812,6.507812,1,849.427551,498.434021,91.618423,53.760609,129,1,1025.227417,763.784851,110.580025,82.381088,352,0,0.000000,0.000000,0.000000,0.000000,0,0,0.000000,0.000000,0.000000,0.000000,0
443,6.541138,6.541138,1,849.145081,502.517853,91.587959,54.201084,130,1,1001.687561,783.289246,108.041046,84.484810,352,0,0.000000,0.000000,0.000000,0.000000,0,0,0.000000,0.000000,0.000000,0.000000,0
446,6.574463,6.574463,1,849.517639,504.565948,91.628143,54.421989,127,1,976.768127,800.396545,105.353256,86.329994,353,0,0.000000,0.000000,0.000000,0.000000,0,0,0.000000,0.000000,0.000000,0.000000,0
449,6.607788,6.607788,1,848.313171,507.155396,91.498230,54.701286,132,1,951.066345,815.202087,102.581085,87.926903,349,0,0.000000,0.000000,0.000000,0.000000,0,0,0.000000,0.000000,0.000000,0.000000,0
451,6.641113,6.641113,1,845.585205,507.561493,91.203995,54.745087,151,1,924.009338,827.247620,99.662743,89.226120,352,0,0.000000,0.000000,0.000000,0.000000,0,0,0.000000,0.000000,0.000000,0.000000,0
454,6.674438,6.674438,1,843.041870,505.255005,90.929672,54.496311,139,1,895.309326,836.729004,96.567192,90.248772,345,0,0.000000,0.000000,0.000000,0.000000,0,0,0.000000,0.000000,0.000000,0.000000,0
456,6.707764,6.707764,1,846.160278,509.119690,91.266022,54.913155,128,1,865.942200,843.604553,93.399681,90.990364,347,0,0.000000,0.000000,0.000000,0.000000,0,0,0.000000,0.000000,0.000000,0.000000,0
458,6.741089,6.741089,1,846.627075,514.054199,91.316376,55.445385,126,1,836.509094,847.770203,90.225060,91.439667,348,0,0.000000,0.000000,0.000000,0.000000,0,0,0.000000,0.000000,0.000000,0.000000,0
460,6.774414,6.774414,1,846.685730,517.014954,91.322693,55.764729,115,1,806.510498,849.812866,86.989441,91.659981,363,0,0.000000,0.000000,0.000000,0.000000,0,0,0.000000,0.000000,0.000000,0.000000,0
464,6.807861,6.807861,1,847.387695,520.238037,91.398407,56.112366,114,1,776.879822,849.337036,83.793503,91.608665,359,0,0.000000,0.000000,0.000000,0.000000,0,0,0.000000,0.000000,0.000000,0.000000,0
466,6.841187,6.841187,1,847.479187,521.748230,91.408279,56.275257,126,1,747.243347,846.086365,80.596939,91.258049,362,0,0.000000,0.000000,0.000000,0.000000,0,0,0.000000,0.000000,0.000000,0.000000,0
469,6.874512,6.874512,1,844.284302,524.327576,91.063683,56.553459,123,1,718.866028,839.204468,77.536186,90.515778,360,0,0.000000,0.000000,0.000000,0.000000,0,0,0.000000,0.000000,0.000000,0.000000,0
471,6.907837,6.907837,1,839.398804,525.913269,90.536736,56.724491,109,1,691.649109,830.327942,74.600601,89.558365,359,0,0.000000,0.000000,0.000000,0.000000,0,0,0.000000,0.000000,0.000000,0.000000,0
473,6.941162,6.941162,1,837.996765,522.481262,90.385513,56.354321,133,1,665.568481,819.324768,71.787567,88.371567,364,0,0.000000,0.000000,0.000000,0.000000,0,0,0.000000,0.000000,0.000000,0.000000,0
476,6.974487,6.974487,1,838.210754,519.614197,90.408592,56.045082,148,1,640.524597,806.076111,69.086357,86.942581,364,0,0.000000,0.000000,0.000000,0.000000,0,0,0.000000,0.000000,0.000000,0.000000,0
479,7.007812,7.007812,1,838.329041,517.878479,90.421356,55.857864,121,1,616.609009,791.713745,66.506844,85.393471,357,0,0.000000,0.000000,0.000000,0.000000,0,0,0.000000,0.000000,0.000000,0.000000,0
481,7.041138,7.041138,1,842.618286,521.503174,90.883987,56.248821,112,1,593.691223,775.746399,64.034958,83.671249,352,0,0.000000,0.000000,0.000000,0.000000,0,0,0.000000,0.000000,0.000000,0.000000,0
484,7.074463,7.074463,1,838.392029,527.492859,90.428146,56.894867,128,1,572.890381,757.838745,61.791393,81.739746,354,0,0.000000,0.000000,0.000000,0.000000,0,0,0.000000,0.000000,0.000000,0.000000,0
486,7.107910,7.107910,1,835.716187,529.605286,90.139534,57.122707,115,1,553.712097,737.413513,59.722847,79.536697,351,0,0.000000,0.000000,0.000000,0.000000,0,0,0.000000,0.000000,0.000000,0.000000,0
489,7.141235,7.141235,1,835.819824,529.117065,90.150711,57.070053,120,1,536.225159,715.784241,57.836723,77.203789,355,0,0.000000,0.000000,0.000000,0.000000,0,0,0.000000,0.000000,0.000000,0.000000,0
491,7.174561,7.174561,1,833.463196,528.717712,89.896523,57.026974,136,1,520.582458,692.792542,56.149517,74.723930,351,0,0.000000,0.000000,0.000000,0.000000,0,0,0.000000,0.000000,0.000000,0.000000,0
493,7.207886,7.207886,1,829.647339,528.539429,89.484947,57.007751,145,1,507.486206,668.939575,54.736965,72.151169,343,0,0.000000,0.000000,0.000000,0.000000,0,0,0.000000,0.000000,0.000000,0.000000,0
496,7.241211,7.241211,1,830.399963,530.024719,89.566132,57.167950,128,1,495.905151,644.350952,53.487846,69.499062,353,0,0.000000,0.000000,0.000000,0.000000,0,0,0.000000,0.000000,0.000000,0.000000,0
499,7.274536,7.274536,1,828.412842,530.707581,89.351799,57.241604,126,1,486.786469,618.860901,52.504314,66.749733,358,0,0.000000,0.000000,0.000000,0.000000,0,0,0.000000,0.000000,0.000000,0.000000,0
501,7.307861,7.307861,1,828.375549,530.289062,89.347778,57.196465,114,1,479.748505,592.247742,51.745205,63.879261,360,0,0.000000,0.000000,0.000000,0.000000,0,0,0.000000,0.000000,0.000000,0.000000,0
504,7.341187,7.341187,1,825.518799,529.394653,89.039650,57.099987,120,1,474.212860,564.993286,51.148136,60.939625,367,0,0.000000,0.000000,0.000000,0.000000,0,0,0.000000,0.000000,0.000000,0.000000,0
506,7.374512,7.374512,1,824.235352,528.747070,88.901215,57.030144,126,1,471.309540,536.832764,50.834988,57.902260,366,0,0.000000,0.000000,0.000000,0.000000,0,0,0.000000,0.000000,0.000000,0.000000,0
508,7.407959,7.407959,1,820.621582,529.985168,88.511444,57.163685,135,1,471.174927,507.526154,50.820465,54.741276,376,0,0.000000,0.000000,0.000000,0.000000,0,0,0.000000,0.000000,0.000000,0.000000,0
510,7.441284,7.441284,1,815.931519,528.021179,88.005577,56.951847,148,1,473.394043,478.751831,51.059818,51.637707,355,0,0.000000,0.000000,0.000000,0.000000,0,0,0.000000,0.000000,0.000000,0.000000,0
513,7.474609,7.474609,1,814.492920,526.290833,87.850410,56.765213,109,1,478.068329,449.908020,51.563984,48.526638,365,0,0.000000,0.000000,0.000000,0.000000,0,0,0.000000,0.000000,0.000000,0.000000,0
517,7.507935,7.507935,1,813.062500,521.037292,87.696129,56.198574,130,1,485.068237,421.346741,52.318989,45.446049,354,0,0.000000,0.000000,0.000000,0.000000,0,0,0.000000,0.000000,0.000000,0.000000,0
519,7.541260,7.541260,1,815.490723,513.428955,87.958031,55.377945,130,1,494.250061,393.838165,53.309330,42.479000,359,0,0.000000,0.000000,0.000000,0.000000,0,0,0.000000,0.000000,0.000000,0.000000,0
521,7.574585,7.574585,1,812.496765,513.911377,87.635109,55.429977,137,1,505.488525,366.668518,54.521500,39.548508,357,0,0.000000,0.000000,0.000000,0.000000,0,0,0.000000,0.000000,0.000000,0.000000,0
523,7.607910,7.607910,1,812.305237,511.656677,87.614449,55.186790,127,1,518.989380,340.889801,55.977688,36.768044,370,0,0.000000,0.000000,0.000000,0.000000,0,0,0.000000,0.000000,0.000000,0.000000,0
525,7.641235,7.641235,1,814.308044,508.365753,87.830475,54.831837,149,1,535.279297,316.344696,57.734703,34.120632,364,0,0.000000,0.000000,0.000000,0.000000,0,0,0.000000,0.000000,0.000000,0.000000,0
529,7.674561,7.674561,1,819.328918,505.080322,88.372017,54.477470,138,1,553.768066,292.651855,59.728882,31.565144,374,0,0.000000,0.000000,0.000000,0.000000,0,0,0.000000,0.000000,0.000000,0.000000,0
531,7.707886,7.707886,1,821.731445,503.697083,88.631149,54.328278,130,1,574.665649,271.091980,61.982876,29.239717,363,0,0.000000,0.000000,0.000000,0.000000,0,0,0.000000,0.000000,0.000000,0.000000,0
533,7.741333,7.741333,1,825.842285,502.611237,89.074539,54.211159,138,1,598.110535,251.687012,64.511620,27.146715,368,0,0.000000,0.000000,0.000000,0.000000,0,0,0.000000,0.000000,0.000000,0.000000,0
535,7.774658,7.774658,1,831.065247,505.222961,89.637886,54.492855,122,1,623.283325,233.678986,67.226730,25.204388,376,0,0.000000,0.000000,0.000000,0.000000,0,0,0.000000,0.000000,0.000000,0.000000,0
539,7.807983,7.807983,1,830.419922,506.582703,89.568283,54.639515,118,1,650.292480,217.611053,70.139908,23.471315,377,0,0.000000,0.000000,0.000000,0.000000,0,0,0.000000,0.000000,0.000000,0.000000,0
541,7.841309,7.841309,1,829.184387,503.964386,89.435020,54.357105,119,1,679.016479,204.670532,73.238052,22.075563,371,0,0.000000,0.000000,0.000000,0.000000,0,0,0.000000,0.000000,0.000000,0.000000,0
543,7.874634,7.874634,1,828.815430,504.806580,89.395218,54.447945,125,1,709.339172,194.525864,76.508629,20.981369,381,0,0.000000,0.000000,0.000000,0.000000,0,0,0.000000,0.000000,0.000000,0.000000,0
547,7.907959,7.907959,1,827.077026,504.294952,89.207718,54.392761,109,1,740.501953,187.154709,79.869820,20.186323,383,0,0.000000,0.000000,0.000000,0.000000,0,0,0.000000,0.000000,0.000000,0.000000,0
549,7.941284,7.941284,1,828.494690,501.963837,89.360626,54.141327,128,1,772.533936,183.077454,83.324760,19.746555,384,0,0.000000,0.000000,0.000000,0.000000,0,0,0.000000,0.000000,0.000000,0.000000,0
551,7.974609,7.974609,1,831.818726,500.111694,89.719154,53.941559,137,1,805.366333,181.902451,86.866028,19.619822,383,0,0.000000,0.000000,0.000000,0.000000,0,0,0.000000,0.000000,0.000000,0.000000,0
553,8.007935,8.007935,1,830.493042,499.315430,89.576172,53.855675,109,1,838.951904,183.328537,90.488533,19.773638,389,0,0.000000,0.000000,0.000000,0.000000,0,0,0.000000,0.000000,0.000000,0.000000,0
555,8.041382,8.041382,1,833.554260,499.505981,89.906349,53.876225,114,1,872.483948,187.909103,94.105270,20.267693,392,0,0.000000,0.000000,0.000000,0.000000,0,0,0.000000,0.000000,0.000000,0.000000,0
559,8.074707,8.074707,1,834.366821,498.682922,89.993988,53.787453,126,1,905.978210,196.061508,97.717926,21.147003,384,0,0.000000,0.000000,0.000000,0.000000,0,0,0.000000,0.000000,0.000000,0.000000,0
561,8.108032,8.108032,1,835.939636,500.941223,90.163635,54.031029,124,1,939.156006,207.278442,101.296448,22.356850,384,0,0.000000,0.000000,0.000000,0.000000,0,0,0.000000,0.000000,0.000000,0.000000,0
563,8.141357,8.141357,1,839.263916,501.762421,90.522186,54.119606,121,1,970.278625,222.009583,104.653305,23.945738,381,0,0.000000,0.000000,0.000000,0.000000,0,0,0.000000,0.000000,0.000000,0.000000,0
567,8.174683,8.174683,1,839.309814,501.523224,90.527138,54.093803,134,1,1000.170898,239.694473,107.877457,25.853212,385,0,0.000000,0.000000,0.000000,0.000000,0,0,0.000000,0.000000,0.000000,0.000000,0
569,8.208008,8.208008,1,838.501465,499.943878,90.439949,53.923458,125,1,1028.218384,259.511200,110.902626,27.990625,387,0,0.000000,0.000000,0.000000,0.000000,0,0,0.000000,0.000000,0.000000,0.000000,0
571,8.241333,8.241333,1,837.462830,501.182983,90.327919,54.057106,118,1,1054.321533,282.237549,113.718094,30.441866,383,0,0.000000,0.000000,0.000000,0.000000,0,0,0.000000,0.000000,0.000000,0.000000,0
573,8.274658,8.274658,1,840.401489,500.331665,90.644882,53.965286,120,1,1078.157715,306.785217,116.289040,33.089554,382,0,0.000000,0.000000,0.000000,0.000000,0,0,0.000000,0.000000,0.000000,0.000000,0
575,8.307983,8.307983,1,841.255310,499.883209,90.736977,53.916912,123,1,1099.903076,333.555786,118.634476,35.977001,382,0,0.000000,0.000000,0.000000,0.000000,0,0,0.000000,0.000000,0.000000,0.000000,0
579,8.341431,8.341431,1,841.555298,499.126434,90.769333,53.835289,126,1,1117.763550,361.813660,120.560890,39.024868,369,0,0.000000,0.000000,0.000000,0.000000,0,0,0.000000,0.000000,0.000000,0.000000,0
581,8.374756,8.374756,1,845.007751,501.036255,91.141716,54.041283,125,1,1132.491333,391.299347,122.149406,42.205166,362,0,0.000000,0.000000,0.000000,0.000000,0,0,0.000000,0.000000,0.000000,0.000000,0
583,8.408081,8.408081,1,843.125366,501.808319,90.938675,54.124554,120,1,1143.845703,420.847412,123.374077,45.392193,359,0,0.000000,0.000000,0.000000,0.000000,0,0,0.000000,0.000000,0.000000,0.000000,0
585,8.441406,8.441406,1,843.222412,502.296539,90.949142,54.177216,116,1,1152.035645,451.657806,124.257446,48.715370,361,0,0.000000,0.000000,0.000000,0.000000,0,0,0.000000,0.000000,0.000000,0.000000,0
588,8.474731,8.474731,1,841.478455,505.887634,90.761047,54.564545,124,1,1157.418335,482.107513,124.838013,51.999645,350,0,0.000000,0.000000,0.000000,0.000000,0,0,0.000000,0.000000,0.000000,0.000000,0
591,8.508057,8.508057,1,839.523804,510.699036,90.550217,55.083500,143,1,1160.252441,513.217590,125.143692,55.355148,348,0,0.000000,0.000000,0.000000,0.000000,0,0,0.000000,0.000000,0.000000,0.000000,0
593,8.541382,8.541382,1,835.892456,510.120331,90.158546,55.021080,138,1,1160.233765,544.070190,125.141678,58.682884,341,0,0.000000,0.000000,0.000000,0.000000,0,0,0.000000,0.000000,0.000000,0.000000,0
596,8.574707,8.574707,1,834.291260,509.251495,89.985840,54.927372,129,1,1157.544922,575.021362,124.851669,62.021244,335,0,0.000000,0.000000,0.000000,0.000000,0,0,0.000000,0.000000,0.000000,0.000000,0
598,8.608032,8.608032,1,831.819885,506.935455,89.719276,54.677563,130,1,1152.684570,605.504822,124.327431,65.309158,339,0,0.000000,0.000000,0.000000,0.000000,0,0,0.000000,0.000000,0.000000,0.000000,0
601,8.641357,8.641357,1,830.189331,506.163513,89.543411,54.594303,137,1,1144.736206,635.625671,123.470123,68.557961,335,0,0.000000,0.000000,0.000000,0.000000,0,0,0.000000,0.000000,0.000000,0.000000,0
604,8.674805,8.674805,1,826.960449,506.521698,89.195145,54.632935,136,1,1134.314087,663.820312,122.346008,71.599007,344,0,0.000000,0.000000,0.000000,0.000000,0,0,0.000000,0.000000,0.000000,0.000000,0
606,8.708130,8.708130,1,826.993103,506.125458,89.198669,54.590195,127,1,1122.223389,690.136230,121.041916,74.437424,337,0,0.000000,0.000000,0.000000,0.000000,0,0,0.000000,0.000000,0.000000,0.000000,0
608,8.741455,8.741455,1,828.044373,504.261780,89.312057,54.389183,127,1,1108.409912,715.553650,119.552017,77.178917,336,0,0.000000,0.000000,0.000000,0.000000,0,0,0.000000,0.000000,0.000000,0.000000,0
610,8.774780,8.774780,1,826.360046,505.161987,89.130386,54.486279,124,1,1092.605347,739.322815,117.847351,79.742638,339,0,0.000000,0.000000,0.000000,0.000000,0,0,0.000000,0.000000,0.000000,0.000000,0
612,8.808105,8.808105,1,825.455078,504.385437,89.032784,54.402523,117,1,1074.989380,761.340637,115.947311,82.117455,348,0,0.000000,0.000000,0.000000,0.000000,0,0,0.000000,0.000000,0.000000,0.000000,0
616,8.841431,8.841431,1,827.456421,507.648895,89.248642,54.754513,122,1,1055.866821,781.686157,113.884766,84.311905,342,0,0.000000,0.000000,0.000000,0.000000,0,0,0.000000,0.000000,0.000000,0.000000,0
618,8.874756,8.874756,1,824.398926,510.101593,88.918869,55.019058,135,1,1034.611450,799.848877,111.592186,86.270920,340,0,0.000000,0.000000,0.000000,0.000000,0,0,0.000000,0.000000,0.000000,0.000000,0
620,8.908081,8.908081,1,821.000305,513.001526,88.552292,55.331844,154,1,1011.899414,816.764160,109.142487,88.095383,331,0,0.000000,0.000000,0.000000,0.000000,0,0,0.000000,0.000000,0.000000,0.000000,0
624,8.941406,8.941406,1,819.384827,513.954956,88.378052,55.434677,125,1,988.803589,832.662109,106.651390,89.810120,341,0,0.000000,0.000000,0.000000,0.000000,0,0,0.000000,0.000000,0.000000,0.000000,0
626,8.974854,8.974854,1,815.781311,512.050415,87.989380,55.229259,157,1,964.203552,847.147095,103.998055,91.372459,341,0,0.000000,0.000000,0.000000,0.000000,0,0,0.000000,0.000000,0.000000,0.000000,0
628,9.008179,9.008179,1,811.774170,507.608765,87.557167,54.750187,167,1,938.281860,859.738525,101.202164,92.730553,341,0,0.000000,0.000000,0.000000,0.000000,0,0,0.000000,0.000000,0.000000,0.000000,0
630,9.041504,9.041504,1,814.085205,506.161926,87.806435,54.594131,153,1,911.838623,870.354553,98.350029,93.875595,338,0,0.000000,0.000000,0.000000,0.000000,0,0,0.000000,0.000000,0.000000,0.000000,0
634,9.074829,9.074829,1,815.822449,506.270935,87.993813,54.605888,148,1,884.168457,879.588196,95.365547,94.871521,342,0,0.000000,0.000000,0.000000,0.000000,0,0,0.000000,0.000000,0.000000,0.000000,0
636,9.108154,9.108154,1,818.718018,503.493622,88.306129,54.306332,143,1,856.339233,887.231689,92.363914,95.695946,340,0,0.000000,0.000000,0.000000,0.000000,0,0,0.000000,0.000000,0.000000,0.000000,0
638,9.141479,9.141479,1,822.900391,503.831024,88.757233,54.342724,143,1,828.737061,892.512085,89.386765,96.265480,344,0,0.000000,0.000000,0.000000,0.000000,0,0,0.000000,0.000000,0.000000,0.000000,0
641,9.174805,9.174805,1,825.849487,501.715393,89.075317,54.114532,141,1,800.961548,896.068787,86.390930,96.649109,344,0,0.000000,0.000000,0.000000,0.000000,0,0,0.000000,0.000000,0.000000,0.000000,0
644,9.208130,9.208130,1,827.354492,505.551147,89.237648,54.528252,128,1,773.004822,897.248230,83.375542,96.776314,340,0,0.000000,0.000000,0.000000,0.000000,0,0,0.000000,0.000000,0.000000,0.000000,0
645,9.241455,9.241455,1,828.459656,510.253723,89.356850,55.035469,144,1,745.169373,896.044861,80.373238,96.646530,342,0,0.000000,0.000000,0.000000,0.000000,0,0,0.000000,0.000000,0.000000,0.000000,0
649,9.274902,9.274902,1,827.939148,511.501343,89.300705,55.170036,133,1,718.331116,892.853699,77.478493,96.302330,346,0,0.000000,0.000000,0.000000,0.000000,0,0,0.000000,0.000000,0.000000,0.000000,0
651,9.308228,9.308228,1,830.403687,511.813782,89.566536,55.203735,142,1,691.726624,886.776855,74.608955,95.646889,358,0,0.000000,0.000000,0.000000,0.000000,0,0,0.000000,0.000000,0.000000,0.000000,0
653,9.341553,9.341553,1,833.142029,512.287598,89.861885,55.254841,119,1,665.553833,878.896057,71.785988,94.796867,360,0,0.000000,0.000000,0.000000,0.000000,0,0,0.000000,0.000000,0.000000,0.000000,0
656,9.374878,9.374878,1,837.751160,511.071259,90.359024,55.123646,123,1,640.650757,868.778015,69.099960,93.705544,351,0,0.000000,0.000000,0.000000,0.000000,0,0,0.000000,0.000000,0.000000,0.000000,0
658,9.408203,9.408203,1,839.475342,509.516602,90.544991,54.955963,126,1,617.242004,857.061035,66.575119,92.441765,347,0,0.000000,0.000000,0.000000,0.000000,0,0,0.000000,0.000000,0.000000,0.000000,0
661,9.441528,9.441528,1,840.541992,509.068604,90.660034,54.907642,124,1,594.566284,843.589600,64.129333,90.988754,342,0,0.000000,0.000000,0.000000,0.000000,0,0,0.000000,0.000000,0.000000,0.000000,0
664,9.474854,9.474854,1,841.968079,509.288635,90.813850,54.931374,123,1,573.006958,828.697266,61.803974,89.382477,344,0,0.000000,0.000000,0.000000,0.000000,0,0,0.000000,0.000000,0.000000,0.000000,0
666,9.508179,9.508179,1,840.884644,510.932190,90.696999,55.108646,136,1,552.495544,812.594482,59.591633,87.645645,346,0,0.000000,0.000000,0.000000,0.000000,0,0,0.000000,0.000000,0.000000,0.000000,0
668,9.541504,9.541504,1,839.604980,510.195251,90.558975,55.029163,131,1,533.544312,795.069031,57.547569,85.755371,342,0,0.000000,0.000000,0.000000,0.000000,0,0,0.000000,0.000000,0.000000,0.000000,0
671,9.574951,9.574951,1,839.531982,510.418945,90.551102,55.053288,119,1,515.373108,776.351135,55.587643,83.736473,338,0,0.000000,0.000000,0.000000,0.000000,0,0,0.000000,0.000000,0.000000,0.000000,0
674,9.608276,9.608276,1,836.503662,508.727814,90.224472,54.870884,142,1,499.871887,756.753174,53.915691,81.622658,327,0,0.000000,0.000000,0.000000,0.000000,0,0,0.000000,0.000000,0.000000,0.000000,0
676,9.641602,9.641602,1,835.125732,510.221405,90.075844,55.031982,127,1,485.616791,735.955444,52.378151,79.379440,330,0,0.000000,0.000000,0.000000,0.000000,0,0,0.000000,0.000000,0.000000,0.000000,0
678,9.674927,9.674927,1,835.515259,513.504211,90.117859,55.386059,122,1,472.681488,714.621155,50.982964,77.078339,334,0,0.000000,0.000000,0.000000,0.000000,0,0,0.000000,0.000000,0.000000,0.000000,0
680,9.708252,9.708252,1,834.348633,515.013062,89.992027,55.548805,115,1,460.707336,692.289612,49.691444,74.669678,333,0,0.000000,0.000000,0.000000,0.000000,0,0,0.000000,0.000000,0.000000,0.000000,0
684,9.741577,9.741577,1,832.276184,514.390564,89.768494,55.481663,132,1,449.980774,668.839417,48.534485,72.140366,338,0,0.000000,0.000000,0.000000,0.000000,0,0,0.000000,0.000000,0.000000,0.000000,0
686,9.774902,9.774902,1,830.146667,514.369446,89.538811,55.479389,128,1,440.719116,645.138123,47.535534,69.583969,338,0,0.000000,0.000000,0.000000,0.000000,0,0,0.000000,0.000000,0.000000,0.000000,0
688,9.808228,9.808228,1,829.579590,514.369812,89.477646,55.479424,118,1,432.751678,620.720459,46.676170,66.950302,338,0,0.000000,0.000000,0.000000,0.000000,0,0,0.000000,0.000000,0.000000,0.000000,0
690,9.841553,9.841553,1,828.850464,515.457031,89.399002,55.596691,122,1,427.704437,595.754333,46.131783,64.257477,343,0,0.000000,0.000000,0.000000,0.000000,0,0,0.000000,0.000000,0.000000,0.000000,0
692,9.874878,9.874878,1,827.484009,515.442932,89.251617,55.595173,134,1,424.649353,570.872437,45.802261,61.573742,335,0,0.000000,0.000000,0.000000,0.000000,0,0,0.000000,0.000000,0.000000,0.000000,0
696,9.908325,9.908325,1,826.671814,512.992859,89.164009,55.330910,117,1,422.455139,545.098816,45.565601,58.793827,333,0,0.000000,0.000000,0.000000,0.000000,0,0,0.000000,0.000000,0.000000,0.000000,0
698,9.941650,9.941650,1,827.652649,513.482849,89.269806,55.383759,109,1,421.872009,519.221436,45.502701,56.002716,338,0,0.000000,0.000000,0.000000,0.000000,0,0,0.000000,0.000000,0.000000,0.000000,0
700,9.974976,9.974976,1,828.986755,513.562256,89.413704,55.392323,96,1,423.194489,493.188538,45.645344,53.194832,336,0,0.000000,0.000000,0.000000,0.000000,0,0,0.000000,0.000000,0.000000,0.000000,0
704,10.008301,10.008301,1,828.131531,510.820007,89.321457,55.096546,107,1,426.136200,466.810883,45.962635,50.349766,337,0,0.000000,0.000000,0.000000,0.000000,0,0,0.000000,0.000000,0.000000,0.000000,0
706,10.041626,10.041626,1,826.434387,508.397430,89.138405,54.835251,122,1,430.625610,440.389526,46.446857,47.499985,336,0,0.000000,0.000000,0.000000,0.000000,0,0,0.000000,0.000000,0.000000,0.000000,0
708,10.074951,10.074951,1,826.655457,507.050903,89.162254,54.690014,97,1,436.050995,414.685181,47.032032,44.727539,334,0,0.000000,0.000000,0.000000,0.000000,0,0,0.000000,0.000000,0.000000,0.000000,0
712,10.108276,10.108276,1,825.727600,505.047760,89.062172,54.473957,116,1,443.574677,389.588196,47.843533,42.020603,331,0,0.000000,0.000000,0.000000,0.000000,0,0,0.000000,0.000000,0.000000,0.000000,0
714,10.141602,10.141602,1,825.683655,503.690399,89.057434,54.327557,128,1,453.657379,364.237640,48.931042,39.286316,330,0,0.000000,0.000000,0.000000,0.000000,0,0,0.000000,0.000000,0.000000,0.000000,0
716,10.174927,10.174927,1,826.830017,500.892273,89.181076,54.025749,129,1,465.339447,339.858826,50.191059,36.656841,332,0,0.000000,0.000000,0.000000,0.000000,0,0,0.000000,0.000000,0.000000,0.000000,0
718,10.208374,10.208374,1,829.046387,500.536469,89.420135,53.987373,125,1,478.818451,315.748657,51.644890,34.056339,336,0,0.000000,0.000000,0.000000,0.000000,0,0,0.000000,0.000000,0.000000,0.000000,0
720,10.241699,10.241699,1,831.619751,499.748779,89.697693,53.902416,121,1,494.486176,292.983551,53.334797,31.600922,337,0,0.000000,0.000000,0.000000,0.000000,0,0,0.000000,0.000000,0.000000,0.000000,0
724,10.275024,10.275024,1,832.902954,500.702881,89.836098,54.005322,97,1,511.752167,271.447418,55.197090,29.278053,342,0,0.000000,0.000000,0.000000,0.000000,0,0,0.000000,0.000000,0.000000,0.000000,0
726,10.308350,10.308350,1,832.225525,500.452728,89.763031,53.978344,114,1,530.528748,251.115311,57.222313,27.085052,347,0,0.000000,0.000000,0.000000,0.000000,0,0,0.000000,0.000000,0.000000,0.000000,0
728,10.341675,10.341675,1,831.992615,502.065155,89.737907,54.152256,103,1,550.956604,231.693298,59.425644,24.990211,351,0,0.000000,0.000000,0.000000,0.000000,0,0,0.000000,0.000000,0.000000,0.000000,0
730,10.375000,10.375000,1,831.356873,503.308411,89.669342,54.286354,110,1,572.818481,213.412659,61.783646,23.018480,344,0,0.000000,0.000000,0.000000,0.000000,0,0,0.000000,0.000000,0.000000,0.000000,0
733,10.408325,10.408325,1,832.205994,503.324982,89.760925,54.288139,104,1,597.191223,197.436447,64.412460,21.295301,353,0,0.000000,0.000000,0.000000,0.000000,0,0,0.000000,0.000000,0.000000,0.000000,0
735,10.441650,10.441650,1,832.517456,505.134033,89.794518,54.483265,105,1,623.285156,183.616013,67.226929,19.804644,352,0,0.000000,0.000000,0.000000,0.000000,0,0,0.000000,0.000000,0.000000,0.000000,0
738,10.474976,10.474976,1,831.144897,506.303345,89.646477,54.609383,103,1,650.373535,171.452148,70.148659,18.492662,351,0,0.000000,0.000000,0.000000,0.000000,0,0,0.000000,0.000000,0.000000,0.000000,0
741,10.508423,10.508423,1,831.487183,508.173309,89.683395,54.811077,106,1,678.926208,161.470169,73.228317,17.416016,354,0,0.000000,0.000000,0.000000,0.000000,0,0,0.000000,0.000000,0.000000,0.000000,0
743,10.541748,10.541748,1,831.190186,508.851257,89.651360,54.884201,116,1,708.194214,153.463272,76.385139,16.552399,356,0,0.000000,0.000000,0.000000,0.000000,0,0,0.000000,0.000000,0.000000,0.000000,0
746,10.575073,10.575073,1,830.964294,509.362640,89.626999,54.939354,117,1,738.084290,147.140366,79.609055,15.870416,358,0,0.000000,0.000000,0.000000,0.000000,0,0,0.000000,0.000000,0.000000,0.000000,0
750,10.608398,10.608398,1,831.655457,507.713715,89.701546,54.761505,117,1,768.625671,143.806030,82.903221,15.510778,357,0,0.000000,0.000000,0.000000,0.000000,0,0,0.000000,0.000000,0.000000,0.000000,0
752,10.641724,10.641724,1,830.619629,510.873993,89.589821,55.102367,113,1,800.080811,142.786133,86.295937,15.400773,361,0,0.000000,0.000000,0.000000,0.000000,0,0,0.000000,0.000000,0.000000,0.000000,0
754,10.675049,10.675049,1,831.842529,510.315857,89.721725,55.042171,98,1,831.655701,144.411057,89.701576,15.576035,363,0,0.000000,0.000000,0.000000,0.000000,0,0,0.000000,0.000000,0.000000,0.000000,0
755,10.708374,10.708374,1,829.033569,512.007263,89.418747,55.224606,124,1,862.966797,148.222763,93.078758,15.987163,369,0,0.000000,0.000000,0.000000,0.000000,0,0,0.000000,0.000000,0.000000,0.000000,0
758,10.741699,10.741699,1,828.546387,510.646667,89.366203,55.077850,115,1,894.066772,154.999130,96.433167,16.718054,369,0,0.000000,0.000000,0.000000,0.000000,0,0,0.000000,0.000000,0.000000,0.000000,0
761,10.775024,10.775024,1,831.195190,510.922791,89.651901,55.107635,110,1,924.142273,164.743423,99.677086,17.769064,371,0,0.000000,0.000000,0.000000,0.000000,0,0,0.000000,0.000000,0.000000,0.000000,0
764,10.808350,10.808350,1,831.717102,510.116211,89.708191,55.020638,103,1,953.376892,177.181549,102.830299,19.110630,363,0,0.000000,0.000000,0.000000,0.000000,0,0,0.000000,0.000000,0.000000,0.000000,0
766,10.841797,10.841797,1,830.574768,510.096954,89.584984,55.018559,131,1,981.503601,192.006683,105.864014,20.709654,361,0,0.000000,0.000000,0.000000,0.000000,0,0,0.000000,0.000000,0.000000,0.000000,0
768,10.875122,10.875122,1,829.915833,506.894287,89.513908,54.673122,108,1,1008.182739,208.819748,108.741600,22.523094,353,0,0.000000,0.000000,0.000000,0.000000,0,0,0.000000,0.000000,0.000000,0.000000,0
771,10.908447,10.908447,1,834.401550,505.780365,89.997742,54.552979,101,1,1032.563721,227.553391,111.371323,24.543686,363,0,0.000000,0.000000,0.000000,0.000000,0,0,0.000000,0.000000,0.000000,0.000000,0
773,10.941772,10.941772,1,838.346069,506.417755,90.423187,54.621723,141,1,1054.515381,249.266373,113.738991,26.885628,368,0,0.000000,0.000000,0.000000,0.000000,0,0,0.000000,0.000000,0.000000,0.000000,0
775,10.975098,10.975098,1,835.825439,505.995483,90.151314,54.576180,143,1,1075.211304,273.206604,115.971245,29.467798,366,0,0.000000,0.000000,0.000000,0.000000,0,0,0.000000,0.000000,0.000000,0.000000,0
779,11.008423,11.008423,1,834.453491,499.822540,90.003342,53.910370,128,1,1094.116089,298.556244,118.010300,32.201984,366,0,0.000000,0.000000,0.000000,0.000000,0,0,0.000000,0.000000,0.000000,0.000000,0
781,11.041748,11.041748,1,840.877197,506.688263,90.696190,54.650902,124,1,1111.164429,325.755524,119.849106,35.135674,368,0,0.000000,0.000000,0.000000,0.000000,0,0,0.000000,0.000000,0.000000,0.000000,0
783,11.075073,11.075073,1,833.871643,510.266632,89.940582,55.036858,141,1,1125.282104,354.598236,121.371834,38.246620,372,0,0.000000,0.000000,0.000000,0.000000,0,0,0.000000,0.000000,0.000000,0.000000,0
785,11.108398,11.108398,1,834.662048,507.559052,90.025833,54.744823,128,1,1137.356201,385.400635,122.674126,41.568935,365,0,0.000000,0.000000,0.000000,0.000000,0,0,0.000000,0.000000,0.000000,0.000000,0
788,11.141846,11.141846,1,837.962646,512.018860,90.381836,55.225853,131,1,1146.421509,416.381042,123.651909,44.910454,360,0,0.000000,0.000000,0.000000,0.000000,0,0,0.000000,0.000000,0.000000,0.000000,0
791,11.175171,11.175171,1,833.387085,509.176331,89.888313,54.919262,145,1,1152.591064,448.057739,124.317345,48.327068,364,0,0.000000,0.000000,0.000000,0.000000,0,0,0.000000,0.000000,0.000000,0.000000,0
793,11.208496,11.208496,1,836.945435,507.247284,90.272118,54.711197,136,1,1156.122314,479.595856,124.698227,51.728741,349,0,0.000000,0.000000,0.000000,0.000000,0,0,0.000000,0.000000,0.000000,0.000000,0
795,11.241821,11.241821,1,833.685120,510.637329,89.920464,55.076843,141,1,1156.650513,511.809052,124.755196,55.203224,341,0,0.000000,0.000000,0.000000,0.000000,0,0,0.000000,0.000000,0.000000,0.000000,0
799,11.275146,11.275146,1,834.248962,508.175171,89.981277,54.811279,125,1,1155.000000,543.534180,124.577164,58.625069,339,0,0.000000,0.000000,0.000000,0.000000,0,0,0.000000,0.000000,0.000000,0.000000,0
801,11.308472,11.308472,1,837.583191,513.417236,90.340904,55.376686,115,1,1150.148438,575.444885,124.053886,62.066921,345,0,0.000000,0.000000,0.000000,0.000000,0,0,0.000000,0.000000,0.000000,0.000000,0
803,11.341797,11.341797,1,837.294739,515.327637,90.309792,55.582737,121,1,1142.374146,607.641724,123.215355,65.539642,351,0,0.000000,0.000000,0.000000,0.000000,0,0,0.000000,0.000000,0.000000,0.000000,0
806,11.375122,11.375122,1,839.102966,513.343811,90.504829,55.368759,114,1,1131.889771,639.299438,122.084526,68.954208,354,0,0.000000,0.000000,0.000000,0.000000,0,0,0.000000,0.000000,0.000000,0.000000,0
808,11.408447,11.408447,1,841.580566,510.978149,90.772057,55.113605,98,1,1118.671021,668.948975,120.658760,72.152184,360,0,0.000000,0.000000,0.000000,0.000000,0,0,0.000000,0.000000,0.000000,0.000000,0
811,11.441895,11.441895,1,844.414246,507.352325,91.077698,54.722527,114,1,1102.222534,697.785706,118.884644,75.262489,361,0,0.000000,0.000000,0.000000,0.000000,0,0,0.000000,0.000000,0.000000,0.000000,0
813,11.475220,11.475220,1,845.360840,506.617218,91.179794,54.643238,103,1,1083.185425,724.143494,116.831322,78.105408,368,0,0.000000,0.000000,0.000000,0.000000,0,0,0.000000,0.000000,0.000000,0.000000,0
815,11.508545,11.508545,1,845.841125,505.273743,91.231598,54.498333,127,1,1061.709351,748.362183,114.514938,80.717613,368,0,0.000000,0.000000,0.000000,0.000000,0,0,0.000000,0.000000,0.000000,0.000000,0
817,11.541870,11.541870,1,845.143982,508.224762,91.156403,54.816628,112,1,1038.498901,770.919373,112.011475,83.150612,363,0,0.000000,0.000000,0.000000,0.000000,0,0,0.000000,0.000000,0.000000,0.000000,0
821,11.575195,11.575195,1,846.834839,507.616638,91.338783,54.751038,127,1,1014.238342,791.850403,109.394760,85.408211,368,0,0.000000,0.000000,0.000000,0.000000,0,0,0.000000,0.000000,0.000000,0.000000,0
823,11.608521,11.608521,1,850.394226,505.567383,91.722694,54.530003,125,1,988.978516,810.652222,106.670258,87.436157,360,0,0.000000,0.000000,0.000000,0.000000,0,0,0.000000,0.000000,0.000000,0.000000,0
826,11.641846,11.641846,1,847.123535,507.220215,91.369919,54.708275,112,1,962.794800,827.018616,103.846107,89.201424,358,0,0.000000,0.000000,0.000000,0.000000,0,0,0.000000,0.000000,0.000000,0.000000,0
828,11.675171,11.675171,1,844.833069,510.706757,91.122871,55.084332,114,1,934.998108,840.914124,100.847984,90.700180,349,0,0.000000,0.000000,0.000000,0.000000,0,0,0.000000,0.000000,0.000000,0.000000,0
830,11.708496,11.708496,1,842.717224,512.746765,90.894661,55.304367,126,1,906.547791,851.938721,97.779358,91.889275,355,0,0.000000,0.000000,0.000000,0.000000,0,0,0.000000,0.000000,0.000000,0.000000,0
834,11.741821,11.741821,1,844.876709,511.744080,91.127579,55.196217,112,1,877.966125,859.886536,94.696571,92.746521,340,0,0.000000,0.000000,0.000000,0.000000,0,0,0.000000,0.000000,0.000000,0.000000,0
836,11.775269,11.775269,1,849.246643,510.414886,91.598915,55.052853,115,1,849.621826,864.849243,91.639374,93.281799,342,0,0.000000,0.000000,0.000000,0.000000,0,0,0.000000,0.000000,0.000000,0.000000,0
838,11.808594,11.808594,1,849.430176,508.224182,91.618706,54.816566,132,1,821.182861,868.446899,88.571976,93.669830,346,0,0.000000,0.000000,0.000000,0.000000,0,0,0.000000,0.000000,0.000000,0.000000,0
840,11.841919,11.841919,1,846.783508,509.486450,91.333244,54.952713,123,1,792.685242,869.682068,85.498253,93.803062,348,0,0.000000,0.000000,0.000000,0.000000,0,0,0.000000,0.000000,0.000000,0.000000,0
842,11.875244,11.875244,1,844.951050,512.527832,91.135597,55.280750,125,1,764.962280,868.391052,82.508087,93.663811,345,0,0.000000,0.000000,0.000000,0.000000,0,0,0.000000,0.000000,0.000000,0.000000,0
846,11.908569,11.908569,1,845.092041,515.902405,91.150803,55.644733,115,1,738.282104,863.931030,79.630386,93.182755,345,0,0.000000,0.000000,0.000000,0.000000,0,0,0.000000,0.000000,0.000000,0.000000,0
848,11.941895,11.941895,1,843.680786,515.802429,90.998589,55.633945,111,1,711.719543,857.670837,76.765381,92.507538,350,0,0.000000,0.000000,0.000000,0.000000,0,0,0.000000,0.000000,0.000000,0.000000,0
850,11.975220,11.975220,1,844.676208,517.447327,91.105949,55.811363,115,1,685.720215,849.066467,73.961113,91.579483,356,0,0.000000,0.000000,0.000000,0.000000,0,0,0.000000,0.000000,0.000000,0.000000,0
853,12.008545,12.008545,1,843.551575,518.499573,90.984650,55.924854,115,1,660.386475,838.764099,71.228638,90.468277,357,0,0.000000,0.000000,0.000000,0.000000,0,0,0.000000,0.000000,0.000000,0.000000,0
856,12.041870,12.041870,1,842.157043,516.651184,90.834236,55.725491,115,1,635.577454,826.216125,68.552765,89.114868,359,0,0.000000,0.000000,0.000000,0.000000,0,0,0.000000,0.000000,0.000000,0.000000,0
858,12.075317,12.075317,1,840.201050,520.724365,90.623260,56.164822,120,1,612.093201,811.554626,66.019775,87.533485,358,0,0.000000,0.000000,0.000000,0.000000,0,0,0.000000,0.000000,0.000000,0.000000,0
862,12.108643,12.108643,1,838.426880,522.819763,90.431908,56.390827,136,1,590.293945,795.243225,63.668530,85.774155,349,0,0.000000,0.000000,0.000000,0.000000,0,0,0.000000,0.000000,0.000000,0.000000,0
864,12.141968,12.141968,1,836.251770,524.864746,90.197304,56.611401,128,1,570.163086,777.222229,61.497238,83.830429,341,0,0.000000,0.000000,0.000000,0.000000,0,0,0.000000,0.000000,0.000000,0.000000,0
866,12.175293,12.175293,1,836.282715,523.107239,90.200638,56.421833,110,1,551.363892,758.027954,59.469574,81.760155,346,0,0.000000,0.000000,0.000000,0.000000,0,0,0.000000,0.000000,0.000000,0.000000,0
869,12.208618,12.208618,1,835.027161,521.586426,90.065216,56.257801,133,1,533.944824,737.529663,57.590767,79.549225,343,0,0.000000,0.000000,0.000000,0.000000,0,0,0.000000,0.000000,0.000000,0.000000,0
870,12.241943,12.241943,1,834.054382,516.710754,89.960289,55.731915,123,1,518.570557,716.041321,55.932518,77.231522,354,0,0.000000,0.000000,0.000000,0.000000,0,0,0.000000,0.000000,0.000000,0.000000,0
873,12.275269,12.275269,1,835.519653,516.848267,90.118332,55.746750,119,1,504.817139,692.046143,54.449085,74.643425,343,0,0.000000,0.000000,0.000000,0.000000,0,0,0.000000,0.000000,0.000000,0.000000,0
875,12.308594,12.308594,1,834.749329,517.541504,90.035248,55.821522,126,1,492.539948,667.668274,53.124878,72.014053,351,0,0.000000,0.000000,0.000000,0.000000,0,0,0.000000,0.000000,0.000000,0.000000,0
878,12.341919,12.341919,1,837.002563,517.089661,90.278282,55.772781,127,1,482.379120,642.493530,52.028942,69.298729,353,0,0.000000,0.000000,0.000000,0.000000,0,0,0.000000,0.000000,0.000000,0.000000,0
880,12.375366,12.375366,1,836.148315,515.326721,90.186142,55.582638,128,1,473.858032,616.862976,51.109863,66.534241,346,0,0.000000,0.000000,0.000000,0.000000,0,0,0.000000,0.000000,0.000000,0.000000,0
882,12.408691,12.408691,1,832.108276,509.057037,89.750389,54.906395,133,1,467.337402,590.815063,50.406555,63.724735,352,0,0.000000,0.000000,0.000000,0.000000,0,0,0.000000,0.000000,0.000000,0.000000,0
886,12.442017,12.442017,1,834.786499,508.860443,90.039253,54.885189,143,1,462.636444,564.554688,49.899517,60.892319,361,0,0.000000,0.000000,0.000000,0.000000,0,0,0.000000,0.000000,0.000000,0.000000,0
888,12.475342,12.475342,1,834.308899,513.966553,89.987740,55.435928,134,1,460.052277,538.014893,49.620789,58.029762,356,0,0.000000,0.000000,0.000000,0.000000,0,0,0.000000,0.000000,0.000000,0.000000,0
890,12.508667,12.508667,1,835.541504,511.488007,90.120689,55.168598,123,1,459.102783,510.911591,49.518379,55.106422,362,0,0.000000,0.000000,0.000000,0.000000,0,0,0.000000,0.000000,0.000000,0.000000,0
892,12.541992,12.541992,1,835.286621,512.323914,90.093201,55.258759,145,1,460.091553,483.495972,49.625027,52.149403,354,0,0.000000,0.000000,0.000000,0.000000,0,0,0.000000,0.000000,0.000000,0.000000,0
896,12.575317,12.575317,1,833.179016,512.749390,89.865875,55.304649,137,1,463.873993,455.631561,50.032997,49.143974,357,0,0.000000,0.000000,0.000000,0.000000,0,0,0.000000,0.000000,0.000000,0.000000,0
898,12.608643,12.608643,1,833.189941,513.474060,89.867058,55.382809,112,1,470.024170,427.358276,50.696350,46.094448,359,0,0.000000,0.000000,0.000000,0.000000,0,0,0.000000,0.000000,0.000000,0.000000,0
900,12.641968,12.641968,1,833.401794,511.146271,89.889908,55.131737,114,1,477.334625,400.013702,51.484848,43.145088,353,0,0.000000,0.000000,0.000000,0.000000,0,0,0.000000,0.000000,0.000000,0.000000,0
904,12.675293,12.675293,1,833.347656,509.290771,89.884064,54.931606,116,1,486.696564,372.873993,52.494617,40.217827,352,0,0.000000,0.000000,0.000000,0.000000,0,0,0.000000,0.000000,0.000000,0.000000,0
906,12.708740,12.708740,1,835.946716,511.781158,90.164398,55.200218,116,1,498.508087,346.967651,53.768597,37.423592,353,0,0.000000,0.000000,0.000000,0.000000,0,0,0.000000,0.000000,0.000000,0.000000,0
908,12.742065,12.742065,1,836.337952,515.926758,90.206589,55.647358,105,1,512.065796,321.412476,55.230915,34.667236,347,0,0.000000,0.000000,0.000000,0.000000,0,0,0.000000,0.000000,0.000000,0.000000,0
912,12.775391,12.775391,1,833.786316,514.566162,89.931381,55.500603,134,1,527.057495,297.341736,56.847904,32.070992,357,0,0.000000,0.000000,0.000000,0.000000,0,0,0.000000,0.000000,0.000000,0.000000,0
914,12.808716,12.808716,1,833.007324,510.635040,89.847351,55.076595,117,1,544.355774,273.788605,58.713680,29.530573,366,0,0.000000,0.000000,0.000000,0.000000,0,0,0.000000,0.000000,0.000000,0.000000,0
916,12.842041,12.842041,1,832.755432,508.837280,89.820190,54.882690,114,1,563.404724,251.931656,60.768280,27.173103,360,0,0.000000,0.000000,0.000000,0.000000,0,0,0.000000,0.000000,0.000000,0.000000,0
918,12.875366,12.875366,1,835.267944,509.726562,90.091187,54.978611,108,1,584.419983,232.577911,63.034966,25.085627,356,0,0.000000,0.000000,0.000000,0.000000,0,0,0.000000,0.000000,0.000000,0.000000,0
921,12.908691,12.908691,1,838.193970,510.507233,90.406784,55.062813,131,1,606.743591,214.652908,65.442772,23.152254,351,0,0.000000,0.000000,0.000000,0.000000,0,0,0.000000,0.000000,0.000000,0.000000,0
923,12.942017,12.942017,1,840.944824,512.163940,90.703491,55.241505,103,1,630.265442,198.810867,67.979820,21.443546,357,0,0.000000,0.000000,0.000000,0.000000,0,0,0.000000,0.000000,0.000000,0.000000,0
925,12.975342,12.975342,1,839.642700,510.461639,90.563042,55.057896,103,1,656.021729,184.855713,70.757866,19.938356,350,0,0.000000,0.000000,0.000000,0.000000,0,0,0.000000,0.000000,0.000000,0.000000,0
929,13.008789,13.008789,1,835.127380,511.411072,90.076027,55.160297,139,1,681.554382,173.409195,73.511787,18.703747,357,0,0.000000,0.000000,0.000000,0.000000,0,0,0.000000,0.000000,0.000000,0.000000,0
931,13.042114,13.042114,1,828.765991,513.729614,89.389893,55.410374,124,1,708.733643,164.063004,76.443321,17.695675,360,0,0.000000,0.000000,0.000000,0.000000,0,0,0.000000,0.000000,0.000000,0.000000,0
933,13.075439,13.075439,1,827.452881,514.497375,89.248253,55.493183,122,1,736.910522,156.323898,79.482452,16.860943,357,0,0.000000,0.000000,0.000000,0.000000,0,0,0.000000,0.000000,0.000000,0.000000,0
935,13.108765,13.108765,1,826.884583,512.036804,89.186966,55.227787,123,1,765.816162,151.748978,82.600189,16.367496,357,0,0.000000,0.000000,0.000000,0.000000,0,0,0.000000,0.000000,0.000000,0.000000,0
937,13.142090,13.142090,1,826.675171,511.125458,89.164375,55.129494,106,1,795.855286,149.224579,85.840172,16.095217,367,0,0.000000,0.000000,0.000000,0.000000,0,0,0.000000,0.000000,0.000000,0.000000,0
941,13.175415,13.175415,1,826.712280,511.306763,89.168381,55.149048,105,1,825.635742,148.657486,89.052269,16.034052,360,0,0.000000,0.000000,0.000000,0.000000,0,0,0.000000,0.000000,0.000000,0.000000,0
943,13.208740,13.208740,1,826.954285,513.197754,89.194481,55.353012,130,1,855.568848,151.033066,92.280823,16.290279,362,0,0.000000,0.000000,0.000000,0.000000,0,0,0.000000,0.000000,0.000000,0.000000,0
945,13.242065,13.242065,1,828.211670,512.884216,89.330101,55.319191,122,1,884.769287,155.339905,95.430351,16.754810,360,0,0.000000,0.000000,0.000000,0.000000,0,0,0.000000,0.000000,0.000000,0.000000,0
948,13.275391,13.275391,1,827.582336,514.850586,89.262222,55.531284,109,1,913.482666,161.311523,98.527344,17.398903,355,0,0.000000,0.000000,0.000000,0.000000,0,0,0.000000,0.000000,0.000000,0.000000,0
951,13.308838,13.308838,1,825.352173,515.898865,89.021675,55.644352,109,1,941.656494,170.289185,101.566147,18.367226,351,0,0.000000,0.000000,0.000000,0.000000,0,0,0.000000,0.000000,0.000000,0.000000,0
953,13.342163,13.342163,1,825.048279,517.284973,88.988907,55.793850,119,1,968.533936,181.527359,104.465126,19.579363,350,0,0.000000,0.000000,0.000000,0.000000,0,0,0.000000,0.000000,0.000000,0.000000,0
955,13.375488,13.375488,1,827.285095,516.078674,89.230164,55.663738,114,1,994.877869,195.107864,107.306557,21.044144,351,0,0.000000,0.000000,0.000000,0.000000,0,0,0.000000,0.000000,0.000000,0.000000,0
958,13.408813,13.408813,1,830.080566,514.573792,89.531677,55.501431,87,1,1019.740112,209.738144,109.988174,22.622150,344,0,0.000000,0.000000,0.000000,0.000000,0,0,0.000000,0.000000,0.000000,0.000000,0
960,13.442139,13.442139,1,831.032715,515.458618,89.634377,55.596863,116,1,1042.950073,226.422440,112.491570,24.421703,349,0,0.000000,0.000000,0.000000,0.000000,0,0,0.000000,0.000000,0.000000,0.000000,0
962,13.475464,13.475464,1,827.601135,519.851257,89.264252,56.070648,112,1,1065.049561,244.796951,114.875214,26.403561,354,0,0.000000,0.000000,0.000000,0.000000,0,0,0.000000,0.000000,0.000000,0.000000,0
966,13.508789,13.508789,1,829.330322,523.015869,89.450760,56.411983,103,1,1085.992798,265.002808,117.134117,28.582945,357,0,0.000000,0.000000,0.000000,0.000000,0,0,0.000000,0.000000,0.000000,0.000000,0
968,13.542114,13.542114,1,830.449646,520.617737,89.571487,56.153320,125,1,1105.232422,286.448914,119.209290,30.896099,354,0,0.000000,0.000000,0.000000,0.000000,0,0,0.000000,0.000000,0.000000,0.000000,0
970,13.575439,13.575439,1,831.148315,517.259399,89.646843,55.791096,124,1,1122.477173,309.350677,121.069298,33.366264,359,0,0.000000,0.000000,0.000000,0.000000,0,0,0.000000,0.000000,0.000000,0.000000,0
974,13.608765,13.608765,1,827.835571,518.799316,89.289536,55.957191,111,1,1137.809326,333.538513,122.723007,35.975140,350,0,0.000000,0.000000,0.000000,0.000000,0,0,0.000000,0.000000,0.000000,0.000000,0
976,13.642212,13.642212,1,828.186401,519.496338,89.327377,56.032368,114,1,1150.713989,358.404114,124.114883,38.657116,343,0,0.000000,0.000000,0.000000,0.000000,0,0,0.000000,0.000000,0.000000,0.000000,0
978,13.675537,13.675537,1,828.198486,518.207275,89.328682,55.893326,140,1,1161.540894,384.792206,125.282669,41.503311,345,0,0.000000,0.000000,0.000000,0.000000,0,0,0.000000,0.000000,0.000000,0.000000,0
980,13.708862,13.708862,1,827.611145,516.495300,89.265335,55.708683,121,1,1170.190796,411.906525,126.215637,44.427837,354,0,0.000000,0.000000,0.000000,0.000000,0,0,0.000000,0.000000,0.000000,0.000000,0
982,13.742188,13.742188,1,827.388855,515.099182,89.241356,55.558094,114,1,1177.514282,439.168060,127.005539,47.368240,346,0,0.000000,0.000000,0.000000,0.000000,0,0,0.000000,0.000000,0.000000,0.000000,0
986,13.775513,13.775513,1,827.525024,512.327271,89.256042,55.259121,127,1,1182.465698,466.336670,127.539597,50.298618,329,0,0.000000,0.000000,0.000000,0.000000,0,0,0.000000,0.000000,0.000000,0.000000,0
988,13.808838,13.808838,1,825.794006,512.674805,89.069336,55.296608,119,1,1185.387085,493.207733,127.854698,53.196903,333,0,0.000000,0.000000,0.000000,0.000000,0,0,0.000000,0.000000,0.000000,0.000000,0
990,13.842163,13.842163,1,826.537720,512.476379,89.149551,55.275200,101,1,1185.782715,521.071655,127.897362,56.202282,338,0,0.000000,0.000000,0.000000,0.000000,0,0,0.000000,0.000000,0.000000,0.000000,0
992,13.875488,13.875488,1,827.494385,508.112549,89.252739,54.804523,113,1,1183.590698,548.049988,127.660934,59.112137,328,0,0.000000,0.000000,0.000000,0.000000,0,0,0.000000,0.000000,0.000000,0.000000,0
996,13.908813,13.908813,1,826.642334,507.230774,89.160835,54.709415,114,1,1179.126831,574.600952,127.179466,61.975903,320,0,0.000000,0.000000,0.000000,0.000000,0,0,0.000000,0.000000,0.000000,0.000000,0
998,13.942261,13.942261,1,824.858704,507.285492,88.968452,54.715317,112,1,1173.454834,601.170166,126.567696,64.841621,324,0,0.000000,0.000000,0.000000,0.000000,0,0,0.000000,0.000000,0.000000,0.000000,0
1000,13.975586,13.975586,1,825.290649,509.264526,89.015045,54.928772,115,1,1166.300903,627.924133,125.796074,67.727280,322,0,0.000000,0.000000,0.000000,0.000000,0,0,0.000000,0.000000,0.000000,0.000000,0
1002,14.008911,14.008911,1,824.523438,509.606903,88.932289,54.965702,130,1,1156.819702,654.847900,124.773445,70.631248,328,0,0.000000,0.000000,0.000000,0.000000,0,0,0.000000,0.000000,0.000000,0.000000,0
1004,14.042236,14.042236,1,821.532288,510.000214,88.609673,55.008125,132,1,1145.350342,680.289612,123.536362,73.375374,326,0,0.000000,0.000000,0.000000,0.000000,0,0,0.000000,0.000000,0.000000,0.000000,0
1008,14.075562,14.075562,1,822.045898,510.740845,88.665070,55.088009,123,1,1132.661133,705.085327,122.167717,76.049812,325,0,0.000000,0.000000,0.000000,0.000000,0,0,0.000000,0.000000,0.000000,0.000000,0
1010,14.108887,14.108887,1,821.760010,514.448181,88.634232,55.487881,140,1,1118.321533,730.083740,120.621071,78.746124,335,0,0.000000,0.000000,0.000000,0.000000,0,0,0.000000,0.000000,0.000000,0.000000,0
1012,14.142212,14.142212,1,821.936462,511.278381,88.653259,55.145988,149,1,1102.817871,752.812561,118.948853,81.197624,343,0,0.000000,0.000000,0.000000,0.000000,0,0,0.000000,0.000000,0.000000,0.000000,0
1016,14.175537,14.175537,1,824.669373,511.587952,88.948036,55.179379,118,1,1085.994019,774.061829,117.134262,83.489548,341,0,0.000000,0.000000,0.000000,0.000000,0,0,0.000000,0.000000,0.000000,0.000000,0
1018,14.208862,14.208862,1,821.513916,519.071228,88.607689,55.986519,141,1,1067.585693,794.154968,115.148758,85.656784,337,0,0.000000,0.000000,0.000000,0.000000,0,0,0.000000,0.000000,0.000000,0.000000,0
1020,14.242310,14.242310,1,817.359680,521.179443,88.159615,56.213905,144,1,1047.725220,812.331299,113.006615,87.617264,338,0,0.000000,0.000000,0.000000,0.000000,0,0,0.000000,0.000000,0.000000,0.000000,0
1024,14.275635,14.275635,1,817.047241,520.837402,88.125916,56.177013,130,1,1026.916870,828.838745,110.762245,89.397736,337,0,0.000000,0.000000,0.000000,0.000000,0,0,0.000000,0.000000,0.000000,0.000000,0
1026,14.308960,14.308960,1,815.106567,518.534912,87.916595,55.928669,144,1,1005.502258,844.780945,108.452492,91.117249,330,0,0.000000,0.000000,0.000000,0.000000,0,0,0.000000,0.000000,0.000000,0.000000,0
1028,14.342285,14.342285,1,815.537048,514.815430,87.963028,55.527489,136,1,983.385681,858.882080,106.067017,92.638184,337,0,0.000000,0.000000,0.000000,0.000000,0,0,0.000000,0.000000,0.000000,0.000000,0
1030,14.375610,14.375610,1,816.472473,519.993408,88.063927,56.085983,136,1,960.649475,871.430298,103.614716,93.991623,320,0,0.000000,0.000000,0.000000,0.000000,0,0,0.000000,0.000000,0.000000,0.000000,0
1032,14.408936,14.408936,1,812.451111,523.435608,87.630188,56.457253,133,1,937.523254,882.884216,101.120346,95.227028,321,0,0.000000,0.000000,0.000000,0.000000,0,0,0.000000,0.000000,0.000000,0.000000,0
1036,14.442261,14.442261,1,811.684753,525.704773,87.547523,56.702003,115,1,913.579834,891.885742,98.537834,96.197929,327,0,0.000000,0.000000,0.000000,0.000000,0,0,0.000000,0.000000,0.000000,0.000000,0
1038,14.475586,14.475586,1,811.720703,527.828064,87.551399,56.931019,112,1,888.527588,899.171753,95.835716,96.983788,329,0,0.000000,0.000000,0.000000,0.000000,0,0,0.000000,0.000000,0.000000,0.000000,0
1040,14.508911,14.508911,1,808.254272,529.352661,87.177513,57.095459,125,1,863.793518,904.914246,93.167923,97.603165,329,0,0.000000,0.000000,0.000000,0.000000,0,0,0.000000,0.000000,0.000000,0.000000,0
1043,14.542236,14.542236,1,805.836365,525.872070,86.916725,56.720047,115,1,838.679321,909.434082,90.459129,98.090668,337,0,0.000000,0.000000,0.000000,0.000000,0,0,0.000000,0.000000,0.000000,0.000000,0
1046,14.575684,14.575684,1,804.144897,524.064941,86.734283,56.525131,133,1,813.347168,912.790955,87.726830,98.452744,332,0,0.000000,0.000000,0.000000,0.000000,0,0,0.000000,0.000000,0.000000,0.000000,0
1048,14.609009,14.609009,1,806.896667,522.246277,87.031082,56.328972,142,1,787.387207,914.074036,84.926811,98.591133,340,0,0.000000,0.000000,0.000000,0.000000,0,0,0.000000,0.000000,0.000000,0.000000,0
1050,14.642334,14.642334,1,810.013672,521.819397,87.367287,56.282932,130,1,762.087463,913.539490,82.198013,98.533478,341,0,0.000000,0.000000,0.000000,0.000000,0,0,0.000000,0.000000,0.000000,0.000000,0
1052,14.675659,14.675659,1,810.394531,520.353149,87.408363,56.124783,134,1,736.913147,911.441406,79.482727,98.307182,338,0,0.000000,0.000000,0.000000,0.000000,0,0,0.000000,0.000000,0.000000,0.000000,0
1056,14.708984,14.708984,1,809.749390,520.955872,87.338776,56.189793,142,1,712.347290,907.909241,76.833076,97.926201,343,0,0.000000,0.000000,0.000000,0.000000,0,0,0.000000,0.000000,0.000000,0.000000,0
1058,14.742310,14.742310,1,807.747498,522.094360,87.122856,56.312588,139,1,688.041077,902.276794,74.211441,97.318695,335,0,0.000000,0.000000,0.000000,0.000000,0,0,0.000000,0.000000,0.000000,0.000000,0
1060,14.775635,14.775635,1,807.138123,522.710754,87.057129,56.379074,140,1,664.904602,894.934509,71.715958,96.526764,334,0,0.000000,0.000000,0.000000,0.000000,0,0,0.000000,0.000000,0.000000,0.000000,0
1062,14.808960,14.808960,1,803.586304,520.988708,86.674034,56.193336,152,1,642.497253,885.575623,69.299126,95.517319,333,0,0.000000,0.000000,0.000000,0.000000,0,0,0.000000,0.000000,0.000000,0.000000,0
1066,14.842285,14.842285,1,799.994995,515.432434,86.286674,55.594040,150,1,620.763794,874.893982,66.954979,94.365211,334,0,0.000000,0.000000,0.000000,0.000000,0,0,0.000000,0.000000,0.000000,0.000000,0
1068,14.875732,14.875732,1,800.832214,512.187317,86.376984,55.244022,137,1,600.229187,863.287231,64.740135,93.113319,326,0,0.000000,0.000000,0.000000,0.000000,0,0,0.000000,0.000000,0.000000,0.000000,0
1070,14.909058,14.909058,1,803.664917,506.807434,86.682510,54.663754,141,1,579.857544,850.202576,62.542866,91.702019,329,0,0.000000,0.000000,0.000000,0.000000,0,0,0.000000,0.000000,0.000000,0.000000,0
1074,14.942383,14.942383,1,806.480591,504.308075,86.986206,54.394176,124,1,561.149414,835.808655,60.525024,90.149506,327,0,0.000000,0.000000,0.000000,0.000000,0,0,0.000000,0.000000,0.000000,0.000000,0
1076,14.975708,14.975708,1,808.418518,501.822845,87.195236,54.126122,140,1,542.686401,820.642456,58.533627,88.513695,332,0,0.000000,0.000000,0.000000,0.000000,0,0,0.000000,0.000000,0.000000,0.000000,0
1078,15.009033,15.009033,1,810.947083,500.882751,87.467964,54.024727,141,1,525.248047,804.046753,56.652740,86.723701,328,0,0.000000,0.000000,0.000000,0.000000,0,0,0.000000,0.000000,0.000000,0.000000,0
1080,15.042358,15.042358,1,814.849182,498.604095,87.888840,53.778950,131,1,509.300537,787.064575,54.932659,84.892014,326,0,0.000000,0.000000,0.000000,0.000000,0,0,0.000000,0.000000,0.000000,0.000000,0
1082,15.075684,15.075684,1,817.488281,496.005859,88.173485,53.498707,126,1,494.556305,768.775696,53.342361,82.919395,319,0,0.000000,0.000000,0.000000,0.000000,0,0,0.000000,0.000000,0.000000,0.000000,0
1086,15.109009,15.109009,1,819.863281,495.447693,88.429649,53.438503,136,1,481.026093,749.737244,51.883007,80.865921,325,0,0.000000,0.000000,0.000000,0.000000,0,0,0.000000,0.000000,0.000000,0.000000,0
1088,15.142334,15.142334,1,821.016968,493.835022,88.554085,53.264565,124,1,468.380188,730.237427,50.519028,78.762695,323,0,0.000000,0.000000,0.000000,0.000000,0,0,0.000000,0.000000,0.000000,0.000000,0
1090,15.175781,15.175781,1,825.542786,493.953674,89.042236,53.277363,108,1,456.293671,709.901855,49.215389,76.569321,324,0,0.000000,0.000000,0.000000,0.000000,0,0,0.000000,0.000000,0.000000,0.000000,0
1094,15.209106,15.209106,1,829.502747,493.439667,89.469353,53.221920,104,1,445.052643,689.157715,48.002945,74.331879,321,0,0.000000,0.000000,0.000000,0.000000,0,0,0.000000,0.000000,0.000000,0.000000,0
1096,15.242432,15.242432,1,830.083740,491.259155,89.532021,52.986732,111,1,435.246216,668.348572,46.945229,72.087425,321,0,0.000000,0.000000,0.000000,0.000000,0,0,0.000000,0.000000,0.000000,0.000000,0
1098,15.275757,15.275757,1,828.298889,488.067230,89.339508,52.642456,134,1,426.616791,646.960388,46.014469,69.780518,323,0,0.000000,0.000000,0.000000,0.000000,0,0,0.000000,0.000000,0.000000,0.000000,0
1100,15.309082,15.309082,1,830.195129,486.659729,89.544037,52.490643,132,1,419.185638,625.568115,45.212952,67.473160,328,0,0.000000,0.000000,0.000000,0.000000,0,0,0.000000,0.000000,0.000000,0.000000,0
1102,15.342407,15.342407,1,832.772766,487.116302,89.822052,52.539890,112,1,412.846710,603.465454,44.529243,65.089195,328,0,0.000000,0.000000,0.000000,0.000000,0,0,0.000000,0.000000,0.000000,0.000000,0
1106,15.375732,15.375732,1,833.672180,486.027130,89.919067,52.422413,131,1,408.538239,581.332092,44.064537,62.701912,328,0,0.000000,0.000000,0.000000,0.000000,0,0,0.000000,0.000000,0.000000,0.000000,0
1108,15.409058,15.409058,1,831.870789,487.096558,89.724777,52.537758,107,1,405.308075,558.793274,43.716133,60.270897,321,0,0.000000,0.000000,0.000000,0.000000,0,0,0.000000,0.000000,0.000000,0.000000,0
1110,15.442383,15.442383,1,832.164612,487.463593,89.756462,52.577347,130,1,402.975677,536.662048,43.464561,57.883842,321,0,0.000000,0.000000,0.000000,0.000000,0,0,0.000000,0.000000,0.000000,0.000000,0
1112,15.475830,15.475830,1,828.177917,487.851196,89.326462,52.619156,146,1,401.890839,514.770142,43.347553,55.522602,316,0,0.000000,0.000000,0.000000,0.000000,0,0,0.000000,0.000000,0.000000,0.000000,0
1115,15.509155,15.509155,1,825.817261,485.951965,89.071838,52.414303,112,1,402.105988,492.740112,43.370758,53.146465,315,0,0.000000,0.000000,0.000000,0.000000,0,0,0.000000,0.000000,0.000000,0.000000,0
1118,15.542480,15.542480,1,825.624634,486.169891,89.051064,52.437813,124,1,402.985352,470.517609,43.465607,50.749569,315,0,0.000000,0.000000,0.000000,0.000000,0,0,0.000000,0.000000,0.000000,0.000000,0
1121,15.575806,15.575806,1,822.432800,483.769440,88.706802,52.178902,137,1,405.745361,448.552887,43.763298,48.380474,312,0,0.000000,0.000000,0.000000,0.000000,0,0,0.000000,0.000000,0.000000,0.000000,0
1123,15.609131,15.609131,1,820.795288,480.794678,88.530182,51.858047,158,1,410.195923,426.829071,44.243332,46.037365,315,0,0.000000,0.000000,0.000000,0.000000,0,0,0.000000,0.000000,0.000000,0.000000,0
1125,15.642456,15.642456,1,824.288879,477.054871,88.906990,51.454674,145,1,415.348541,404.722046,44.799088,43.652924,314,0,0.000000,0.000000,0.000000,0.000000,0,0,0.000000,0.000000,0.000000,0.000000,0
1128,15.675781,15.675781,1,824.897949,477.184540,88.972687,51.468658,135,1,421.688873,383.102936,45.482952,41.321110,314,0,0.000000,0.000000,0.000000,0.000000,0,0,0.000000,0.000000,0.000000,0.000000,0
1131,15.709106,15.709106,1,824.853271,476.711304,88.967865,51.417614,147,1,429.854767,361.219421,46.363716,38.960773,321,0,0.000000,0.000000,0.000000,0.000000,0,0,0.000000,0.000000,0.000000,0.000000,0
1133,15.742432,15.742432,1,825.152405,474.553619,89.000137,51.184891,144,1,438.721893,339.734528,47.320114,36.643433,322,0,0.000000,0.000000,0.000000,0.000000,0,0,0.000000,0.000000,0.000000,0.000000,0
1135,15.775757,15.775757,1,828.875488,475.983582,89.401703,51.339127,135,1,449.896729,318.499176,48.525425,34.353008,320,0,0.000000,0.000000,0.000000,0.000000,0,0,0.000000,0.000000,0.000000,0.000000,0
1137,15.809204,15.809204,1,827.448608,478.644775,89.247795,51.626160,134,1,462.016876,297.167542,49.832687,32.052200,324,0,0.000000,0.000000,0.000000,0.000000,0,0,0.000000,0.000000,0.000000,0.000000,0
1141,15.842529,15.842529,1,823.899841,476.759613,88.865028,51.422825,133,1,475.249298,276.118439,51.259926,29.781866,326,0,0.000000,0.000000,0.000000,0.000000,0,0,0.000000,0.000000,0.000000,0.000000,0
1143,15.875854,15.875854,1,822.454956,477.769684,88.709190,51.531773,136,1,489.925842,254.589874,52.842922,27.459814,338,0,0.000000,0.000000,0.000000,0.000000,0,0,0.000000,0.000000,0.000000,0.000000,0
1145,15.909180,15.909180,1,822.863403,480.657349,88.753242,51.843231,122,1,505.815277,233.719788,54.556744,25.208788,338,0,0.000000,0.000000,0.000000,0.000000,0,0,0.000000,0.000000,0.000000,0.000000,0
1149,15.942505,15.942505,1,823.639038,481.501190,88.836899,51.934250,125,1,523.348877,213.994202,56.447899,23.081205,330,0,0.000000,0.000000,0.000000,0.000000,0,0,0.000000,0.000000,0.000000,0.000000,0
1151,15.975830,15.975830,1,825.058044,480.739075,88.989952,51.852047,129,1,542.132568,195.331131,58.473888,21.068226,321,0,0.000000,0.000000,0.000000,0.000000,0,0,0.000000,0.000000,0.000000,0.000000,0
1153,16.009155,16.009155,1,825.408569,479.224548,89.027763,51.688690,132,1,561.856018,177.836746,60.601246,19.181297,291,0,0.000000,0.000000,0.000000,0.000000,0,0,0.000000,0.000000,0.000000,0.000000,0
1155,16.042480,16.042480,1,828.124695,479.253784,89.320724,51.691845,131,1,582.013306,161.652390,62.775387,17.435669,251,0,0.000000,0.000000,0.000000,0.000000,0,0,0.000000,0.000000,0.000000,0.000000,0
1157,16.075806,16.075806,1,830.732483,477.851593,89.601990,51.540604,126,1,602.864807,147.027176,65.024414,15.858208,210,0,0.000000,0.000000,0.000000,0.000000,0,0,0.000000,0.000000,0.000000,0.000000,0
1160,16.109253,16.109253,1,829.747253,479.105591,89.495728,51.675861,125,1,622.890625,134.758133,67.184372,14.534882,178,0,0.000000,0.000000,0.000000,0.000000,0,0,0.000000,0.000000,0.000000,0.000000,0
1163,16.142578,16.142578,1,832.164795,479.376343,89.756485,51.705063,132,1,644.083313,123.127464,69.470200,13.280408,154,0,0.000000,0.000000,0.000000,0.000000,0,0,0.000000,0.000000,0.000000,0.000000,0
1165,16.175903,16.175903,1,835.719727,480.198456,90.139915,51.793736,124,1,664.870972,113.817909,71.712334,12.276288,152,0,0.000000,0.000000,0.000000,0.000000,0,0,0.000000,0.000000,0.000000,0.000000,0
1168,16.209229,16.209229,1,836.413086,481.312927,90.214699,51.913944,127,1,687.668274,104.990318,74.171227,11.324153,144,0,0.000000,0.000000,0.000000,0.000000,0,0,0.000000,0.000000,0.000000,0.000000,0
1171,16.242554,16.242554,1,831.631531,481.791016,89.698967,51.965508,144,1,710.029053,98.021912,76.583038,10.572548,150,0,0.000000,0.000000,0.000000,0.000000,0,0,0.000000,0.000000,0.000000,0.000000,0
1173,16.275879,16.275879,1,829.021301,484.188629,89.417427,52.224113,153,1,733.638733,92.361252,79.129562,9.961995,155,0,0.000000,0.000000,0.000000,0.000000,0,0,0.000000,0.000000,0.000000,0.000000,0
1175,16.309204,16.309204,1,828.897644,486.440338,89.404091,52.466980,137,1,758.913086,87.320374,81.855621,9.418290,166,0,0.000000,0.000000,0.000000,0.000000,0,0,0.000000,0.000000,0.000000,0.000000,0
1178,16.342529,16.342529,1,830.023682,488.889069,89.525543,52.731098,134,1,784.422791,83.447960,84.607071,9.000616,171,0,0.000000,0.000000,0.000000,0.000000,0,0,0.000000,0.000000,0.000000,0.000000,0
1180,16.375854,16.375854,1,831.346375,489.950897,89.668213,52.845627,119,1,810.759338,80.734131,87.447708,8.707905,162,0,0.000000,0.000000,0.000000,0.000000,0,0,0.000000,0.000000,0.000000,0.000000,0
1183,16.409302,16.409302,1,831.048401,487.215332,89.636070,52.550571,140,1,835.942383,79.153091,90.163933,8.537374,151,0,0.000000,0.000000,0.000000,0.000000,0,0,0.000000,0.000000,0.000000,0.000000,0
1185,16.442627,16.442627,1,831.057129,485.743866,89.637009,52.391861,130,1,860.108093,78.677544,92.770424,8.486083,130,0,0.000000,0.000000,0.000000,0.000000,0,0,0.000000,0.000000,0.000000,0.000000,0
1187,16.475952,16.475952,1,832.896851,486.796997,89.835442,52.505447,134,1,884.754272,79.530884,95.428734,8.578123,101,0,0.000000,0.000000,0.000000,0.000000,0,0,0.000000,0.000000,0.000000,0.000000,0
1191,16.509277,16.509277,1,837.011414,490.625366,90.279228,52.918373,133,1,907.525085,81.252991,97.884773,8.763868,83,0,0.000000,0.000000,0.000000,0.000000,0,0,0.000000,0.000000,0.000000,0.000000,0
1193,16.542603,16.542603,1,840.532959,491.408661,90.659065,53.002857,127,1,929.519836,83.976288,100.257103,9.057600,68,0,0.000000,0.000000,0.000000,0.000000,0,0,0.000000,0.000000,0.000000,0.000000,0
1195,16.575928,16.575928,1,845.101318,492.381317,91.151802,53.107765,122,1,948.916626,86.648926,102.349220,9.345869,37,0,0.000000,0.000000,0.000000,0.000000,0,0,0.000000,0.000000,0.000000,0.000000,0
1197,16.609253,16.609253,1,846.054260,495.312622,91.254585,53.423935,123,0,0.000000,0.000000,0.000000,0.000000,0,0,0.000000,0.000000,0.000000,0.000000,0,0,0.000000,0.000000,0.000000,0.000000,0
1199,16.642578,16.642578,1,848.633240,498.876465,91.532753,53.808327,120,0,0.000000,0.000000,0.000000,0.000000,0,0,0.000000,0.000000,0.000000,0.000000,0,0,0.000000,0.000000,0.000000,0.000000,0
1203,16.675903,16.675903,1,850.388000,500.558136,91.722023,53.989712,123,0,0.000000,0.000000,0.000000,0.000000,0,0,0.000000,0.000000,0.000000,0.000000,0,0,0.000000,0.000000,0.000000,0.000000,0
1205,16.709229,16.709229,1,856.311462,502.792297,92.360916,54.230686,93,0,0.000000,0.000000,0.000000,0.000000,0,0,0.000000,0.000000,0.000000,0.000000,0,0,0.000000,0.000000,0.000000,0.000000,0
1207,16.742676,16.742676,1,860.916138,504.543610,92.857574,54.419582,102,0,0.000000,0.000000,0.000000,0.000000,0,0,0.000000,0.000000,0.000000,0.000000,0,0,0.000000,0.000000,0.000000,0.000000,0
1211,16.776001,16.776001,1,862.461487,508.041779,93.024254,54.796890,111,0,0.000000,0.000000,0.000000,0.000000,0,0,0.000000,0.000000,0.000000,0.000000,0,0,0.000000,0.000000,0.000000,0.000000,0
1213,16.809326,16.809326,1,864.324890,511.190430,93.225243,55.136501,107,0,0.000000,0.000000,0.000000,0.000000,0,0,0.000000,0.000000,0.000000,0.000000,0,0,0.000000,0.000000,0.000000,0.000000,0
1215,16.842651,16.842651,1,864.164795,514.545898,93.207977,55.498417,105,0,0.000000,0.000000,0.000000,0.000000,0,0,0.000000,0.000000,0.000000,0.000000,0,0,0.000000,0.000000,0.000000,0.000000,0
1218,16.875977,16.875977,1,865.029602,515.241882,93.301247,55.573490,111,0,0.000000,0.000000,0.000000,0.000000,0,0,0.000000,0.000000,0.000000,0.000000,0,0,0.000000,0.000000,0.000000,0.000000,0
1221,16.909302,16.909302,1,865.105835,515.102600,93.309471,55.558464,101,0,0.000000,0.000000,0.000000,0.000000,0,0,0.000000,0.000000,0.000000,0.000000,0,0,0.000000,0.000000,0.000000,0.000000,0
1223,16.942627,16.942627,1,865.261658,518.028137,93.326279,55.874008,106,0,0.000000,0.000000,0.000000,0.000000,0,0,0.000000,0.000000,0.000000,0.000000,0,0,0.000000,0.000000,0.000000,0.000000,0
1224,16.975952,16.975952,1,866.630981,520.984985,93.473976,56.192932,97,0,0.000000,0.000000,0.000000,0.000000,0,0,0.000000,0.000000,0.000000,0.000000,0,0,0.000000,0.000000,0.000000,0.000000,0
1228,17.009277,17.009277,1,865.325562,524.662659,93.333168,56.589600,111,0,0.000000,0.000000,0.000000,0.000000,0,0,0.000000,0.000000,0.000000,0.000000,0,0,0.000000,0.000000,0.000000,0.000000,0
1230,17.042725,17.042725,1,863.114014,528.060059,93.094635,56.956039,105,0,0.000000,0.000000,0.000000,0.000000,0,0,0.000000,0.000000,0.000000,0.000000,0,0,0.000000,0.000000,0.000000,0.000000,0
1232,17.076050,17.076050,1,861.209717,529.969849,92.889244,57.162029,94,0,0.000000,0.000000,0.000000,0.000000,0,0,0.000000,0.000000,0.000000,0.000000,0,0,0.000000,0.000000,0.000000,0.000000,0
1236,17.109375,17.109375,1,860.716309,534.264832,92.836021,57.625282,105,0,0.000000,0.000000,0.000000,0.000000,0,0,0.000000,0.000000,0.000000,0.000000,0,0,0.000000,0.000000,0.000000,0.000000,0
1238,17.142700,17.142700,1,858.892761,534.953186,92.639336,57.699532,119,0,0.000000,0.000000,0.000000,0.000000,0,0,0.000000,0.000000,0.000000,0.000000,0,0,0.000000,0.000000,0.000000,0.000000,0
1240,17.176025,17.176025,1,858.487976,535.414062,92.595673,57.749237,94,0,0.000000,0.000000,0.000000,0.000000,0,0,0.000000,0.000000,0.000000,0.000000,0,0,0.000000,0.000000,0.000000,0.000000,0
1244,17.209351,17.209351,1,857.664673,537.160522,92.506874,57.937611,120,0,0.000000,0.000000,0.000000,0.000000,0,0,0.000000,0.000000,0.000000,0.000000,0,0,0.000000,0.000000,0.000000,0.000000,0
1246,17.242676,17.242676,1,854.736877,537.989380,92.191086,58.027004,125,0,0.000000,0.000000,0.000000,0.000000,0,0,0.000000,0.000000,0.000000,0.000000,0,0,0.000000,0.000000,0.000000,0.000000,0
1248,17.276001,17.276001,1,854.318359,538.098877,92.145943,58.038818,99,0,0.000000,0.000000,0.000000,0.000000,0,0,0.000000,0.000000,0.000000,0.000000,0,0,0.000000,0.000000,0.000000,0.000000,0
1250,17.309326,17.309326,1,852.276123,538.375732,91.925674,58.068680,100,0,0.000000,0.000000,0.000000,0.000000,0,0,0.000000,0.000000,0.000000,0.000000,0,0,0.000000,0.000000,0.000000,0.000000,0
1252,17.342773,17.342773,1,851.400269,535.743835,91.831207,57.784809,120,1,449.000000,657.000000,48.428703,70.863380,1,0,0.000000,0.000000,0.000000,0.000000,0,0,0.000000,0.000000,0.000000,0.000000,0
1255,17.376099,17.376099,1,847.869507,533.085266,91.450371,57.498055,113,1,443.288300,636.578369,47.812641,68.660721,5,0,0.000000,0.000000,0.000000,0.000000,0,0,0.000000,0.000000,0.000000,0.000000,0
1258,17.409424,17.409424,1,845.556458,532.955933,91.200897,57.484104,103,1,436.893860,615.510803,47.122944,66.388390,9,0,0.000000,0.000000,0.000000,0.000000,0,0,0.000000,0.000000,0.000000,0.000000,0
1260,17.442749,17.442749,1,840.106995,532.906921,90.613121,57.478817,138,1,432.471375,593.259277,46.645943,63.988365,7,0,0.000000,0.000000,0.000000,0.000000,0,0,0.000000,0.000000,0.000000,0.000000,0
1262,17.476074,17.476074,1,834.705200,530.126587,90.030487,57.178940,128,1,430.216400,572.890747,46.402721,61.791435,11,0,0.000000,0.000000,0.000000,0.000000,0,0,0.000000,0.000000,0.000000,0.000000,0
1265,17.509399,17.509399,1,831.497253,531.004456,89.684479,57.273624,108,1,428.652344,553.831543,46.234020,59.735729,5,0,0.000000,0.000000,0.000000,0.000000,0,0,0.000000,0.000000,0.000000,0.000000,0
1268,17.542725,17.542725,1,832.421082,526.648926,89.784126,56.803837,122,1,427.547455,530.370239,46.114853,57.205219,7,0,0.000000,0.000000,0.000000,0.000000,0,0,0.000000,0.000000,0.000000,0.000000,0
1270,17.576050,17.576050,1,831.866577,527.238525,89.724319,56.867428,123,1,429.928833,509.251740,46.371704,54.927395,12,0,0.000000,0.000000,0.000000,0.000000,0,0,0.000000,0.000000,0.000000,0.000000,0
1273,17.609375,17.609375,1,830.157471,527.321594,89.539978,56.876392,120,1,434.223419,486.560333,46.834915,52.479923,7,0,0.000000,0.000000,0.000000,0.000000,0,0,0.000000,0.000000,0.000000,0.000000,0
1275,17.642700,17.642700,1,829.845337,529.748596,89.506310,57.138165,102,1,437.000000,470.188293,47.134392,50.714050,2,0,0.000000,0.000000,0.000000,0.000000,0,0,0.000000,0.000000,0.000000,0.000000,0
1277,17.676147,17.676147,1,828.314880,526.661926,89.341232,56.805241,125,1,447.000000,440.198059,48.212982,47.479332,2,0,0.000000,0.000000,0.000000,0.000000,0,0,0.000000,0.000000,0.000000,0.000000,0
1281,17.709473,17.709473,1,825.363525,527.438354,89.022903,56.888988,107,1,455.000000,419.000000,49.075855,45.192932,1,0,0.000000,0.000000,0.000000,0.000000,0,0,0.000000,0.000000,0.000000,0.000000,0
1283,17.742798,17.742798,1,826.291138,524.820007,89.122955,56.606571,95,1,463.574677,396.837830,50.000713,42.802540,8,0,0.000000,0.000000,0.000000,0.000000,0,0,0.000000,0.000000,0.000000,0.000000,0
1286,17.776123,17.776123,1,825.404602,523.480408,89.027336,56.462090,113,1,476.058441,370.840912,51.347198,39.998539,6,0,0.000000,0.000000,0.000000,0.000000,0,0,0.000000,0.000000,0.000000,0.000000,0
1289,17.809448,17.809448,1,825.046387,521.302246,88.988701,56.227150,105,0,0.000000,0.000000,0.000000,0.000000,0,0,0.000000,0.000000,0.000000,0.000000,0,0,0.000000,0.000000,0.000000,0.000000,0
1291,17.842773,17.842773,1,822.975281,518.887878,88.765312,55.966743,132,1,502.688904,329.008667,54.219532,35.486553,17,0,0.000000,0.000000,0.000000,0.000000,0,0,0.000000,0.000000,0.000000,0.000000,0
1293,17.876099,17.876099,1,821.328125,515.212585,88.587646,55.570324,121,1,518.901978,308.264709,55.968258,33.249130,13,0,0.000000,0.000000,0.000000,0.000000,0,0,0.000000,0.000000,0.000000,0.000000,0
1295,17.909424,17.909424,1,822.262329,512.488159,88.688416,55.276474,126,1,532.096619,292.367157,57.391422,31.534435,5,0,0.000000,0.000000,0.000000,0.000000,0,0,0.000000,0.000000,0.000000,0.000000,0
1297,17.942749,17.942749,1,823.646851,513.615417,88.837746,55.398060,129,1,549.915894,274.099060,59.313389,29.564058,6,0,0.000000,0.000000,0.000000,0.000000,0,0,0.000000,0.000000,0.000000,0.000000,0
1300,17.976196,17.976196,1,821.350769,514.652832,88.590096,55.509953,121,1,575.242798,250.444107,62.045124,27.012657,22,0,0.000000,0.000000,0.000000,0.000000,0,0,0.000000,0.000000,0.000000,0.000000,0
1303,18.009521,18.009521,1,819.505676,514.816040,88.391083,55.527554,128,1,593.515869,236.863098,64.016045,25.547823,6,0,0.000000,0.000000,0.000000,0.000000,0,0,0.000000,0.000000,0.000000,0.000000,0
1306,18.042847,18.042847,1,815.302063,513.310364,87.937683,55.365154,139,1,617.714294,221.661911,66.626060,23.908237,3,0,0.000000,0.000000,0.000000,0.000000,0,0,0.000000,0.000000,0.000000,0.000000,0
1308,18.076172,18.076172,1,815.799561,511.692993,87.991348,55.190704,119,0,0.000000,0.000000,0.000000,0.000000,0,0,0.000000,0.000000,0.000000,0.000000,0,0,0.000000,0.000000,0.000000,0.000000,0
1311,18.109497,18.109497,1,818.860779,513.803223,88.321526,55.418312,111,0,0.000000,0.000000,0.000000,0.000000,0,0,0.000000,0.000000,0.000000,0.000000,0,0,0.000000,0.000000,0.000000,0.000000,0
