frame,t_s,t_b_s,a_p1_ok,a_p1_x_px,a_p1_y_px,a_p1_x_mm,a_p1_y_mm,a_p1_area,a_p2_ok,a_p2_x_px,a_p2_y_px,a_p2_x_mm,a_p2_y_mm,a_p2_area,b_p1_ok,b_p1_h_px,b_p1_z_px,b_p1_h_mm,b_p1_z_mm,b_p1_area,b_p2_ok,b_p2_h_px,b_p2_z_px,b_p2_h_mm,b_p2_z_mm,b_p2_area
1,0.000000,0.000000,1,818.201416,737.668762,88.250404,79.564232,16,1,703.429443,518.694580,75.871216,55.945892,110,0,0.000000,0.000000,0.000000,0.000000,0,0,0.000000,0.000000,0.000000,0.000000,0
3,0.033325,0.033325,1,801.018372,736.384705,86.397057,79.425735,15,1,717.515930,504.060272,77.390564,54.367447,114,0,0.000000,0.000000,0.000000,0.000000,0,0,0.000000,0.000000,0.000000,0.000000,0
6,0.066650,0.066650,1,786.008545,734.210083,84.778114,79.191185,17,1,732.349121,492.793762,78.990456,53.152252,114,0,0.000000,0.000000,0.000000,0.000000,0,0,0.000000,0.000000,0.000000,0.000000,0
8,0.099976,0.099976,1,768.214355,729.214355,82.858849,78.652351,15,1,750.013306,484.103790,80.895706,52.214962,109,0,0.000000,0.000000,0.000000,0.000000,0,0,0.000000,0.000000,0.000000,0.000000,0
11,0.133301,0.133301,1,751.181458,722.023621,81.021698,77.876762,13,1,767.918274,478.127655,82.826920,51.570381,105,0,0.000000,0.000000,0.000000,0.000000,0,0,0.000000,0.000000,0.000000,0.000000,0
14,0.166626,0.166626,1,737.291016,713.637878,79.523491,76.972290,9,1,787.486206,474.213196,84.937492,51.148174,109,0,0.000000,0.000000,0.000000,0.000000,0,0,0.000000,0.000000,0.000000,0.000000,0
17,0.199951,0.199951,1,721.977173,701.182617,77.871750,75.628868,11,1,806.439331,473.839844,86.981758,51.107903,98,0,0.000000,0.000000,0.000000,0.000000,0,0,0.000000,0.000000,0.000000,0.000000,0
19,0.233398,0.233398,1,710.206055,687.524597,76.602127,74.155731,9,1,825.901367,476.732971,89.080910,51.419952,92,0,0.000000,0.000000,0.000000,0.000000,0,0,0.000000,0.000000,0.000000,0.000000,0
21,0.266724,0.266724,1,697.768921,669.067200,75.260674,72.164940,6,1,844.499573,481.850098,91.086899,51.971882,98,0,0.000000,0.000000,0.000000,0.000000,0,0,0.000000,0.000000,0.000000,0.000000,0
23,0.300049,0.300049,1,691.510132,655.504333,74.585609,70.702057,4,1,847.000000,489.000000,91.356590,52.743061,1,0,0.000000,0.000000,0.000000,0.000000,0,0,0.000000,0.000000,0.000000,0.000000,0
26,0.333374,0.333374,0,0.000000,0.000000,0.000000,0.000000,0,1,879.324707,499.932159,94.843102,53.922195,109,0,0.000000,0.000000,0.000000,0.000000,0,0,0.000000,0.000000,0.000000,0.000000,0
28,0.366699,0.366699,0,0.000000,0.000000,0.000000,0.000000,0,1,895.102539,512.996155,96.544884,55.331264,105,0,0.000000,0.000000,0.000000,0.000000,0,0,0.000000,0.000000,0.000000,0.000000,0
30,0.400024,0.400024,0,0.000000,0.000000,0.000000,0.000000,0,1,907.919128,529.004700,97.927277,57.057930,104,0,0.000000,0.000000,0.000000,0.000000,0,0,0.000000,0.000000,0.000000,0.000000,0
32,0.433350,0.433350,0,0.000000,0.000000,0.000000,0.000000,0,1,917.460144,547.562622,98.956352,59.059570,103,0,0.000000,0.000000,0.000000,0.000000,0,0,0.000000,0.000000,0.000000,0.000000,0
35,0.466675,0.466675,0,0.000000,0.000000,0.000000,0.000000,0,1,924.847839,568.075073,99.753189,61.272022,117,0,0.000000,0.000000,0.000000,0.000000,0,0,0.000000,0.000000,0.000000,0.000000,0
39,0.500000,0.500000,0,0.000000,0.000000,0.000000,0.000000,0,1,927.727905,588.937927,100.063828,63.522270,119,0,0.000000,0.000000,0.000000,0.000000,0,0,0.000000,0.000000,0.000000,0.000000,0
41,0.533447,0.533447,0,0.000000,0.000000,0.000000,0.000000,0,1,927.946777,613.034546,100.087433,66.121307,117,0,0.000000,0.000000,0.000000,0.000000,0,0,0.000000,0.000000,0.000000,0.000000,0
43,0.566772,0.566772,0,0.000000,0.000000,0.000000,0.000000,0,1,921.595154,637.503601,99.402351,68.760513,118,0,0.000000,0.000000,0.000000,0.000000,0,0,0.000000,0.000000,0.000000,0.000000,0
46,0.600098,0.600098,0,0.000000,0.000000,0.000000,0.000000,0,1,910.113220,661.415283,98.163925,71.339607,117,0,0.000000,0.000000,0.000000,0.000000,0,0,0.000000,0.000000,0.000000,0.000000,0
48,0.633423,0.633423,0,0.000000,0.000000,0.000000,0.000000,0,1,892.772949,681.948975,96.293617,73.554352,125,0,0.000000,0.000000,0.000000,0.000000,0,0,0.000000,0.000000,0.000000,0.000000,0
50,0.666748,0.666748,0,0.000000,0.000000,0.000000,0.000000,0,1,869.708252,698.059326,93.805885,75.292000,116,0,0.000000,0.000000,0.000000,0.000000,0,0,0.000000,0.000000,0.000000,0.000000,0
52,0.700073,0.700073,0,0.000000,0.000000,0.000000,0.000000,0,1,842.225830,706.957947,90.841660,76.251793,123,0,0.000000,0.000000,0.000000,0.000000,0,0,0.000000,0.000000,0.000000,0.000000,0
56,0.733398,0.733398,0,0.000000,0.000000,0.000000,0.000000,0,1,813.901428,707.037964,87.786613,76.260422,125,0,0.000000,0.000000,0.000000,0.000000,0,0,0.000000,0.000000,0.000000,0.000000,0
58,0.766724,0.766724,0,0.000000,0.000000,0.000000,0.000000,0,1,787.075439,700.554993,84.893188,75.561180,127,0,0.000000,0.000000,0.000000,0.000000,0,0,0.000000,0.000000,0.000000,0.000000,0
61,0.800049,0.800049,0,0.000000,0.000000,0.000000,0.000000,0,1,763.523865,685.455322,82.352936,73.932541,124,0,0.000000,0.000000,0.000000,0.000000,0,0,0.000000,0.000000,0.000000,0.000000,0
63,0.833374,0.833374,0,0.000000,0.000000,0.000000,0.000000,0,1,744.702393,666.739868,80.322868,71.913910,118,0,0.000000,0.000000,0.000000,0.000000,0,0,0.000000,0.000000,0.000000,0.000000,0
65,0.866821,0.866821,0,0.000000,0.000000,0.000000,0.000000,0,1,732.236877,645.231445,78.978355,69.594032,115,0,0.000000,0.000000,0.000000,0.000000,0,0,0.000000,0.000000,0.000000,0.000000,0
68,0.900146,0.900146,0,0.000000,0.000000,0.000000,0.000000,0,1,723.761475,621.517822,78.064201,67.036308,124,0,0.000000,0.000000,0.000000,0.000000,0,0,0.000000,0.000000,0.000000,0.000000,0
70,0.933472,0.933472,0,0.000000,0.000000,0.000000,0.000000,0,1,719.381042,597.703064,77.591743,64.467667,117,0,0.000000,0.000000,0.000000,0.000000,0,0,0.000000,0.000000,0.000000,0.000000,0
73,0.966797,0.966797,0,0.000000,0.000000,0.000000,0.000000,0,1,719.379395,573.510193,77.591560,61.858250,122,0,0.000000,0.000000,0.000000,0.000000,0,0,0.000000,0.000000,0.000000,0.000000,0
76,1.000122,1.000122,0,0.000000,0.000000,0.000000,0.000000,0,1,722.586182,550.822144,77.937439,59.411137,114,0,0.000000,0.000000,0.000000,0.000000,0,0,0.000000,0.000000,0.000000,0.000000,0
77,1.033447,1.033447,0,0.000000,0.000000,0.000000,0.000000,0,1,728.593811,528.935425,78.585419,57.050457,113,0,0.000000,0.000000,0.000000,0.000000,0,0,0.000000,0.000000,0.000000,0.000000,0
81,1.066772,1.066772,0,0.000000,0.000000,0.000000,0.000000,0,1,737.230347,507.981689,79.516945,54.790409,117,0,0.000000,0.000000,0.000000,0.000000,0,0,0.000000,0.000000,0.000000,0.000000,0
83,1.100098,1.100098,1,904.600342,912.353455,97.569313,98.405556,24,1,748.689758,488.655090,80.752945,52.705860,107,0,0.000000,0.000000,0.000000,0.000000,0,0,0.000000,0.000000,0.000000,0.000000,0
85,1.133423,1.133423,1,894.443542,913.087646,96.473808,98.484741,20,1,761.693726,471.943695,82.155540,50.903385,109,0,0.000000,0.000000,0.000000,0.000000,0,0,0.000000,0.000000,0.000000,0.000000,0
88,1.166870,1.166870,1,883.808228,913.099854,95.326698,98.486061,20,1,776.292053,457.114563,83.730103,49.303932,103,0,0.000000,0.000000,0.000000,0.000000,0,0,0.000000,0.000000,0.000000,0.000000,0
90,1.200195,1.200195,1,873.644531,913.275146,94.230446,98.504967,19,1,791.602661,444.174438,85.381493,47.908222,106,0,0.000000,0.000000,0.000000,0.000000,0,0,0.000000,0.000000,0.000000,0.000000,0
94,1.233521,1.233521,1,863.368347,913.047424,93.122070,98.480400,16,1,808.983887,432.749512,87.256218,46.675938,95,0,0.000000,0.000000,0.000000,0.000000,0,0,0.000000,0.000000,0.000000,0.000000,0
96,1.266846,1.266846,1,852.663513,912.085022,91.967461,98.376595,19,1,826.197327,422.975891,89.112839,45.621769,103,0,0.000000,0.000000,0.000000,0.000000,0,0,0.000000,0.000000,0.000000,0.000000,0
98,1.300171,1.300171,1,841.913635,911.685059,90.807983,98.333458,19,1,845.075928,415.928314,91.149063,44.861622,97,0,0.000000,0.000000,0.000000,0.000000,0,0,0.000000,0.000000,0.000000,0.000000,0
101,1.333496,1.333496,1,831.581604,910.484253,89.693581,98.203941,17,1,863.068298,410.652252,93.089706,44.292553,105,0,0.000000,0.000000,0.000000,0.000000,0,0,0.000000,0.000000,0.000000,0.000000,0
103,1.366821,1.366821,1,821.959534,908.825562,88.655754,98.025032,12,1,882.519653,407.369507,95.187706,43.938477,99,0,0.000000,0.000000,0.000000,0.000000,0,0,0.000000,0.000000,0.000000,0.000000,0
105,1.400146,1.400146,1,811.518127,907.006897,87.529556,97.828873,14,1,902.874084,406.579712,97.383118,43.853291,98,0,0.000000,0.000000,0.000000,0.000000,0,0,0.000000,0.000000,0.000000,0.000000,0
107,1.433472,1.433472,1,801.983765,904.771240,86.501190,97.587738,9,1,923.281006,407.339081,99.584190,43.935196,96,0,0.000000,0.000000,0.000000,0.000000,0,0,0.000000,0.000000,0.000000,0.000000,0
110,1.466919,1.466919,1,792.939026,902.799561,85.525627,97.375076,9,1,942.372131,411.191345,101.643341,44.350697,97,0,0.000000,0.000000,0.000000,0.000000,0,0,0.000000,0.000000,0.000000,0.000000,0
114,1.500244,1.500244,1,782.113708,900.010315,84.358025,97.074234,6,1,962.788940,417.056976,103.845474,44.983360,94,0,0.000000,0.000000,0.000000,0.000000,0,0,0.000000,0.000000,0.000000,0.000000,0
116,1.533569,1.533569,1,773.083191,897.187988,83.384003,96.769821,7,1,980.274963,425.365570,105.731506,45.879517,93,0,0.000000,0.000000,0.000000,0.000000,0,0,0.000000,0.000000,0.000000,0.000000,0
118,1.566895,1.566895,1,761.258606,894.331055,82.108612,96.461670,7,1,996.949646,435.518433,107.530014,46.974594,100,0,0.000000,0.000000,0.000000,0.000000,0,0,0.000000,0.000000,0.000000,0.000000,0
120,1.600220,1.600220,1,752.745911,890.643433,81.190437,96.063934,6,1,1012.693848,448.591034,109.228172,48.384590,96,0,0.000000,0.000000,0.000000,0.000000,0,0,0.000000,0.000000,0.000000,0.000000,0
123,1.633545,1.633545,1,743.000000,887.000000,80.139252,95.670952,1,1,1026.754883,464.479248,110.744781,50.098278,97,0,0.000000,0.000000,0.000000,0.000000,0,0,0.000000,0.000000,0.000000,0.000000,0
125,1.666870,1.666870,1,735.017578,885.035217,79.278282,95.459030,7,1,1039.100586,482.248993,112.076370,52.014904,96,0,0.000000,0.000000,0.000000,0.000000,0,0,0.000000,0.000000,0.000000,0.000000,0
127,1.700195,1.700195,0,0.000000,0.000000,0.000000,0.000000,0,1,1049.896851,502.921326,113.240845,54.244606,81,0,0.000000,0.000000,0.000000,0.000000,0,0,0.000000,0.000000,0.000000,0.000000,0
130,1.733521,1.733521,0,0.000000,0.000000,0.000000,0.000000,0,1,1057.399048,527.134155,114.050034,56.856174,92,0,0.000000,0.000000,0.000000,0.000000,0,0,0.000000,0.000000,0.000000,0.000000,0
132,1.766968,1.766968,1,711.000000,875.000000,76.687767,94.376648,1,1,1062.284912,552.988342,114.577011,59.644783,97,0,0.000000,0.000000,0.000000,0.000000,0,0,0.000000,0.000000,0.000000,0.000000,0
135,1.800293,1.800293,0,0.000000,0.000000,0.000000,0.000000,0,1,1064.092651,581.281372,114.772003,62.696442,98,0,0.000000,0.000000,0.000000,0.000000,0,0,0.000000,0.000000,0.000000,0.000000,0
138,1.833618,1.833618,1,695.536560,868.455261,75.019897,93.670738,3,1,1060.435669,612.291077,114.377556,66.041122,93,0,0.000000,0.000000,0.000000,0.000000,0,0,0.000000,0.000000,0.000000,0.000000,0
140,1.866943,1.866943,0,0.000000,0.000000,0.000000,0.000000,0,1,1050.206909,642.291199,113.274292,69.276901,112,0,0.000000,0.000000,0.000000,0.000000,0,0,0.000000,0.000000,0.000000,0.000000,0
142,1.900269,1.900269,1,677.000000,859.000000,73.020561,92.650902,1,1,1033.930908,672.259216,111.518776,72.509224,114,0,0.000000,0.000000,0.000000,0.000000,0,0,0.000000,0.000000,0.000000,0.000000,0
145,1.933594,1.933594,1,671.932556,855.932556,72.473991,92.320053,2,1,1012.148865,698.167175,109.169388,75.303635,125,0,0.000000,0.000000,0.000000,0.000000,0,0,0.000000,0.000000,0.000000,0.000000,0
148,1.966919,1.966919,1,667.168030,850.383972,71.960091,91.721588,7,1,986.104126,718.471558,106.360222,77.493645,124,0,0.000000,0.000000,0.000000,0.000000,0,0,0.000000,0.000000,0.000000,0.000000,0
151,2.000244,2.000244,0,0.000000,0.000000,0.000000,0.000000,0,1,956.539429,733.625366,103.171410,79.128120,123,0,0.000000,0.000000,0.000000,0.000000,0,0,0.000000,0.000000,0.000000,0.000000,0
153,2.033569,2.033569,0,0.000000,0.000000,0.000000,0.000000,0,1,927.225403,741.141479,100.009628,79.938797,120,0,0.000000,0.000000,0.000000,0.000000,0,0,0.000000,0.000000,0.000000,0.000000,0
155,2.066895,2.066895,0,0.000000,0.000000,0.000000,0.000000,0,1,897.481628,742.591492,96.801498,80.095192,126,0,0.000000,0.000000,0.000000,0.000000,0,0,0.000000,0.000000,0.000000,0.000000,0
157,2.100342,2.100342,0,0.000000,0.000000,0.000000,0.000000,0,1,869.381042,737.494202,93.770592,79.545403,121,0,0.000000,0.000000,0.000000,0.000000,0,0,0.000000,0.000000,0.000000,0.000000,0
160,2.133667,2.133667,0,0.000000,0.000000,0.000000,0.000000,0,1,842.712097,727.357849,90.894104,78.452110,131,0,0.000000,0.000000,0.000000,0.000000,0,0,0.000000,0.000000,0.000000,0.000000,0
162,2.166992,2.166992,0,0.000000,0.000000,0.000000,0.000000,0,1,818.871033,711.155151,88.322624,76.704506,130,0,0.000000,0.000000,0.000000,0.000000,0,0,0.000000,0.000000,0.000000,0.000000,0
165,2.200317,2.200317,0,0.000000,0.000000,0.000000,0.000000,0,1,797.130554,689.236877,85.977722,74.340416,135,0,0.000000,0.000000,0.000000,0.000000,0,0,0.000000,0.000000,0.000000,0.000000,0
168,2.233643,2.233643,0,0.000000,0.000000,0.000000,0.000000,0,1,781.176392,665.075378,84.256927,71.734383,118,0,0.000000,0.000000,0.000000,0.000000,0,0,0.000000,0.000000,0.000000,0.000000,0
170,2.266968,2.266968,0,0.000000,0.000000,0.000000,0.000000,0,1,767.921936,635.271179,82.827309,68.519730,123,0,0.000000,0.000000,0.000000,0.000000,0,0,0.000000,0.000000,0.000000,0.000000,0
172,2.300293,2.300293,0,0.000000,0.000000,0.000000,0.000000,0,1,760.583252,603.850159,82.035767,65.130692,127,0,0.000000,0.000000,0.000000,0.000000,0,0,0.000000,0.000000,0.000000,0.000000,0
176,2.333618,2.333618,0,0.000000,0.000000,0.000000,0.000000,0,1,759.620483,571.051514,81.931923,61.593060,119,0,0.000000,0.000000,0.000000,0.000000,0,0,0.000000,0.000000,0.000000,0.000000,0
178,2.366943,2.366943,0,0.000000,0.000000,0.000000,0.000000,0,1,764.492371,538.080444,82.457405,58.036831,119,0,0.000000,0.000000,0.000000,0.000000,0,0,0.000000,0.000000,0.000000,0.000000,0
180,2.400391,2.400391,0,0.000000,0.000000,0.000000,0.000000,0,1,774.638611,506.527771,83.551765,54.633591,105,0,0.000000,0.000000,0.000000,0.000000,0,0,0.000000,0.000000,0.000000,0.000000,0
182,2.433716,2.433716,0,0.000000,0.000000,0.000000,0.000000,0,1,790.226562,477.554749,85.233063,51.508587,107,0,0.000000,0.000000,0.000000,0.000000,0,0,0.000000,0.000000,0.000000,0.000000,0
186,2.467041,2.467041,0,0.000000,0.000000,0.000000,0.000000,0,1,808.653320,452.168884,87.220558,48.770493,103,0,0.000000,0.000000,0.000000,0.000000,0,0,0.000000,0.000000,0.000000,0.000000,0
188,2.500366,2.500366,0,0.000000,0.000000,0.000000,0.000000,0,1,830.902283,429.423309,89.620308,46.317177,108,0,0.000000,0.000000,0.000000,0.000000,0,0,0.000000,0.000000,0.000000,0.000000,0
189,2.533691,2.533691,0,0.000000,0.000000,0.000000,0.000000,0,1,853.444702,411.446106,92.051712,44.378178,95,0,0.000000,0.000000,0.000000,0.000000,0,0,0.000000,0.000000,0.000000,0.000000,0
193,2.567017,2.567017,0,0.000000,0.000000,0.000000,0.000000,0,1,876.321777,397.070679,94.519211,42.827656,94,0,0.000000,0.000000,0.000000,0.000000,0,0,0.000000,0.000000,0.000000,0.000000,0
195,2.600342,2.600342,0,0.000000,0.000000,0.000000,0.000000,0,1,897.651978,387.716644,96.819862,41.818741,99,0,0.000000,0.000000,0.000000,0.000000,0,0,0.000000,0.000000,0.000000,0.000000,0
197,2.633667,2.633667,0,0.000000,0.000000,0.000000,0.000000,0,1,918.146667,381.008911,99.030403,41.095249,96,0,0.000000,0.000000,0.000000,0.000000,0,0,0.000000,0.000000,0.000000,0.000000,0
200,2.666992,2.666992,0,0.000000,0.000000,0.000000,0.000000,0,1,937.453491,378.212250,101.112823,40.793606,102,0,0.000000,0.000000,0.000000,0.000000,0,0,0.000000,0.000000,0.000000,0.000000,0
203,2.700439,2.700439,0,0.000000,0.000000,0.000000,0.000000,0,1,955.405945,378.158630,103.049156,40.787823,96,0,0.000000,0.000000,0.000000,0.000000,0,0,0.000000,0.000000,0.000000,0.000000,0
206,2.733765,2.733765,0,0.000000,0.000000,0.000000,0.000000,0,1,972.378540,380.513916,104.879799,41.041859,96,0,0.000000,0.000000,0.000000,0.000000,0,0,0.000000,0.000000,0.000000,0.000000,0
208,2.767090,2.767090,0,0.000000,0.000000,0.000000,0.000000,0,1,988.141663,385.296112,106.579994,41.557659,97,0,0.000000,0.000000,0.000000,0.000000,0,0,0.000000,0.000000,0.000000,0.000000,0
210,2.800415,2.800415,0,0.000000,0.000000,0.000000,0.000000,0,1,1004.122803,391.373169,108.303703,42.213131,97,0,0.000000,0.000000,0.000000,0.000000,0,0,0.000000,0.000000,0.000000,0.000000,0
213,2.833740,2.833740,0,0.000000,0.000000,0.000000,0.000000,0,1,1018.939941,400.039246,109.901871,43.147842,95,0,0.000000,0.000000,0.000000,0.000000,0,0,0.000000,0.000000,0.000000,0.000000,0
215,2.867065,2.867065,0,0.000000,0.000000,0.000000,0.000000,0,1,1031.801392,409.917908,111.289101,44.213345,100,0,0.000000,0.000000,0.000000,0.000000,0,0,0.000000,0.000000,0.000000,0.000000,0
219,2.900391,2.900391,0,0.000000,0.000000,0.000000,0.000000,0,1,1044.385498,422.207306,112.646400,45.538868,106,0,0.000000,0.000000,0.000000,0.000000,0,0,0.000000,0.000000,0.000000,0.000000,0
221,2.933716,2.933716,0,0.000000,0.000000,0.000000,0.000000,0,1,1056.018311,434.607269,113.901108,46.876316,102,0,0.000000,0.000000,0.000000,0.000000,0,0,0.000000,0.000000,0.000000,0.000000,0
223,2.967041,2.967041,0,0.000000,0.000000,0.000000,0.000000,0,1,1065.548340,448.666870,114.928993,48.392769,98,0,0.000000,0.000000,0.000000,0.000000,0,0,0.000000,0.000000,0.000000,0.000000,0
225,3.000366,3.000366,0,0.000000,0.000000,0.000000,0.000000,0,1,1074.055664,463.692261,115.846596,50.013393,95,0,0.000000,0.000000,0.000000,0.000000,0,0,0.000000,0.000000,0.000000,0.000000,0
227,3.033813,3.033813,1,982.078796,683.921204,105.926056,73.767075,2,1,1081.853760,481.061340,116.687691,51.886806,94,0,0.000000,0.000000,0.000000,0.000000,0,0,0.000000,0.000000,0.000000,0.000000,0
231,3.067139,3.067139,1,965.000000,701.000000,104.083961,75.609177,1,1,1087.810303,499.138275,117.330154,53.836567,97,0,0.000000,0.000000,0.000000,0.000000,0,0,0.000000,0.000000,0.000000,0.000000,0
233,3.100464,3.100464,1,951.000000,713.000000,102.573929,76.903481,1,1,1092.113403,518.762939,117.794281,55.953266,93,0,0.000000,0.000000,0.000000,0.000000,0,0,0.000000,0.000000,0.000000,0.000000,0
235,3.133789,3.133789,1,920.410583,730.313843,99.274582,78.770935,9,1,1094.120850,541.028198,118.010811,58.354771,94,0,0.000000,0.000000,0.000000,0.000000,0,0,0.000000,0.000000,0.000000,0.000000,0
238,3.167114,3.167114,1,890.000000,741.277710,95.994530,79.953484,12,1,1094.596680,563.807434,118.062134,60.811718,101,0,0.000000,0.000000,0.000000,0.000000,0,0,0.000000,0.000000,0.000000,0.000000,0
240,3.200439,3.200439,1,867.954651,746.264893,93.616745,80.491402,5,1,1093.114380,587.969666,117.902252,63.417831,91,0,0.000000,0.000000,0.000000,0.000000,0,0,0.000000,0.000000,0.000000,0.000000,0
242,3.233765,3.233765,1,840.477905,747.000000,90.653122,80.570694,5,1,1088.522217,612.812378,117.406944,66.097343,105,0,0.000000,0.000000,0.000000,0.000000,0,0,0.000000,0.000000,0.000000,0.000000,0
244,3.267090,3.267090,1,816.112671,745.774658,88.025116,80.438522,5,1,1081.605591,636.331848,116.660927,68.634132,107,0,0.000000,0.000000,0.000000,0.000000,0,0,0.000000,0.000000,0.000000,0.000000,0
248,3.300415,3.300415,1,790.733154,739.490479,85.287704,79.760719,8,1,1072.227417,659.929871,115.649399,71.179398,122,0,0.000000,0.000000,0.000000,0.000000,0,0,0.000000,0.000000,0.000000,0.000000,0
250,3.333862,3.333862,1,769.000000,731.000000,82.943588,78.844948,1,1,1059.706299,683.940491,114.298889,73.769150,114,0,0.000000,0.000000,0.000000,0.000000,0,0,0.000000,0.000000,0.000000,0.000000,0
252,3.367188,3.367188,1,742.733521,716.437134,80.110512,77.274208,8,1,1045.106689,706.298706,112.724182,76.180687,124,0,0.000000,0.000000,0.000000,0.000000,0,0,0.000000,0.000000,0.000000,0.000000,0
255,3.400513,3.400513,1,724.847229,703.319458,78.181313,75.859352,5,1,1028.924927,726.969604,110.978836,78.410233,120,0,0.000000,0.000000,0.000000,0.000000,0,0,0.000000,0.000000,0.000000,0.000000,0
257,3.433838,3.433838,1,708.478210,688.649048,76.415764,74.277008,11,1,1010.404541,746.058472,108.981247,80.469139,120,0,0.000000,0.000000,0.000000,0.000000,0,0,0.000000,0.000000,0.000000,0.000000,0
261,3.467163,3.467163,1,693.379578,672.004700,74.787247,72.481773,10,1,989.485229,763.397156,106.724907,82.339272,130,0,0.000000,0.000000,0.000000,0.000000,0,0,0.000000,0.000000,0.000000,0.000000,0
263,3.500488,3.500488,1,679.866943,653.228149,73.329781,70.456551,3,1,968.180298,777.274170,104.426987,83.836029,122,0,0.000000,0.000000,0.000000,0.000000,0,0,0.000000,0.000000,0.000000,0.000000,0
265,3.533813,3.533813,1,671.000000,639.000000,72.373405,68.921913,1,1,945.978638,788.225098,102.032333,85.017189,130,0,0.000000,0.000000,0.000000,0.000000,0,0,0.000000,0.000000,0.000000,0.000000,0
268,3.567139,3.567139,1,661.000000,613.000000,71.294815,66.117584,1,1,923.378784,796.666504,99.594734,85.927673,119,0,0.000000,0.000000,0.000000,0.000000,0,0,0.000000,0.000000,0.000000,0.000000,0
270,3.600464,3.600464,1,655.000000,589.945435,70.647659,63.630939,2,1,899.807190,802.245239,97.052322,86.529388,115,0,0.000000,0.000000,0.000000,0.000000,0,0,0.000000,0.000000,0.000000,0.000000,0
272,3.633911,3.633911,0,0.000000,0.000000,0.000000,0.000000,0,1,875.532715,805.076111,94.434105,86.834724,122,0,0.000000,0.000000,0.000000,0.000000,0,0,0.000000,0.000000,0.000000,0.000000,0
276,3.667236,3.667236,0,0.000000,0.000000,0.000000,0.000000,0,1,852.592041,806.454224,91.959747,86.983368,122,0,0.000000,0.000000,0.000000,0.000000,0,0,0.000000,0.000000,0.000000,0.000000,0
278,3.700562,3.700562,0,0.000000,0.000000,0.000000,0.000000,0,1,828.276184,805.599243,89.337067,86.891151,122,0,0.000000,0.000000,0.000000,0.000000,0,0,0.000000,0.000000,0.000000,0.000000,0
280,3.733887,3.733887,0,0.000000,0.000000,0.000000,0.000000,0,1,804.955994,802.057190,86.821770,86.509109,131,0,0.000000,0.000000,0.000000,0.000000,0,0,0.000000,0.000000,0.000000,0.000000,0
281,3.767212,3.767212,0,0.000000,0.000000,0.000000,0.000000,0,1,781.711853,796.853516,84.314674,85.947838,121,0,0.000000,0.000000,0.000000,0.000000,0,0,0.000000,0.000000,0.000000,0.000000,0
285,3.800537,3.800537,0,0.000000,0.000000,0.000000,0.000000,0,1,759.014221,788.343750,81.866531,85.029991,131,0,0.000000,0.000000,0.000000,0.000000,0,0,0.000000,0.000000,0.000000,0.000000,0
288,3.833862,3.833862,0,0.000000,0.000000,0.000000,0.000000,0,1,736.861328,778.246277,79.477142,83.940880,124,0,0.000000,0.000000,0.000000,0.000000,0,0,0.000000,0.000000,0.000000,0.000000,0
291,3.867188,3.867188,0,0.000000,0.000000,0.000000,0.000000,0,1,716.968811,766.466675,77.331558,82.670341,132,0,0.000000,0.000000,0.000000,0.000000,0,0,0.000000,0.000000,0.000000,0.000000,0
292,3.900513,3.900513,0,0.000000,0.000000,0.000000,0.000000,0,1,697.686279,752.963745,75.251762,81.213936,126,0,0.000000,0.000000,0.000000,0.000000,0,0,0.000000,0.000000,0.000000,0.000000,0
294,3.933838,3.933838,0,0.000000,0.000000,0.000000,0.000000,0,1,680.506287,737.354004,73.398743,79.530281,126,0,0.000000,0.000000,0.000000,0.000000,0,0,0.000000,0.000000,0.000000,0.000000,0
298,3.967285,3.967285,0,0.000000,0.000000,0.000000,0.000000,0,1,663.322144,720.425964,71.545280,77.704437,128,0,0.000000,0.000000,0.000000,0.000000,0,0,0.000000,0.000000,0.000000,0.000000,0
300,4.000610,4.000610,0,0.000000,0.000000,0.000000,0.000000,0,1,648.510010,702.662964,69.947662,75.788544,128,0,0.000000,0.000000,0.000000,0.000000,0,0,0.000000,0.000000,0.000000,0.000000,0
302,4.033936,4.033936,1,1210.057007,787.516052,130.515564,84.940712,10,1,635.161011,683.665527,68.507851,73.739494,127,0,0.000000,0.000000,0.000000,0.000000,0,0,0.000000,0.000000,0.000000,0.000000,0
305,4.067261,4.067261,1,1200.194336,801.244263,129.451782,86.421425,11,1,622.864929,664.725708,67.181602,71.696671,126,0,0.000000,0.000000,0.000000,0.000000,0,0,0.000000,0.000000,0.000000,0.000000,0
307,4.100586,4.100586,1,1189.803955,814.977844,128.331085,87.902718,17,1,611.379089,644.895264,65.942757,69.557777,121,0,0.000000,0.000000,0.000000,0.000000,0,0,0.000000,0.000000,0.000000,0.000000,0
311,4.133911,4.133911,1,1178.217163,828.734802,127.081352,89.386528,19,1,602.245911,622.670959,64.957657,67.160683,121,0,0.000000,0.000000,0.000000,0.000000,0,0,0.000000,0.000000,0.000000,0.000000,0
313,4.167236,4.167236,1,1166.193726,841.444702,125.784515,90.757401,22,1,595.405823,601.259094,64.219887,64.851219,118,0,0.000000,0.000000,0.000000,0.000000,0,0,0.000000,0.000000,0.000000,0.000000,0
314,4.200562,4.200562,1,1154.280029,853.672546,124.499512,92.076286,27,1,590.458862,580.630798,63.686317,62.626274,125,0,0.000000,0.000000,0.000000,0.000000,0,0,0.000000,0.000000,0.000000,0.000000,0
318,4.233887,4.233887,1,1141.124634,866.197449,123.080582,93.427216,22,1,587.183289,559.517334,63.333015,60.348991,125,0,0.000000,0.000000,0.000000,0.000000,0,0,0.000000,0.000000,0.000000,0.000000,0
320,4.267334,4.267334,1,1127.718872,877.168579,121.634659,94.610550,20,1,585.285461,537.581482,63.128315,57.983013,126,0,0.000000,0.000000,0.000000,0.000000,0,0,0.000000,0.000000,0.000000,0.000000,0
323,4.300659,4.300659,1,1113.143311,887.710327,120.062553,95.747566,28,1,584.512024,516.869080,63.044895,55.748997,126,0,0.000000,0.000000,0.000000,0.000000,0,0,0.000000,0.000000,0.000000,0.000000,0
325,4.333984,4.333984,1,1097.814209,897.894836,118.409164,96.846062,25,1,585.561829,497.414276,63.158123,53.650620,121,0,0.000000,0.000000,0.000000,0.000000,0,0,0.000000,0.000000,0.000000,0.000000,0
327,4.367310,4.367310,1,1081.453003,907.826050,116.644470,97.917229,25,1,587.397339,478.262024,63.356102,51.584877,122,0,0.000000,0.000000,0.000000,0.000000,0,0,0.000000,0.000000,0.000000,0.000000,0
331,4.400635,4.400635,1,1065.768188,915.934998,114.952713,98.791855,22,1,588.664795,457.891937,63.492813,49.387779,121,0,0.000000,0.000000,0.000000,0.000000,0,0,0.000000,0.000000,0.000000,0.000000,0
333,4.433960,4.433960,1,1049.177979,924.833496,113.163315,99.751633,19,1,591.181763,439.277954,63.764290,47.380093,116,0,0.000000,0.000000,0.000000,0.000000,0,0,0.000000,0.000000,0.000000,0.000000,0
335,4.467285,4.467285,1,1033.435425,932.842834,111.465332,100.615517,19,1,595.264404,420.480927,64.204636,45.352661,118,0,0.000000,0.000000,0.000000,0.000000,0,0,0.000000,0.000000,0.000000,0.000000,0
338,4.500610,4.500610,1,1021.099548,939.085327,110.134796,101.288826,5,1,599.314758,402.234497,64.641510,43.384617,121,0,0.000000,0.000000,0.000000,0.000000,0,0,0.000000,0.000000,0.000000,0.000000,0
340,4.533936,4.533936,1,1007.000000,945.000000,108.614037,101.926781,1,1,605.122253,384.235077,65.267899,41.443222,121,0,0.000000,0.000000,0.000000,0.000000,0,0,0.000000,0.000000,0.000000,0.000000,0
342,4.567383,4.567383,0,0.000000,0.000000,0.000000,0.000000,0,1,612.652405,367.648987,66.080086,39.654263,118,0,0.000000,0.000000,0.000000,0.000000,0,0,0.000000,0.000000,0.000000,0.000000,0
346,4.600708,4.600708,0,0.000000,0.000000,0.000000,0.000000,0,1,621.584595,351.680542,67.043503,37.931919,120,0,0.000000,0.000000,0.000000,0.000000,0,0,0.000000,0.000000,0.000000,0.000000,0
348,4.634033,4.634033,0,0.000000,0.000000,0.000000,0.000000,0,1,629.742981,336.541077,67.923462,36.298992,113,0,0.000000,0.000000,0.000000,0.000000,0,0,0.000000,0.000000,0.000000,0.000000,0
350,4.667358,4.667358,0,0.000000,0.000000,0.000000,0.000000,0,1,639.131104,320.468445,68.936058,34.565411,115,0,0.000000,0.000000,0.000000,0.000000,0,0,0.000000,0.000000,0.000000,0.000000,0
352,4.700684,4.700684,0,0.000000,0.000000,0.000000,0.000000,0,1,650.675781,305.293640,70.181259,32.928673,104,0,0.000000,0.000000,0.000000,0.000000,0,0,0.000000,0.000000,0.000000,0.000000,0
355,4.734009,4.734009,0,0.000000,0.000000,0.000000,0.000000,0,1,661.490479,291.532532,71.347717,31.444412,110,0,0.000000,0.000000,0.000000,0.000000,0,0,0.000000,0.000000,0.000000,0.000000,0
359,4.767334,4.767334,0,0.000000,0.000000,0.000000,0.000000,0,1,674.518188,277.995270,72.752869,29.984301,113,0,0.000000,0.000000,0.000000,0.000000,0,0,0.000000,0.000000,0.000000,0.000000,0
361,4.800659,4.800659,0,0.000000,0.000000,0.000000,0.000000,0,1,689.812195,265.391052,74.402466,28.624821,112,0,0.000000,0.000000,0.000000,0.000000,0,0,0.000000,0.000000,0.000000,0.000000,0
363,4.833984,4.833984,0,0.000000,0.000000,0.000000,0.000000,0,1,705.891418,253.767960,76.136757,27.371164,123,0,0.000000,0.000000,0.000000,0.000000,0,0,0.000000,0.000000,0.000000,0.000000,0
364,4.867310,4.867310,0,0.000000,0.000000,0.000000,0.000000,0,1,722.567383,242.954086,77.935417,26.204790,111,0,0.000000,0.000000,0.000000,0.000000,0,0,0.000000,0.000000,0.000000,0.000000,0
368,4.900757,4.900757,0,0.000000,0.000000,0.000000,0.000000,0,1,740.780762,232.079681,79.899895,25.031887,111,0,0.000000,0.000000,0.000000,0.000000,0,0,0.000000,0.000000,0.000000,0.000000,0
370,4.934082,4.934082,0,0.000000,0.000000,0.000000,0.000000,0,1,760.777588,222.190323,82.056725,23.965231,126,0,0.000000,0.000000,0.000000,0.000000,0,0,0.000000,0.000000,0.000000,0.000000,0
372,4.967407,4.967407,0,0.000000,0.000000,0.000000,0.000000,0,1,780.872925,213.121643,84.224197,22.987093,118,0,0.000000,0.000000,0.000000,0.000000,0,0,0.000000,0.000000,0.000000,0.000000,0
375,5.000732,5.000732,1,1094.634888,806.960693,118.066246,87.037987,5,1,801.327820,205.800018,86.430435,22.197390,116,0,0.000000,0.000000,0.000000,0.000000,0,0,0.000000,0.000000,0.000000,0.000000,0
377,5.034058,5.034058,1,1069.000000,825.000000,115.301292,88.983696,1,1,817.916687,213.000000,88.219696,22.973972,2,0,0.000000,0.000000,0.000000,0.000000,0,0,0.000000,0.000000,0.000000,0.000000,0
380,5.067383,5.067383,0,0.000000,0.000000,0.000000,0.000000,0,1,846.343994,196.233215,91.285835,21.165522,115,0,0.000000,0.000000,0.000000,0.000000,0,0,0.000000,0.000000,0.000000,0.000000,0
383,5.100708,5.100708,0,0.000000,0.000000,0.000000,0.000000,0,1,869.402344,196.567581,93.772888,21.201588,111,0,0.000000,0.000000,0.000000,0.000000,0,0,0.000000,0.000000,0.000000,0.000000,0
385,5.134033,5.134033,0,0.000000,0.000000,0.000000,0.000000,0,1,892.668152,198.271332,96.282310,21.385351,117,0,0.000000,0.000000,0.000000,0.000000,0,0,0.000000,0.000000,0.000000,0.000000,0
387,5.167358,5.167358,0,0.000000,0.000000,0.000000,0.000000,0,1,914.802673,202.597748,98.669724,21.851994,107,0,0.000000,0.000000,0.000000,0.000000,0,0,0.000000,0.000000,0.000000,0.000000,0
389,5.200806,5.200806,0,0.000000,0.000000,0.000000,0.000000,0,1,938.422668,208.350967,101.217354,22.472532,113,0,0.000000,0.000000,0.000000,0.000000,0,0,0.000000,0.000000,0.000000,0.000000,0
393,5.234131,5.234131,0,0.000000,0.000000,0.000000,0.000000,0,1,960.527710,216.643997,103.601585,23.367010,102,0,0.000000,0.000000,0.000000,0.000000,0,0,0.000000,0.000000,0.000000,0.000000,0
396,5.267456,5.267456,0,0.000000,0.000000,0.000000,0.000000,0,1,982.737366,226.540237,105.997093,24.434408,102,0,0.000000,0.000000,0.000000,0.000000,0,0,0.000000,0.000000,0.000000,0.000000,0
398,5.300781,5.300781,0,0.000000,0.000000,0.000000,0.000000,0,1,1004.924988,238.626099,108.390228,25.737978,92,0,0.000000,0.000000,0.000000,0.000000,0,0,0.000000,0.000000,0.000000,0.000000,0
400,5.334106,5.334106,0,0.000000,0.000000,0.000000,0.000000,0,1,1025.419678,251.294342,110.600769,27.104362,111,0,0.000000,0.000000,0.000000,0.000000,0,0,0.000000,0.000000,0.000000,0.000000,0
402,5.367432,5.367432,0,0.000000,0.000000,0.000000,0.000000,0,1,1046.369629,266.377594,112.860405,28.731228,112,0,0.000000,0.000000,0.000000,0.000000,0,0,0.000000,0.000000,0.000000,0.000000,0
405,5.400757,5.400757,0,0.000000,0.000000,0.000000,0.000000,0,1,1064.172852,282.302216,114.780647,30.448839,112,0,0.000000,0.000000,0.000000,0.000000,0,0,0.000000,0.000000,0.000000,0.000000,0
409,5.434082,5.434082,0,0.000000,0.000000,0.000000,0.000000,0,1,1081.967041,300.036835,116.699905,32.361679,119,0,0.000000,0.000000,0.000000,0.000000,0,0,0.000000,0.000000,0.000000,0.000000,0
411,5.467407,5.467407,0,0.000000,0.000000,0.000000,0.000000,0,1,1098.183960,319.825653,118.449043,34.496082,108,0,0.000000,0.000000,0.000000,0.000000,0,0,0.000000,0.000000,0.000000,0.000000,0
413,5.500854,5.500854,0,0.000000,0.000000,0.000000,0.000000,0,1,1112.982056,340.800934,120.045158,36.758453,114,0,0.000000,0.000000,0.000000,0.000000,0,0,0.000000,0.000000,0.000000,0.000000,0
415,5.534180,5.534180,0,0.000000,0.000000,0.000000,0.000000,0,1,1126.587769,363.492249,121.512650,39.205921,104,0,0.000000,0.000000,0.000000,0.000000,0,0,0.000000,0.000000,0.000000,0.000000,0
418,5.567505,5.567505,0,0.000000,0.000000,0.000000,0.000000,0,1,1137.572876,386.493622,122.697502,41.686825,104,0,0.000000,0.000000,0.000000,0.000000,0,0,0.000000,0.000000,0.000000,0.000000,0
420,5.600830,5.600830,0,0.000000,0.000000,0.000000,0.000000,0,1,1147.422607,409.703674,123.759872,44.190239,105,0,0.000000,0.000000,0.000000,0.000000,0,0,0.000000,0.000000,0.000000,0.000000,0
422,5.634155,5.634155,0,0.000000,0.000000,0.000000,0.000000,0,1,1155.412720,434.901794,124.621681,46.908085,104,0,0.000000,0.000000,0.000000,0.000000,0,0,0.000000,0.000000,0.000000,0.000000,0
425,5.667480,5.667480,0,0.000000,0.000000,0.000000,0.000000,0,1,1161.386475,460.542847,125.266014,49.673702,99,0,0.000000,0.000000,0.000000,0.000000,0,0,0.000000,0.000000,0.000000,0.000000,0
427,5.700806,5.700806,0,0.000000,0.000000,0.000000,0.000000,0,1,1165.372314,486.595337,125.695923,52.483700,102,0,0.000000,0.000000,0.000000,0.000000,0,0,0.000000,0.000000,0.000000,0.000000,0
431,5.734131,5.734131,0,0.000000,0.000000,0.000000,0.000000,0,1,1167.084961,513.259644,125.880638,55.359688,104,0,0.000000,0.000000,0.000000,0.000000,0,0,0.000000,0.000000,0.000000,0.000000,0
433,5.767456,5.767456,0,0.000000,0.000000,0.000000,0.000000,0,1,1166.901855,540.265259,125.860901,58.272484,99,0,0.000000,0.000000,0.000000,0.000000,0,0,0.000000,0.000000,0.000000,0.000000,0
435,5.800781,5.800781,0,0.000000,0.000000,0.000000,0.000000,0,1,1164.004028,566.585083,125.548332,61.111317,91,0,0.000000,0.000000,0.000000,0.000000,0,0,0.000000,0.000000,0.000000,0.000000,0
438,5.834229,5.834229,0,0.000000,0.000000,0.000000,0.000000,0,1,1160.527466,593.402161,125.173363,64.003777,85,0,0.000000,0.000000,0.000000,0.000000,0,0,0.000000,0.000000,0.000000,0.000000,0
440,5.867554,5.867554,0,0.000000,0.000000,0.000000,0.000000,0,1,1154.299316,620.671326,124.501595,66.945000,96,0,0.000000,0.000000,0.000000,0.000000,0,0,0.000000,0.000000,0.000000,0.000000,0
442,5.900879,5.900879,0,0.000000,0.000000,0.000000,0.000000,0,1,1146.189331,646.701782,123.626862,69.752625,88,0,0.000000,0.000000,0.000000,0.000000,0,0,0.000000,0.000000,0.000000,0.000000,0
445,5.934204,5.934204,0,0.000000,0.000000,0.000000,0.000000,0,1,1135.670532,672.420227,122.492310,72.526588,106,0,0.000000,0.000000,0.000000,0.000000,0,0,0.000000,0.000000,0.000000,0.000000,0
448,5.967529,5.967529,0,0.000000,0.000000,0.000000,0.000000,0,1,1122.908569,697.078186,121.115822,75.186172,110,0,0.000000,0.000000,0.000000,0.000000,0,0,0.000000,0.000000,0.000000,0.000000,0
451,6.000854,6.000854,0,0.000000,0.000000,0.000000,0.000000,0,1,1108.382812,721.374268,119.549088,77.806725,105,0,0.000000,0.000000,0.000000,0.000000,0,0,0.000000,0.000000,0.000000,0.000000,0
453,6.034180,6.034180,0,0.000000,0.000000,0.000000,0.000000,0,1,1092.361084,743.557678,117.820992,80.199402,107,0,0.000000,0.000000,0.000000,0.000000,0,0,0.000000,0.000000,0.000000,0.000000,0
455,6.067505,6.067505,0,0.000000,0.000000,0.000000,0.000000,0,1,1073.811401,766.054810,115.820251,82.625923,99,0,0.000000,0.000000,0.000000,0.000000,0,0,0.000000,0.000000,0.000000,0.000000,0
458,6.100830,6.100830,0,0.000000,0.000000,0.000000,0.000000,0,1,1054.872681,786.489319,113.777534,84.829971,107,0,0.000000,0.000000,0.000000,0.000000,0,0,0.000000,0.000000,0.000000,0.000000,0
460,6.134277,6.134277,0,0.000000,0.000000,0.000000,0.000000,0,1,1033.341187,803.906067,111.455162,86.708519,111,0,0.000000,0.000000,0.000000,0.000000,0,0,0.000000,0.000000,0.000000,0.000000,0
462,6.167603,6.167603,0,0.000000,0.000000,0.000000,0.000000,0,1,1010.589783,820.083252,109.001228,88.453377,117,0,0.000000,0.000000,0.000000,0.000000,0,0,0.000000,0.000000,0.000000,0.000000,0
464,6.200928,6.200928,0,0.000000,0.000000,0.000000,0.000000,0,1,986.064331,834.579651,106.355934,90.016945,109,0,0.000000,0.000000,0.000000,0.000000,0,0,0.000000,0.000000,0.000000,0.000000,0
467,6.234253,6.234253,0,0.000000,0.000000,0.000000,0.000000,0,1,960.887085,846.693848,103.640343,91.323570,112,0,0.000000,0.000000,0.000000,0.000000,0,0,0.000000,0.000000,0.000000,0.000000,0
470,6.267578,6.267578,0,0.000000,0.000000,0.000000,0.000000,0,1,934.374207,856.421692,100.780685,92.372810,116,0,0.000000,0.000000,0.000000,0.000000,0,0,0.000000,0.000000,0.000000,0.000000,0
473,6.300903,6.300903,0,0.000000,0.000000,0.000000,0.000000,0,1,907.835815,864.329346,97.918282,93.225716,115,0,0.000000,0.000000,0.000000,0.000000,0,0,0.000000,0.000000,0.000000,0.000000,0
475,6.334229,6.334229,0,0.000000,0.000000,0.000000,0.000000,0,1,880.072021,870.431641,94.923714,93.883911,123,0,0.000000,0.000000,0.000000,0.000000,0,0,0.000000,0.000000,0.000000,0.000000,0
477,6.367554,6.367554,1,1041.375732,702.173401,112.321770,75.735741,4,1,853.056152,874.722656,92.009804,94.346725,123,0,0.000000,0.000000,0.000000,0.000000,0,0,0.000000,0.000000,0.000000,0.000000,0
480,6.400879,6.400879,1,1030.565430,717.383057,111.155777,77.376236,11,1,825.967529,877.592957,89.088051,94.656319,120,0,0.000000,0.000000,0.000000,0.000000,0,0,0.000000,0.000000,0.000000,0.000000,0
483,6.434326,6.434326,1,1015.163147,736.619385,109.494499,79.451050,9,1,798.397766,877.360413,86.114403,94.631233,132,0,0.000000,0.000000,0.000000,0.000000,0,0,0.000000,0.000000,0.000000,0.000000,0
484,6.467651,6.467651,1,998.113525,753.643860,107.655548,81.287292,7,1,770.488159,874.955261,83.104103,94.371819,125,0,0.000000,0.000000,0.000000,0.000000,0,0,0.000000,0.000000,0.000000,0.000000,0
488,6.500977,6.500977,1,985.000000,765.000000,106.241135,82.512154,1,1,744.370056,870.444153,80.287025,93.885254,135,0,0.000000,0.000000,0.000000,0.000000,0,0,0.000000,0.000000,0.000000,0.000000,0
490,6.534302,6.534302,1,954.388977,786.439758,102.939461,84.824623,13,1,715.837158,863.886719,77.209496,93.177979,134,0,0.000000,0.000000,0.000000,0.000000,0,0,0.000000,0.000000,0.000000,0.000000,0
492,6.567627,6.567627,1,937.910339,795.000000,101.162094,85.747925,2,1,689.151062,855.127808,74.331161,92.233253,140,0,0.000000,0.000000,0.000000,0.000000,0,0,0.000000,0.000000,0.000000,0.000000,0
495,6.600952,6.600952,1,911.000000,805.891541,98.259567,86.922676,2,1,663.110657,844.694275,71.522469,91.107895,137,0,0.000000,0.000000,0.000000,0.000000,0,0,0.000000,0.000000,0.000000,0.000000,0
498,6.634277,6.634277,0,0.000000,0.000000,0.000000,0.000000,0,1,637.839050,831.357178,68.796700,89.669373,143,0,0.000000,0.000000,0.000000,0.000000,0,0,0.000000,0.000000,0.000000,0.000000,0
500,6.667603,6.667603,0,0.000000,0.000000,0.000000,0.000000,0,1,613.631836,817.589172,66.185730,88.184372,150,0,0.000000,0.000000,0.000000,0.000000,0,0,0.000000,0.000000,0.000000,0.000000,0
503,6.700928,6.700928,0,0.000000,0.000000,0.000000,0.000000,0,1,590.696411,801.989441,63.711941,86.501793,138,0,0.000000,0.000000,0.000000,0.000000,0,0,0.000000,0.000000,0.000000,0.000000,0
505,6.734253,6.734253,0,0.000000,0.000000,0.000000,0.000000,0,1,569.339111,784.386353,61.408363,84.603149,141,0,0.000000,0.000000,0.000000,0.000000,0,0,0.000000,0.000000,0.000000,0.000000,0
509,6.767700,6.767700,0,0.000000,0.000000,0.000000,0.000000,0,1,549.701477,765.754883,59.290268,82.593575,134,0,0.000000,0.000000,0.000000,0.000000,0,0,0.000000,0.000000,0.000000,0.000000,0
510,6.801025,6.801025,0,0.000000,0.000000,0.000000,0.000000,0,1,529.567993,744.128723,57.118687,80.260994,143,0,0.000000,0.000000,0.000000,0.000000,0,0,0.000000,0.000000,0.000000,0.000000,0
512,6.834351,6.834351,0,0.000000,0.000000,0.000000,0.000000,0,1,512.017395,722.034912,55.225700,77.877975,135,0,0.000000,0.000000,0.000000,0.000000,0,0,0.000000,0.000000,0.000000,0.000000,0
514,6.867676,6.867676,0,0.000000,0.000000,0.000000,0.000000,0,1,494.113831,699.362183,53.294636,75.432526,128,0,0.000000,0.000000,0.000000,0.000000,0,0,0.000000,0.000000,0.000000,0.000000,0
518,6.901001,6.901001,0,0.000000,0.000000,0.000000,0.000000,0,1,480.711517,675.112549,51.849075,72.816978,129,0,0.000000,0.000000,0.000000,0.000000,0,0,0.000000,0.000000,0.000000,0.000000,0
520,6.934326,6.934326,0,0.000000,0.000000,0.000000,0.000000,0,1,467.526917,650.121704,50.426998,70.121490,141,0,0.000000,0.000000,0.000000,0.000000,0,0,0.000000,0.000000,0.000000,0.000000,0
521,6.967651,6.967651,0,0.000000,0.000000,0.000000,0.000000,0,1,456.363403,625.131653,49.222912,67.426094,139,0,0.000000,0.000000,0.000000,0.000000,0,0,0.000000,0.000000,0.000000,0.000000,0
525,7.000977,7.000977,0,0.000000,0.000000,0.000000,0.000000,0,1,447.306976,596.141968,48.246094,64.299294,144,0,0.000000,0.000000,0.000000,0.000000,0,0,0.000000,0.000000,0.000000,0.000000,0
528,7.034302,7.034302,0,0.000000,0.000000,0.000000,0.000000,0,1,440.644775,564.175781,47.527515,60.851452,133,0,0.000000,0.000000,0.000000,0.000000,0,0,0.000000,0.000000,0.000000,0.000000,0
532,7.067749,7.067749,0,0.000000,0.000000,0.000000,0.000000,0,1,436.073639,531.548950,47.034477,57.332352,142,0,0.000000,0.000000,0.000000,0.000000,0,0,0.000000,0.000000,0.000000,0.000000,0
536,7.101074,7.101074,0,0.000000,0.000000,0.000000,0.000000,0,1,434.826508,498.856873,46.899963,53.806217,148,0,0.000000,0.000000,0.000000,0.000000,0,0,0.000000,0.000000,0.000000,0.000000,0
538,7.134399,7.134399,0,0.000000,0.000000,0.000000,0.000000,0,1,435.705109,467.463928,46.994728,50.420204,142,0,0.000000,0.000000,0.000000,0.000000,0,0,0.000000,0.000000,0.000000,0.000000,0
541,7.167725,7.167725,0,0.000000,0.000000,0.000000,0.000000,0,1,438.564362,437.180115,47.303123,47.153820,132,0,0.000000,0.000000,0.000000,0.000000,0,0,0.000000,0.000000,0.000000,0.000000,0
543,7.201050,7.201050,0,0.000000,0.000000,0.000000,0.000000,0,1,443.367249,409.158325,47.821159,44.131416,134,0,0.000000,0.000000,0.000000,0.000000,0,0,0.000000,0.000000,0.000000,0.000000,0
546,7.234375,7.234375,0,0.000000,0.000000,0.000000,0.000000,0,1,449.551971,381.925812,48.488239,41.194145,116,0,0.000000,0.000000,0.000000,0.000000,0,0,0.000000,0.000000,0.000000,0.000000,0
550,7.267700,7.267700,0,0.000000,0.000000,0.000000,0.000000,0,1,457.164490,355.973175,49.309315,38.394920,123,0,0.000000,0.000000,0.000000,0.000000,0,0,0.000000,0.000000,0.000000,0.000000,0
554,7.301025,7.301025,0,0.000000,0.000000,0.000000,0.000000,0,1,467.521179,332.345428,50.426376,35.846455,123,0,0.000000,0.000000,0.000000,0.000000,0,0,0.000000,0.000000,0.000000,0.000000,0
556,7.334351,7.334351,0,0.000000,0.000000,0.000000,0.000000,0,1,478.969147,310.894165,51.661144,33.532742,126,0,0.000000,0.000000,0.000000,0.000000,0,0,0.000000,0.000000,0.000000,0.000000,0
559,7.367798,7.367798,0,0.000000,0.000000,0.000000,0.000000,0,1,491.109680,291.533447,52.970612,31.444513,124,0,0.000000,0.000000,0.000000,0.000000,0,0,0.000000,0.000000,0.000000,0.000000,0
561,7.401123,7.401123,0,0.000000,0.000000,0.000000,0.000000,0,1,504.203400,273.166840,54.382889,29.463509,124,0,0.000000,0.000000,0.000000,0.000000,0,0,0.000000,0.000000,0.000000,0.000000,0
564,7.434448,7.434448,0,0.000000,0.000000,0.000000,0.000000,0,1,519.174255,256.153870,55.997631,27.628506,126,0,0.000000,0.000000,0.000000,0.000000,0,0,0.000000,0.000000,0.000000,0.000000,0
567,7.467773,7.467773,0,0.000000,0.000000,0.000000,0.000000,0,1,535.191956,240.125076,57.725285,25.899656,123,0,0.000000,0.000000,0.000000,0.000000,0,0,0.000000,0.000000,0.000000,0.000000,0
570,7.501099,7.501099,0,0.000000,0.000000,0.000000,0.000000,0,1,552.638855,224.489410,59.607082,24.213209,129,0,0.000000,0.000000,0.000000,0.000000,0,0,0.000000,0.000000,0.000000,0.000000,0
574,7.534424,7.534424,0,0.000000,0.000000,0.000000,0.000000,0,1,570.717773,210.773483,61.557064,22.733822,125,0,0.000000,0.000000,0.000000,0.000000,0,0,0.000000,0.000000,0.000000,0.000000,0
576,7.567749,7.567749,0,0.000000,0.000000,0.000000,0.000000,0,1,589.708679,197.206696,63.605404,21.270521,119,0,0.000000,0.000000,0.000000,0.000000,0,0,0.000000,0.000000,0.000000,0.000000,0
579,7.601074,7.601074,0,0.000000,0.000000,0.000000,0.000000,0,1,609.870117,184.152069,65.779991,19.862463,119,0,0.000000,0.000000,0.000000,0.000000,0,0,0.000000,0.000000,0.000000,0.000000,0
583,7.634399,7.634399,0,0.000000,0.000000,0.000000,0.000000,0,1,630.198425,173.396652,67.972588,18.702394,118,0,0.000000,0.000000,0.000000,0.000000,0,0,0.000000,0.000000,0.000000,0.000000,0
586,7.667847,7.667847,0,0.000000,0.000000,0.000000,0.000000,0,1,652.501709,163.371643,70.378197,17.621105,117,0,0.000000,0.000000,0.000000,0.000000,0,0,0.000000,0.000000,0.000000,0.000000,0
589,7.701172,7.701172,0,0.000000,0.000000,0.000000,0.000000,0,1,674.202332,153.878723,72.718803,16.597210,113,0,0.000000,0.000000,0.000000,0.000000,0,0,0.000000,0.000000,0.000000,0.000000,0
592,7.734497,7.734497,0,0.000000,0.000000,0.000000,0.000000,0,1,696.270020,145.183090,75.099007,15.659306,122,0,0.000000,0.000000,0.000000,0.000000,0,0,0.000000,0.000000,0.000000,0.000000,0
594,7.767822,7.767822,0,0.000000,0.000000,0.000000,0.000000,0,1,719.839050,138.064240,77.641136,14.891475,119,0,0.000000,0.000000,0.000000,0.000000,0,0,0.000000,0.000000,0.000000,0.000000,0
597,7.801147,7.801147,0,0.000000,0.000000,0.000000,0.000000,0,1,742.487732,131.684586,80.084000,14.203371,127,0,0.000000,0.000000,0.000000,0.000000,0,0,0.000000,0.000000,0.000000,0.000000,0
600,7.834473,7.834473,0,0.000000,0.000000,0.000000,0.000000,0,1,766.891174,126.807060,82.716133,13.677286,120,0,0.000000,0.000000,0.000000,0.000000,0,0,0.000000,0.000000,0.000000,0.000000,0
604,7.867798,7.867798,0,0.000000,0.000000,0.000000,0.000000,0,1,790.929871,123.572426,85.308922,13.328401,117,0,0.000000,0.000000,0.000000,0.000000,0,0,0.000000,0.000000,0.000000,0.000000,0
606,7.901123,7.901123,0,0.000000,0.000000,0.000000,0.000000,0,1,817.072266,121.771309,88.128616,13.134134,116,0,0.000000,0.000000,0.000000,0.000000,0,0,0.000000,0.000000,0.000000,0.000000,0
609,7.934448,7.934448,0,0.000000,0.000000,0.000000,0.000000,0,1,842.041565,121.538177,90.821777,13.108990,124,0,0.000000,0.000000,0.000000,0.000000,0,0,0.000000,0.000000,0.000000,0.000000,0
613,7.967773,7.967773,0,0.000000,0.000000,0.000000,0.000000,0,1,866.812805,122.900780,93.493584,13.255958,122,0,0.000000,0.000000,0.000000,0.000000,0,0,0.000000,0.000000,0.000000,0.000000,0
615,8.001221,8.001221,0,0.000000,0.000000,0.000000,0.000000,0,1,892.871826,125.584854,96.304283,13.545460,116,0,0.000000,0.000000,0.000000,0.000000,0,0,0.000000,0.000000,0.000000,0.000000,0
618,21.634399,21.634399,1,1215.000000,638.078003,131.048706,68.822472,2,1,917.755676,129.675720,98.988228,13.986696,111,0,0.000000,0.000000,0.000000,0.000000,0,0,0.000000,0.000000,0.000000,0.000000,0
620,21.667725,21.667725,1,1121.664795,760.362427,120.981674,82.011948,9,1,943.806580,135.229004,101.798050,14.585669,124,0,0.000000,0.000000,0.000000,0.000000,0,0,0.000000,0.000000,0.000000,0.000000,0
624,21.701050,21.701050,1,1111.790039,779.204224,119.916588,84.044205,15,1,968.046814,142.134933,104.412582,15.330536,116,0,0.000000,0.000000,0.000000,0.000000,0,0,0.000000,0.000000,0.000000,0.000000,0
627,21.734375,21.734375,1,1100.630005,797.595459,118.712875,86.027863,16,1,992.355408,150.281052,107.034485,16.209167,120,0,0.000000,0.000000,0.000000,0.000000,0,0,0.000000,0.000000,0.000000,0.000000,0
631,21.767822,21.767822,1,1086.398804,816.533447,117.177917,88.070496,18,1,1016.158691,159.547775,109.601883,17.208668,120,0,0.000000,0.000000,0.000000,0.000000,0,0,0.000000,0.000000,0.000000,0.000000,0
633,21.801147,21.801147,1,1072.995483,832.621033,115.732246,89.805695,20,1,1039.505249,170.634750,112.120018,18.404499,115,0,0.000000,0.000000,0.000000,0.000000,0,0,0.000000,0.000000,0.000000,0.000000,0
636,21.834473,21.834473,1,1058.973999,847.590027,114.219902,91.420235,23,1,1062.528564,183.746597,114.603287,19.818729,120,0,0.000000,0.000000,0.000000,0.000000,0,0,0.000000,0.000000,0.000000,0.000000,0
640,21.867798,21.867798,1,1044.114868,861.663025,112.617210,92.938133,16,1,1084.544678,197.137695,116.977936,21.263079,112,0,0.000000,0.000000,0.000000,0.000000,0,0,0.000000,0.000000,0.000000,0.000000,0
642,21.901123,21.901123,1,1027.047729,875.289246,110.776360,94.407845,15,1,1105.217041,212.526672,119.207634,22.922918,114,0,0.000000,0.000000,0.000000,0.000000,0,0,0.000000,0.000000,0.000000,0.000000,0
644,21.934448,21.934448,1,1007.138306,888.608704,108.628952,95.844467,14,1,1124.908813,228.926086,121.331566,24.691744,124,0,0.000000,0.000000,0.000000,0.000000,0,0,0.000000,0.000000,0.000000,0.000000,0
648,21.967773,21.967773,1,987.875427,899.168823,106.551277,96.983475,12,1,1143.649780,247.029129,123.352943,26.644320,117,0,0.000000,0.000000,0.000000,0.000000,0,0,0.000000,0.000000,0.000000,0.000000,0
651,22.001099,22.001099,1,972.531372,907.468628,104.896286,97.878677,4,1,1160.849487,266.517578,125.208092,28.746325,117,0,0.000000,0.000000,0.000000,0.000000,0,0,0.000000,0.000000,0.000000,0.000000,0
655,22.034424,22.034424,1,1101.753418,837.950012,118.834053,90.380470,21,1,1176.419434,288.259979,126.887451,31.091440,116,0,0.000000,0.000000,0.000000,0.000000,0,0,0.000000,0.000000,0.000000,0.000000,0
658,22.067871,22.067871,1,1087.443481,852.639404,117.290588,91.964859,23,1,1190.658691,310.072296,128.423279,33.444096,117,0,0.000000,0.000000,0.000000,0.000000,0,0,0.000000,0.000000,0.000000,0.000000,0
660,22.101196,22.101196,1,1073.977173,864.629822,115.838135,93.258133,19,1,1203.037231,332.255402,129.758423,35.836742,118,0,0.000000,0.000000,0.000000,0.000000,0,0,0.000000,0.000000,0.000000,0.000000,0
664,22.134521,22.134521,1,1059.782593,876.591614,114.307114,94.548317,19,1,1214.291016,355.986786,130.972244,38.396389,115,0,0.000000,0.000000,0.000000,0.000000,0,0,0.000000,0.000000,0.000000,0.000000,0
666,22.167847,22.167847,1,1045.062866,887.770569,112.719460,95.754066,23,1,1223.664062,380.095215,131.983200,40.996696,118,0,0.000000,0.000000,0.000000,0.000000,0,0,0.000000,0.000000,0.000000,0.000000,0
669,22.201172,22.201172,1,1028.231812,898.690369,110.904083,96.931870,19,1,1232.128052,405.158508,132.896133,43.700001,109,0,0.000000,0.000000,0.000000,0.000000,0,0,0.000000,0.000000,0.000000,0.000000,0
671,22.234497,22.234497,1,1019.000000,905.000000,109.908348,97.612419,1,1,1238.141846,429.669739,133.544769,46.343758,110,0,0.000000,0.000000,0.000000,0.000000,0,0,0.000000,0.000000,0.000000,0.000000,0
675,22.267822,22.267822,1,994.257141,916.907715,107.239601,98.896767,12,1,1243.314209,453.857025,134.102661,48.952576,100,0,0.000000,0.000000,0.000000,0.000000,0,0,0.000000,0.000000,0.000000,0.000000,0
678,22.301147,22.301147,1,978.314819,924.324097,105.520081,99.696693,3,1,1247.223877,479.636261,134.524353,51.733101,106,0,0.000000,0.000000,0.000000,0.000000,0,0,0.000000,0.000000,0.000000,0.000000,0
682,22.334473,22.334473,0,0.000000,0.000000,0.000000,0.000000,0,1,1250.500366,505.014465,134.877747,54.470367,109,0,0.000000,0.000000,0.000000,0.000000,0,0,0.000000,0.000000,0.000000,0.000000,0
685,22.367920,22.367920,0,0.000000,0.000000,0.000000,0.000000,0,1,1252.729492,530.421631,135.118179,57.210758,96,0,0.000000,0.000000,0.000000,0.000000,0,0,0.000000,0.000000,0.000000,0.000000,0
687,22.401245,22.401245,0,0.000000,0.000000,0.000000,0.000000,0,1,1253.084595,554.013672,135.156479,59.755371,102,0,0.000000,0.000000,0.000000,0.000000,0,0,0.000000,0.000000,0.000000,0.000000,0
691,22.434570,22.434570,0,0.000000,0.000000,0.000000,0.000000,0,1,1252.916504,577.926636,135.138351,62.334606,96,0,0.000000,0.000000,0.000000,0.000000,0,0,0.000000,0.000000,0.000000,0.000000,0
693,22.467896,22.467896,0,0.000000,0.000000,0.000000,0.000000,0,1,1251.679443,600.658142,135.004929,64.786400,102,0,0.000000,0.000000,0.000000,0.000000,0,0,0.000000,0.000000,0.000000,0.000000,0
696,22.501221,22.501221,0,0.000000,0.000000,0.000000,0.000000,0,1,1250.273071,623.660767,134.853226,67.267441,96,0,0.000000,0.000000,0.000000,0.000000,0,0,0.000000,0.000000,0.000000,0.000000,0
698,22.534546,22.534546,0,0.000000,0.000000,0.000000,0.000000,0,1,1246.163818,646.267761,134.410004,69.705811,106,0,0.000000,0.000000,0.000000,0.000000,0,0,0.000000,0.000000,0.000000,0.000000,0
703,22.567871,22.567871,0,0.000000,0.000000,0.000000,0.000000,0,1,1241.847046,667.957092,133.944412,72.045204,109,0,0.000000,0.000000,0.000000,0.000000,0,0,0.000000,0.000000,0.000000,0.000000,0
705,22.601196,22.601196,0,0.000000,0.000000,0.000000,0.000000,0,1,1236.419800,688.686279,133.359024,74.281029,107,0,0.000000,0.000000,0.000000,0.000000,0,0,0.000000,0.000000,0.000000,0.000000,0
709,22.634521,22.634521,0,0.000000,0.000000,0.000000,0.000000,0,1,1230.458618,709.457214,132.716064,76.521362,111,0,0.000000,0.000000,0.000000,0.000000,0,0,0.000000,0.000000,0.000000,0.000000,0
711,22.667847,22.667847,0,0.000000,0.000000,0.000000,0.000000,0,1,1222.947754,728.667297,131.905945,78.593346,112,0,0.000000,0.000000,0.000000,0.000000,0,0,0.000000,0.000000,0.000000,0.000000,0
714,22.701294,22.701294,0,0.000000,0.000000,0.000000,0.000000,0,1,1214.930298,748.508789,131.041199,80.733429,114,0,0.000000,0.000000,0.000000,0.000000,0,0,0.000000,0.000000,0.000000,0.000000,0
718,22.734619,22.734619,0,0.000000,0.000000,0.000000,0.000000,0,1,1205.656006,766.593689,130.040878,82.684044,112,0,0.000000,0.000000,0.000000,0.000000,0,0,0.000000,0.000000,0.000000,0.000000,0
720,22.767944,22.767944,0,0.000000,0.000000,0.000000,0.000000,0,1,1195.803101,784.843811,128.978149,84.652489,108,0,0.000000,0.000000,0.000000,0.000000,0,0,0.000000,0.000000,0.000000,0.000000,0
723,22.801270,22.801270,0,0.000000,0.000000,0.000000,0.000000,0,1,1185.032104,800.940430,127.816406,86.388649,111,0,0.000000,0.000000,0.000000,0.000000,0,0,0.000000,0.000000,0.000000,0.000000,0
725,22.834595,22.834595,0,0.000000,0.000000,0.000000,0.000000,0,1,1174.353760,816.913086,126.664650,88.111450,114,0,0.000000,0.000000,0.000000,0.000000,0,0,0.000000,0.000000,0.000000,0.000000,0
730,22.867920,22.867920,0,0.000000,0.000000,0.000000,0.000000,0,1,1163.324341,832.293213,125.475029,89.770332,117,0,0.000000,0.000000,0.000000,0.000000,0,0,0.000000,0.000000,0.000000,0.000000,0
732,22.901245,22.901245,0,0.000000,0.000000,0.000000,0.000000,0,1,1151.597900,846.715027,124.210228,91.325859,109,0,0.000000,0.000000,0.000000,0.000000,0,0,0.000000,0.000000,0.000000,0.000000,0
736,22.934570,22.934570,0,0.000000,0.000000,0.000000,0.000000,0,1,1138.090454,861.020508,122.753326,92.868828,106,0,0.000000,0.000000,0.000000,0.000000,0,0,0.000000,0.000000,0.000000,0.000000,0
738,22.967896,22.967896,0,0.000000,0.000000,0.000000,0.000000,0,1,1124.049438,873.790588,121.238876,94.246201,112,0,0.000000,0.000000,0.000000,0.000000,0,0,0.000000,0.000000,0.000000,0.000000,0
741,23.001343,23.001343,0,0.000000,0.000000,0.000000,0.000000,0,1,1108.974121,886.712646,119.612869,95.639961,115,0,0.000000,0.000000,0.000000,0.000000,0,0,0.000000,0.000000,0.000000,0.000000,0
743,23.034668,23.034668,0,0.000000,0.000000,0.000000,0.000000,0,1,1093.734009,898.338684,117.969086,96.893936,115,0,0.000000,0.000000,0.000000,0.000000,0,0,0.000000,0.000000,0.000000,0.000000,0
747,23.067993,23.067993,0,0.000000,0.000000,0.000000,0.000000,0,1,1077.900391,909.866638,116.261276,98.137329,113,0,0.000000,0.000000,0.000000,0.000000,0,0,0.000000,0.000000,0.000000,0.000000,0
750,23.101318,23.101318,0,0.000000,0.000000,0.000000,0.000000,0,1,1061.085815,921.633240,114.447685,99.406464,115,0,0.000000,0.000000,0.000000,0.000000,0,0,0.000000,0.000000,0.000000,0.000000,0
754,23.134644,23.134644,0,0.000000,0.000000,0.000000,0.000000,0,1,1042.894531,933.184570,112.485588,100.652374,118,0,0.000000,0.000000,0.000000,0.000000,0,0,0.000000,0.000000,0.000000,0.000000,0
757,23.167969,23.167969,0,0.000000,0.000000,0.000000,0.000000,0,1,1024.344971,944.021606,110.484840,101.821251,119,0,0.000000,0.000000,0.000000,0.000000,0,0,0.000000,0.000000,0.000000,0.000000,0
759,23.201294,23.201294,0,0.000000,0.000000,0.000000,0.000000,0,1,1006.290649,954.754272,108.537529,102.978867,116,0,0.000000,0.000000,0.000000,0.000000,0,0,0.000000,0.000000,0.000000,0.000000,0
762,23.234619,23.234619,0,0.000000,0.000000,0.000000,0.000000,0,1,987.067383,965.750183,106.464127,104.164871,115,0,0.000000,0.000000,0.000000,0.000000,0,0,0.000000,0.000000,0.000000,0.000000,0
764,23.267944,23.267944,0,0.000000,0.000000,0.000000,0.000000,0,1,968.083984,975.871826,104.416595,105.256584,115,0,0.000000,0.000000,0.000000,0.000000,0,0,0.000000,0.000000,0.000000,0.000000,0
768,23.301392,23.301392,0,0.000000,0.000000,0.000000,0.000000,0,1,949.064636,984.393616,102.365189,106.175735,109,0,0.000000,0.000000,0.000000,0.000000,0,0,0.000000,0.000000,0.000000,0.000000,0
771,23.334717,23.334717,0,0.000000,0.000000,0.000000,0.000000,0,1,929.604919,991.603210,100.266281,106.953354,112,0,0.000000,0.000000,0.000000,0.000000,0,0,0.000000,0.000000,0.000000,0.000000,0
774,23.368042,23.368042,0,0.000000,0.000000,0.000000,0.000000,0,1,909.712952,997.132019,98.120750,107.549690,109,0,0.000000,0.000000,0.000000,0.000000,0,0,0.000000,0.000000,0.000000,0.000000,0
777,23.401367,23.401367,0,0.000000,0.000000,0.000000,0.000000,0,1,889.020142,1001.972107,95.888840,108.071732,119,0,0.000000,0.000000,0.000000,0.000000,0,0,0.000000,0.000000,0.000000,0.000000,0
781,23.434692,23.434692,0,0.000000,0.000000,0.000000,0.000000,0,1,868.945801,1005.800293,93.723648,108.484642,125,0,0.000000,0.000000,0.000000,0.000000,0,0,0.000000,0.000000,0.000000,0.000000,0
783,23.468018,23.468018,0,0.000000,0.000000,0.000000,0.000000,0,1,849.037476,1006.896545,91.576355,108.602875,120,0,0.000000,0.000000,0.000000,0.000000,0,0,0.000000,0.000000,0.000000,0.000000,0
786,23.501343,23.501343,0,0.000000,0.000000,0.000000,0.000000,0,1,829.739075,1006.946167,89.494850,108.608231,121,0,0.000000,0.000000,0.000000,0.000000,0,0,0.000000,0.000000,0.000000,0.000000,0
790,23.534668,23.534668,0,0.000000,0.000000,0.000000,0.000000,0,1,810.599976,1005.992798,87.430519,108.505402,122,0,0.000000,0.000000,0.000000,0.000000,0,0,0.000000,0.000000,0.000000,0.000000,0
792,23.567993,23.567993,0,0.000000,0.000000,0.000000,0.000000,0,1,792.770813,1004.618408,85.507484,108.357162,126,0,0.000000,0.000000,0.000000,0.000000,0,0,0.000000,0.000000,0.000000,0.000000,0
795,23.601318,23.601318,0,0.000000,0.000000,0.000000,0.000000,0,1,774.768372,1001.597046,83.565758,108.031281,127,0,0.000000,0.000000,0.000000,0.000000,0,0,0.000000,0.000000,0.000000,0.000000,0
797,23.634766,23.634766,0,0.000000,0.000000,0.000000,0.000000,0,1,757.650574,997.671021,81.719452,107.607826,131,0,0.000000,0.000000,0.000000,0.000000,0,0,0.000000,0.000000,0.000000,0.000000,0
801,23.668091,23.668091,0,0.000000,0.000000,0.000000,0.000000,0,1,740.569641,992.032104,79.877121,106.999611,131,0,0.000000,0.000000,0.000000,0.000000,0,0,0.000000,0.000000,0.000000,0.000000,0
804,23.701416,23.701416,0,0.000000,0.000000,0.000000,0.000000,0,1,724.319519,984.908752,78.124397,106.231293,130,0,0.000000,0.000000,0.000000,0.000000,0,0,0.000000,0.000000,0.000000,0.000000,0
808,23.734741,23.734741,0,0.000000,0.000000,0.000000,0.000000,0,1,708.197327,977.555786,76.385475,105.438217,129,0,0.000000,0.000000,0.000000,0.000000,0,0,0.000000,0.000000,0.000000,0.000000,0
810,23.768066,23.768066,0,0.000000,0.000000,0.000000,0.000000,0,1,691.255798,969.264893,74.558182,104.543968,131,0,0.000000,0.000000,0.000000,0.000000,0,0,0.000000,0.000000,0.000000,0.000000,0
813,23.801392,23.801392,0,0.000000,0.000000,0.000000,0.000000,0,1,674.136292,959.353760,72.711678,103.474960,134,0,0.000000,0.000000,0.000000,0.000000,0,0,0.000000,0.000000,0.000000,0.000000,0
815,23.834717,23.834717,0,0.000000,0.000000,0.000000,0.000000,0,1,656.591614,948.821350,70.819328,102.338943,134,0,0.000000,0.000000,0.000000,0.000000,0,0,0.000000,0.000000,0.000000,0.000000,0
819,23.868042,23.868042,0,0.000000,0.000000,0.000000,0.000000,0,1,640.092041,937.392029,69.039703,101.106194,134,0,0.000000,0.000000,0.000000,0.000000,0,0,0.000000,0.000000,0.000000,0.000000,0
822,23.901367,23.901367,0,0.000000,0.000000,0.000000,0.000000,0,1,624.093018,924.433289,67.314064,99.708473,137,0,0.000000,0.000000,0.000000,0.000000,0,0,0.000000,0.000000,0.000000,0.000000,0
824,25.074951,25.074951,0,0.000000,0.000000,0.000000,0.000000,0,1,608.602539,910.170715,65.643280,98.170128,135,0,0.000000,0.000000,0.000000,0.000000,0,0,0.000000,0.000000,0.000000,0.000000,0
829,25.108276,25.108276,0,0.000000,0.000000,0.000000,0.000000,0,1,593.405151,894.752197,64.004097,96.507095,140,0,0.000000,0.000000,0.000000,0.000000,0,0,0.000000,0.000000,0.000000,0.000000,0
831,25.141602,25.141602,0,0.000000,0.000000,0.000000,0.000000,0,1,578.251343,877.922852,62.369625,94.691902,134,0,0.000000,0.000000,0.000000,0.000000,0,0,0.000000,0.000000,0.000000,0.000000,0
834,25.174927,25.174927,0,0.000000,0.000000,0.000000,0.000000,0,1,564.073120,860.582275,60.840378,92.821564,135,0,0.000000,0.000000,0.000000,0.000000,0,0,0.000000,0.000000,0.000000,0.000000,0
837,25.208252,25.208252,0,0.000000,0.000000,0.000000,0.000000,0,1,549.679138,841.798523,59.287857,90.795563,145,0,0.000000,0.000000,0.000000,0.000000,0,0,0.000000,0.000000,0.000000,0.000000,0
840,25.241577,25.241577,0,0.000000,0.000000,0.000000,0.000000,0,1,536.371338,822.928833,57.852489,88.760300,155,0,0.000000,0.000000,0.000000,0.000000,0,0,0.000000,0.000000,0.000000,0.000000,0
844,25.274902,25.274902,0,0.000000,0.000000,0.000000,0.000000,0,1,522.854736,802.001465,56.394600,86.503090,142,0,0.000000,0.000000,0.000000,0.000000,0,0,0.000000,0.000000,0.000000,0.000000,0
846,25.308228,25.308228,0,0.000000,0.000000,0.000000,0.000000,0,1,510.931763,779.841675,55.108601,84.112961,146,0,0.000000,0.000000,0.000000,0.000000,0,0,0.000000,0.000000,0.000000,0.000000,0
849,25.341675,25.341675,0,0.000000,0.000000,0.000000,0.000000,0,1,500.282532,756.076904,53.959984,81.549721,143,0,0.000000,0.000000,0.000000,0.000000,0,0,0.000000,0.000000,0.000000,0.000000,0
853,25.375000,25.375000,0,0.000000,0.000000,0.000000,0.000000,0,1,490.673523,732.616821,52.923569,79.019333,141,0,0.000000,0.000000,0.000000,0.000000,0,0,0.000000,0.000000,0.000000,0.000000,0
855,25.408325,25.408325,0,0.000000,0.000000,0.000000,0.000000,0,1,482.210693,708.595398,52.010773,76.428406,139,0,0.000000,0.000000,0.000000,0.000000,0,0,0.000000,0.000000,0.000000,0.000000,0
858,25.441650,25.441650,0,0.000000,0.000000,0.000000,0.000000,0,1,473.636139,683.581055,51.085934,73.730385,138,0,0.000000,0.000000,0.000000,0.000000,0,0,0.000000,0.000000,0.000000,0.000000,0
861,25.474976,25.474976,1,1000.869995,668.151672,107.952858,72.066193,4,1,466.482361,657.051575,50.314331,70.868942,145,0,0.000000,0.000000,0.000000,0.000000,0,0,0.000000,0.000000,0.000000,0.000000,0
864,25.508301,25.508301,0,0.000000,0.000000,0.000000,0.000000,0,1,461.128387,630.287598,49.736858,67.982208,140,0,0.000000,0.000000,0.000000,0.000000,0,0,0.000000,0.000000,0.000000,0.000000,0
867,25.541626,25.541626,0,0.000000,0.000000,0.000000,0.000000,0,1,457.579041,602.493347,49.354027,64.984344,147,0,0.000000,0.000000,0.000000,0.000000,0,0,0.000000,0.000000,0.000000,0.000000,0
870,25.574951,25.574951,0,0.000000,0.000000,0.000000,0.000000,0,1,455.593323,575.396851,49.139851,62.061741,156,0,0.000000,0.000000,0.000000,0.000000,0,0,0.000000,0.000000,0.000000,0.000000,0
873,25.608276,25.608276,0,0.000000,0.000000,0.000000,0.000000,0,1,455.313843,548.620178,49.109707,59.173637,148,0,0.000000,0.000000,0.000000,0.000000,0,0,0.000000,0.000000,0.000000,0.000000,0
876,25.641724,25.641724,0,0.000000,0.000000,0.000000,0.000000,0,1,456.324432,521.194275,49.218708,56.215504,152,0,0.000000,0.000000,0.000000,0.000000,0,0,0.000000,0.000000,0.000000,0.000000,0
880,25.675049,25.675049,0,0.000000,0.000000,0.000000,0.000000,0,1,459.279694,494.607056,49.537460,53.347836,148,0,0.000000,0.000000,0.000000,0.000000,0,0,0.000000,0.000000,0.000000,0.000000,0
882,25.708374,25.708374,0,0.000000,0.000000,0.000000,0.000000,0,1,463.634430,467.856628,50.007156,50.462559,140,0,0.000000,0.000000,0.000000,0.000000,0,0,0.000000,0.000000,0.000000,0.000000,0
885,25.741699,25.741699,1,1157.000000,705.000000,124.792892,76.040611,1,1,470.922699,441.874451,50.793262,47.660145,130,0,0.000000,0.000000,0.000000,0.000000,0,0,0.000000,0.000000,0.000000,0.000000,0
887,25.775024,25.775024,0,0.000000,0.000000,0.000000,0.000000,0,1,479.292023,414.820221,51.695969,44.742104,130,0,0.000000,0.000000,0.000000,0.000000,0,0,0.000000,0.000000,0.000000,0.000000,0
891,25.808350,25.808350,1,1126.033936,756.028625,121.452927,81.544510,16,1,490.475433,389.065186,52.902199,41.964191,134,0,0.000000,0.000000,0.000000,0.000000,0,0,0.000000,0.000000,0.000000,0.000000,0
894,25.841675,25.841675,1,1102.078979,787.701782,118.869156,84.960739,10,1,503.833038,364.192078,54.342941,39.281399,123,0,0.000000,0.000000,0.000000,0.000000,0,0,0.000000,0.000000,0.000000,0.000000,0
896,25.875000,25.875000,1,1087.765747,803.751465,117.325348,86.691849,20,1,518.733154,339.538544,55.950050,36.622295,128,0,0.000000,0.000000,0.000000,0.000000,0,0,0.000000,0.000000,0.000000,0.000000,0
900,25.908325,25.908325,1,1070.053345,821.946655,115.414909,88.654366,2,1,536.727051,317.214478,57.890858,34.214443,127,0,0.000000,0.000000,0.000000,0.000000,0,0,0.000000,0.000000,0.000000,0.000000,0
903,25.941650,25.941650,1,1046.692749,840.591919,112.895248,90.665428,5,1,555.726807,295.212769,59.940151,31.841360,123,0,0.000000,0.000000,0.000000,0.000000,0,0,0.000000,0.000000,0.000000,0.000000,0
907,25.975098,25.975098,0,0.000000,0.000000,0.000000,0.000000,0,1,577.328552,274.773956,62.270096,29.636850,119,0,0.000000,0.000000,0.000000,0.000000,0,0,0.000000,0.000000,0.000000,0.000000,0
909,26.008423,26.008423,0,0.000000,0.000000,0.000000,0.000000,0,1,602.198608,255.770035,64.952553,27.587107,126,0,0.000000,0.000000,0.000000,0.000000,0,0,0.000000,0.000000,0.000000,0.000000,0
912,26.041748,26.041748,0,0.000000,0.000000,0.000000,0.000000,0,1,629.614075,238.010803,67.909561,25.671614,131,0,0.000000,0.000000,0.000000,0.000000,0,0,0.000000,0.000000,0.000000,0.000000,0
914,26.075073,26.075073,1,923.998291,811.946106,99.661552,87.575714,8,1,659.263306,223.412003,71.107491,24.097000,116,0,0.000000,0.000000,0.000000,0.000000,0,0,0.000000,0.000000,0.000000,0.000000,0
918,26.108398,26.108398,1,937.000000,945.962952,101.063904,102.030640,2,1,689.694153,211.530609,74.389740,22.815485,117,0,0.000000,0.000000,0.000000,0.000000,0,0,0.000000,0.000000,0.000000,0.000000,0
921,26.141724,26.141724,1,947.000000,900.003784,102.142494,97.073524,4,1,721.042236,202.279343,77.770912,21.817652,114,0,0.000000,0.000000,0.000000,0.000000,0,0,0.000000,0.000000,0.000000,0.000000,0
923,26.175049,26.175049,1,931.601013,926.359619,100.481575,99.916245,6,1,753.168213,195.896713,81.235985,21.129229,102,0,0.000000,0.000000,0.000000,0.000000,0,0,0.000000,0.000000,0.000000,0.000000,0
927,26.208374,26.208374,1,949.000000,901.000000,102.358215,97.180977,1,1,787.905029,193.391037,84.982666,20.858969,109,0,0.000000,0.000000,0.000000,0.000000,0,0,0.000000,0.000000,0.000000,0.000000,0
930,26.241699,26.241699,1,995.340576,1001.236328,107.356468,107.992371,23,1,821.494751,194.517822,88.605621,20.980501,78,0,0.000000,0.000000,0.000000,0.000000,0,0,0.000000,0.000000,0.000000,0.000000,0
932,26.275146,26.275146,0,0.000000,0.000000,0.000000,0.000000,0,1,856.360413,200.141464,92.366196,21.587063,94,0,0.000000,0.000000,0.000000,0.000000,0,0,0.000000,0.000000,0.000000,0.000000,0
936,26.308472,26.308472,1,925.987793,956.019226,99.876137,103.115295,8,1,890.386719,209.250381,96.036240,22.569542,71,0,0.000000,0.000000,0.000000,0.000000,0,0,0.000000,0.000000,0.000000,0.000000,0
939,26.341797,26.341797,0,0.000000,0.000000,0.000000,0.000000,0,1,922.930054,222.995407,99.546333,24.052067,63,0,0.000000,0.000000,0.000000,0.000000,0,0,0.000000,0.000000,0.000000,0.000000,0
941,26.375122,26.375122,0,0.000000,0.000000,0.000000,0.000000,0,1,954.038940,239.808640,102.901711,25.865526,59,0,0.000000,0.000000,0.000000,0.000000,0,0,0.000000,0.000000,0.000000,0.000000,0
945,26.408447,26.408447,0,0.000000,0.000000,0.000000,0.000000,0,1,985.239990,263.033417,106.267021,28.370527,64,0,0.000000,0.000000,0.000000,0.000000,0,0,0.000000,0.000000,0.000000,0.000000,0
947,26.441772,26.441772,0,0.000000,0.000000,0.000000,0.000000,0,1,1011.462769,286.425415,109.095383,30.893566,76,0,0.000000,0.000000,0.000000,0.000000,0,0,0.000000,0.000000,0.000000,0.000000,0
952,26.475098,26.475098,0,0.000000,0.000000,0.000000,0.000000,0,1,1036.942139,317.834839,111.843559,34.281357,82,0,0.000000,0.000000,0.000000,0.000000,0,0,0.000000,0.000000,0.000000,0.000000,0
954,26.508423,26.508423,0,0.000000,0.000000,0.000000,0.000000,0,1,1056.818237,350.155121,113.987389,37.767391,76,0,0.000000,0.000000,0.000000,0.000000,0,0,0.000000,0.000000,0.000000,0.000000,0
957,26.541748,26.541748,0,0.000000,0.000000,0.000000,0.000000,0,1,1073.790161,388.869049,115.817955,41.943035,84,0,0.000000,0.000000,0.000000,0.000000,0,0,0.000000,0.000000,0.000000,0.000000,0
959,26.575195,26.575195,0,0.000000,0.000000,0.000000,0.000000,0,1,1085.312500,426.458313,117.060753,45.997375,63,0,0.000000,0.000000,0.000000,0.000000,0,0,0.000000,0.000000,0.000000,0.000000,0
963,26.608521,26.608521,0,0.000000,0.000000,0.000000,0.000000,0,1,1093.014404,468.512177,117.891457,50.533264,63,0,0.000000,0.000000,0.000000,0.000000,0,0,0.000000,0.000000,0.000000,0.000000,0
966,26.641846,26.641846,1,837.164551,512.370789,90.295753,55.263813,129,1,1094.503052,510.855652,118.052032,55.100391,53,0,0.000000,0.000000,0.000000,0.000000,0,0,0.000000,0.000000,0.000000,0.000000,0
968,26.675171,26.675171,1,838.036011,513.166260,90.389748,55.349613,114,1,1092.218628,553.990417,117.805641,59.752865,55,0,0.000000,0.000000,0.000000,0.000000,0,0,0.000000,0.000000,0.000000,0.000000,0
972,26.708496,26.708496,1,834.537109,510.941254,90.012360,55.109627,132,1,1086.051025,594.162415,117.140396,64.085777,74,0,0.000000,0.000000,0.000000,0.000000,0,0,0.000000,0.000000,0.000000,0.000000,0
974,26.741821,26.741821,1,833.827332,511.314056,89.935799,55.149834,126,1,1075.382446,635.060120,115.989700,68.496964,94,0,0.000000,0.000000,0.000000,0.000000,0,0,0.000000,0.000000,0.000000,0.000000,0
979,26.775146,26.775146,1,833.103882,512.314270,89.857765,55.257717,123,1,1056.714600,672.951843,113.976204,72.583931,120,0,0.000000,0.000000,0.000000,0.000000,0,0,0.000000,0.000000,0.000000,0.000000,0
981,26.808472,26.808472,1,832.261108,511.506714,89.766876,55.170616,137,1,1033.995850,706.101501,111.525787,76.159416,114,0,0.000000,0.000000,0.000000,0.000000,0,0,0.000000,0.000000,0.000000,0.000000,0
985,26.841797,26.841797,1,832.047974,510.098267,89.743881,55.018703,122,1,1007.223206,734.728699,108.638115,79.247124,118,0,0.000000,0.000000,0.000000,0.000000,0,0,0.000000,0.000000,0.000000,0.000000,0
987,26.875122,26.875122,1,831.374573,508.596375,89.671249,54.856709,122,1,974.411194,759.935303,105.099037,81.965881,122,0,0.000000,0.000000,0.000000,0.000000,0,0,0.000000,0.000000,0.000000,0.000000,0
990,26.908569,26.908569,1,827.882690,505.405975,89.294617,54.512596,136,1,940.786438,779.633118,101.472305,84.090469,121,0,0.000000,0.000000,0.000000,0.000000,0,0,0.000000,0.000000,0.000000,0.000000,0
992,26.941895,26.941895,1,826.013000,506.247803,89.092957,54.603394,125,1,904.073792,795.101746,97.512512,85.758904,131,0,0.000000,0.000000,0.000000,0.000000,0,0,0.000000,0.000000,0.000000,0.000000,0
996,26.975220,26.975220,1,824.356934,502.560364,88.914330,54.205669,151,1,866.711060,806.079529,93.482613,86.942955,142,0,0.000000,0.000000,0.000000,0.000000,0,0,0.000000,0.000000,0.000000,0.000000,0
998,27.008545,27.008545,1,824.920959,501.452393,88.975174,54.086166,152,1,829.446594,813.164429,89.463303,87.707115,135,0,0.000000,0.000000,0.000000,0.000000,0,0,0.000000,0.000000,0.000000,0.000000,0
1003,27.041870,27.041870,1,822.880798,502.540985,88.755119,54.203579,152,1,792.481628,816.120911,85.476295,88.026009,140,0,0.000000,0.000000,0.000000,0.000000,0,0,0.000000,0.000000,0.000000,0.000000,0
1005,27.075195,27.075195,1,826.180664,495.011780,89.111038,53.391487,152,1,755.397461,815.434387,81.476433,87.951958,138,0,0.000000,0.000000,0.000000,0.000000,0,0,0.000000,0.000000,0.000000,0.000000,0
1008,27.108521,27.108521,1,826.668457,496.359070,89.163651,53.536804,158,1,719.557861,808.668945,77.610809,87.222244,157,0,0.000000,0.000000,0.000000,0.000000,0,0,0.000000,0.000000,0.000000,0.000000,0
1011,27.141846,27.141846,1,829.273743,493.531647,89.444656,53.231842,168,1,685.720703,797.899963,73.961166,86.060707,156,0,0.000000,0.000000,0.000000,0.000000,0,0,0.000000,0.000000,0.000000,0.000000,0
1014,27.175171,27.175171,1,835.104919,497.288910,90.073601,53.637096,150,1,654.028320,783.488892,70.542854,84.506348,159,0,0.000000,0.000000,0.000000,0.000000,0,0,0.000000,0.000000,0.000000,0.000000,0
1016,27.208618,27.208618,1,835.832825,504.990082,90.152107,54.467735,142,1,623.320862,765.524475,67.230782,82.568726,166,0,0.000000,0.000000,0.000000,0.000000,0,0,0.000000,0.000000,0.000000,0.000000,0
1020,27.241943,27.241943,1,836.595154,505.821106,90.234337,54.557373,149,1,595.135437,744.544434,64.190727,80.305840,166,0,0.000000,0.000000,0.000000,0.000000,0,0,0.000000,0.000000,0.000000,0.000000,0
1022,27.275269,27.275269,1,835.981262,509.243134,90.168121,54.926468,164,1,569.175720,720.102356,61.390739,77.669540,156,0,0.000000,0.000000,0.000000,0.000000,0,0,0.000000,0.000000,0.000000,0.000000,0
1027,27.308594,27.308594,1,836.809082,516.907227,90.257408,55.753105,144,1,546.513367,694.309814,58.946400,74.887581,154,0,0.000000,0.000000,0.000000,0.000000,0,0,0.000000,0.000000,0.000000,0.000000,0
1029,27.341919,27.341919,1,839.908203,518.334900,90.591675,55.907093,164,1,526.707092,666.146118,56.810112,71.849876,141,0,0.000000,0.000000,0.000000,0.000000,0,0,0.000000,0.000000,0.000000,0.000000,0
1032,28.531128,28.531128,1,843.683716,521.874146,90.998901,56.288837,154,1,510.730164,635.775085,55.086857,68.574074,141,0,0.000000,0.000000,0.000000,0.000000,0,0,0.000000,0.000000,0.000000,0.000000,0
1034,28.564453,28.564453,1,842.153870,524.665100,90.833893,56.589863,152,1,499.275970,606.298218,53.851418,65.394730,137,0,0.000000,0.000000,0.000000,0.000000,0,0,0.000000,0.000000,0.000000,0.000000,0
1038,28.597778,28.597778,1,840.136475,526.633179,90.616302,56.802143,156,1,491.947205,575.984619,53.060947,62.125137,151,0,0.000000,0.000000,0.000000,0.000000,0,0,0.000000,0.000000,0.000000,0.000000,0
1041,28.631226,28.631226,1,838.080139,526.621887,90.394501,56.800922,158,1,486.546692,544.828857,52.478451,58.764706,159,0,0.000000,0.000000,0.000000,0.000000,0,0,0.000000,0.000000,0.000000,0.000000,0
1043,28.664551,28.664551,1,836.620239,527.707397,90.237038,56.918003,159,1,485.261932,514.854248,52.339878,55.531673,148,0,0.000000,0.000000,0.000000,0.000000,0,0,0.000000,0.000000,0.000000,0.000000,0
1047,28.697876,28.697876,1,835.476440,529.220032,90.113670,57.081154,165,1,487.509216,483.970947,52.582268,52.200634,153,0,0.000000,0.000000,0.000000,0.000000,0,0,0.000000,0.000000,0.000000,0.000000,0
1050,28.731201,28.731201,1,833.791321,532.042236,89.931923,57.385559,161,1,494.024384,452.740356,53.284988,48.832134,157,0,0.000000,0.000000,0.000000,0.000000,0,0,0.000000,0.000000,0.000000,0.000000,0
1052,28.764526,28.764526,1,832.317383,535.506531,89.772942,57.759209,160,1,504.298553,421.716949,54.393150,45.485981,156,0,0.000000,0.000000,0.000000,0.000000,0,0,0.000000,0.000000,0.000000,0.000000,0
1056,28.797852,28.797852,1,832.493042,536.001587,89.791885,57.812607,156,1,518.354797,391.596619,55.909241,42.237228,144,0,0.000000,0.000000,0.000000,0.000000,0,0,0.000000,0.000000,0.000000,0.000000,0
1059,28.831177,28.831177,1,832.206177,534.162048,89.760948,57.614193,150,1,534.218323,361.982941,57.620266,39.043125,143,0,0.000000,0.000000,0.000000,0.000000,0,0,0.000000,0.000000,0.000000,0.000000,0
1062,28.864502,28.864502,1,832.600891,533.610474,89.803520,57.554707,150,1,554.181641,335.244965,59.773491,36.159195,137,0,0.000000,0.000000,0.000000,0.000000,0,0,0.000000,0.000000,0.000000,0.000000,0
1064,28.897827,28.897827,1,833.369629,532.335876,89.886429,57.417229,154,1,576.711975,310.420044,62.203594,33.481606,139,0,0.000000,0.000000,0.000000,0.000000,0,0,0.000000,0.000000,0.000000,0.000000,0
1068,28.931152,28.931152,1,833.670959,530.896057,89.918938,57.261932,141,1,602.353088,288.091949,64.969215,31.073317,135,0,0.000000,0.000000,0.000000,0.000000,0,0,0.000000,0.000000,0.000000,0.000000,0
1071,28.964600,28.964600,1,834.108032,533.809082,89.966072,57.576126,149,1,630.777039,268.022797,68.034996,28.908676,137,0,0.000000,0.000000,0.000000,0.000000,0,0,0.000000,0.000000,0.000000,0.000000,0
1073,28.997925,28.997925,1,836.195251,533.903625,90.191200,57.586323,145,1,662.271240,250.815506,71.431931,27.052715,132,0,0.000000,0.000000,0.000000,0.000000,0,0,0.000000,0.000000,0.000000,0.000000,0
1077,29.031250,29.031250,1,834.827148,531.638611,90.043640,57.342026,143,1,695.300049,236.272171,74.994385,25.484087,138,0,0.000000,0.000000,0.000000,0.000000,0,0,0.000000,0.000000,0.000000,0.000000,0
1080,29.064575,29.064575,1,831.497925,530.177673,89.684555,57.184444,144,1,730.733643,226.648071,78.816216,24.446039,145,0,0.000000,0.000000,0.000000,0.000000,0,0,0.000000,0.000000,0.000000,0.000000,0
1082,29.097900,29.097900,1,830.236084,529.523987,89.548454,57.113941,133,1,767.066345,221.832108,82.735023,23.926596,145,0,0.000000,0.000000,0.000000,0.000000,0,0,0.000000,0.000000,0.000000,0.000000,0
1086,29.131226,29.131226,1,829.929504,527.531250,89.515388,56.899006,140,1,804.183044,220.596176,86.738396,23.793287,151,0,0.000000,0.000000,0.000000,0.000000,0,0,0.000000,0.000000,0.000000,0.000000,0
1089,29.164551,29.164551,1,829.776611,527.046509,89.498894,56.846722,136,1,842.002625,225.730637,90.817581,24.347086,134,0,0.000000,0.000000,0.000000,0.000000,0,0,0.000000,0.000000,0.000000,0.000000,0
1091,29.197876,29.197876,1,829.007507,526.887939,89.415939,56.829617,141,1,880.491272,234.602951,94.968925,25.304045,136,0,0.000000,0.000000,0.000000,0.000000,0,0,0.000000,0.000000,0.000000,0.000000,0
1095,29.231201,29.231201,1,827.463928,524.582703,89.249451,56.580978,143,1,918.639404,249.160019,99.083549,26.874157,107,0,0.000000,0.000000,0.000000,0.000000,0,0,0.000000,0.000000,0.000000,0.000000,0
1097,29.264648,29.264648,1,825.768799,522.873596,89.066620,56.396633,140,1,954.144104,268.904572,102.913055,29.003784,125,0,0.000000,0.000000,0.000000,0.000000,0,0,0.000000,0.000000,0.000000,0.000000,0
1102,29.297974,29.297974,1,823.310974,520.240479,88.801514,56.112629,150,1,985.982605,293.582031,106.347122,31.665472,113,0,0.000000,0.000000,0.000000,0.000000,0,0,0.000000,0.000000,0.000000,0.000000,0
1104,29.331299,29.331299,1,822.682007,514.411316,88.733681,55.483898,150,1,1015.698364,324.346832,109.552231,34.983734,119,0,0.000000,0.000000,0.000000,0.000000,0,0,0.000000,0.000000,0.000000,0.000000,0
1107,29.364624,29.364624,1,821.221680,509.911743,88.576172,54.998585,143,1,1040.183228,357.780151,112.193153,38.589817,120,0,0.000000,0.000000,0.000000,0.000000,0,0,0.000000,0.000000,0.000000,0.000000,0
1109,29.397949,29.397949,1,822.041443,506.520844,88.664589,54.632843,146,1,1059.220093,394.884521,114.246437,42.591858,129,0,0.000000,0.000000,0.000000,0.000000,0,0,0.000000,0.000000,0.000000,0.000000,0
1113,29.431274,29.431274,1,825.253174,503.576141,89.011002,54.315231,145,1,1072.978882,437.924255,115.730453,47.234081,112,0,0.000000,0.000000,0.000000,0.000000,0,0,0.000000,0.000000,0.000000,0.000000,0
1117,29.464600,29.464600,1,828.946533,501.697876,89.409363,54.112644,143,1,1079.549438,478.955078,116.439148,51.659630,118,0,0.000000,0.000000,0.000000,0.000000,0,0,0.000000,0.000000,0.000000,0.000000,0
1119,29.497925,29.497925,1,831.563477,500.562195,89.691628,53.990150,142,1,1081.028809,521.708557,116.598709,56.270977,109,0,0.000000,0.000000,0.000000,0.000000,0,0,0.000000,0.000000,0.000000,0.000000,0
1121,29.531250,29.531250,1,835.949036,499.739929,90.164650,53.901459,130,1,1076.038574,563.722412,116.060471,60.802547,112,0,0.000000,0.000000,0.000000,0.000000,0,0,0.000000,0.000000,0.000000,0.000000,0
1126,29.564697,29.564697,1,837.230042,499.366150,90.302811,53.861145,141,1,1064.515015,607.831970,114.817551,65.560165,121,0,0.000000,0.000000,0.000000,0.000000,0,0,0.000000,0.000000,0.000000,0.000000,0
1128,29.598022,29.598022,1,839.013123,500.825623,90.495140,54.018562,136,1,1048.218140,645.977234,113.059784,69.674477,132,0,0.000000,0.000000,0.000000,0.000000,0,0,0.000000,0.000000,0.000000,0.000000,0
1132,29.631348,29.631348,1,840.012024,503.272919,90.602875,54.282524,142,1,1026.046387,681.119568,110.668365,73.464897,137,0,0.000000,0.000000,0.000000,0.000000,0,0,0.000000,0.000000,0.000000,0.000000,0
1134,29.664673,29.664673,1,841.700500,505.077576,90.784996,54.477173,150,1,999.592041,711.681030,107.815025,76.761223,147,0,0.000000,0.000000,0.000000,0.000000,0,0,0.000000,0.000000,0.000000,0.000000,0
1137,29.697998,29.697998,1,844.052368,506.648315,91.038666,54.646591,143,1,970.015625,739.534241,104.624939,79.765434,136,0,0.000000,0.000000,0.000000,0.000000,0,0,0.000000,0.000000,0.000000,0.000000,0
1139,29.731323,29.731323,1,846.487244,507.641876,91.301292,54.753757,138,1,937.384155,761.610474,101.105339,82.146561,139,0,0.000000,0.000000,0.000000,0.000000,0,0,0.000000,0.000000,0.000000,0.000000,0
1143,29.764648,29.764648,1,847.858032,508.329620,91.449142,54.827938,144,1,903.568542,778.342590,97.458023,83.951271,129,0,0.000000,0.000000,0.000000,0.000000,0,0,0.000000,0.000000,0.000000,0.000000,0
1145,29.797974,29.797974,1,849.885986,508.199554,91.667870,54.813908,137,1,867.024475,789.917175,93.516418,85.199692,135,0,0.000000,0.000000,0.000000,0.000000,0,0,0.000000,0.000000,0.000000,0.000000,0
1150,29.831299,29.831299,1,850.595520,507.353027,91.744408,54.722603,140,1,829.362366,796.757019,89.454216,85.937431,158,0,0.000000,0.000000,0.000000,0.000000,0,0,0.000000,0.000000,0.000000,0.000000,0
1152,29.864624,29.864624,1,849.713684,506.062042,91.649292,54.583355,147,1,790.434204,798.396362,85.255463,86.114250,151,0,0.000000,0.000000,0.000000,0.000000,0,0,0.000000,0.000000,0.000000,0.000000,0
1155,29.898071,29.898071,1,851.764893,508.022919,91.870529,54.794857,135,1,753.135193,794.034302,81.232430,85.643761,156,0,0.000000,0.000000,0.000000,0.000000,0,0,0.000000,0.000000,0.000000,0.000000,0
1157,29.931396,29.931396,1,853.159424,508.438507,92.020943,54.839680,140,1,719.072021,784.476990,77.558411,84.612923,159,0,0.000000,0.000000,0.000000,0.000000,0,0,0.000000,0.000000,0.000000,0.000000,0
1161,29.964722,29.964722,1,855.194397,509.319824,92.240433,54.934742,136,1,685.956970,770.999573,73.986649,83.159264,155,0,0.000000,0.000000,0.000000,0.000000,0,0,0.000000,0.000000,0.000000,0.000000,0
1163,29.998047,29.998047,1,858.723877,512.258118,92.621117,55.251659,129,1,655.574036,754.203064,70.709579,81.347603,150,0,0.000000,0.000000,0.000000,0.000000,0,0,0.000000,0.000000,0.000000,0.000000,0
1166,30.031372,30.031372,1,860.938232,513.600952,92.859955,55.396496,143,1,626.901489,732.727844,67.616989,79.031311,156,0,0.000000,0.000000,0.000000,0.000000,0,0,0.000000,0.000000,0.000000,0.000000,0
1170,30.064697,30.064697,1,862.087402,516.438049,92.983910,55.702503,142,1,602.166077,708.377258,64.949043,76.404877,157,0,0.000000,0.000000,0.000000,0.000000,0,0,0.000000,0.000000,0.000000,0.000000,0
1172,30.098022,30.098022,1,862.938599,518.682861,93.075714,55.944626,135,1,579.825623,682.070312,62.539425,73.567436,150,0,0.000000,0.000000,0.000000,0.000000,0,0,0.000000,0.000000,0.000000,0.000000,0
1177,30.131348,30.131348,1,864.017761,520.492676,93.192116,56.139828,141,1,562.656677,652.273560,60.687603,70.353592,142,0,0.000000,0.000000,0.000000,0.000000,0,0,0.000000,0.000000,0.000000,0.000000,0
1179,30.164673,30.164673,1,863.457886,522.551331,93.131721,56.361877,121,1,548.384949,622.387329,59.148266,67.130089,148,0,0.000000,0.000000,0.000000,0.000000,0,0,0.000000,0.000000,0.000000,0.000000,0
1182,30.198120,30.198120,1,862.655212,525.215576,93.045151,56.649242,130,1,538.828857,590.681702,58.117554,63.710354,146,0,0.000000,0.000000,0.000000,0.000000,0,0,0.000000,0.000000,0.000000,0.000000,0
1184,30.231445,30.231445,1,862.597290,527.678101,93.038902,56.914845,134,1,533.603394,558.489563,57.553944,60.238140,155,0,0.000000,0.000000,0.000000,0.000000,0,0,0.000000,0.000000,0.000000,0.000000,0
1188,30.264771,30.264771,1,863.117126,529.673706,93.094971,57.130089,139,1,531.344788,525.117371,57.310329,56.638649,148,0,0.000000,0.000000,0.000000,0.000000,0,0,0.000000,0.000000,0.000000,0.000000,0
1190,30.298096,30.298096,1,862.138977,531.303894,92.989464,57.305920,146,1,532.770752,491.494385,57.464134,53.012104,136,0,0.000000,0.000000,0.000000,0.000000,0,0,0.000000,0.000000,0.000000,0.000000,0
1193,30.331421,30.331421,1,861.211975,535.362915,92.889481,57.743725,131,1,538.369934,456.532532,58.068054,49.241154,139,0,0.000000,0.000000,0.000000,0.000000,0,0,0.000000,0.000000,0.000000,0.000000,0
1197,30.364746,30.364746,1,861.809448,541.182495,92.953926,58.371418,113,1,548.574097,423.501251,59.168667,45.678432,136,0,0.000000,0.000000,0.000000,0.000000,0,0,0.000000,0.000000,0.000000,0.000000,0
1200,30.398071,30.398071,1,859.953552,541.077759,92.753746,58.360115,136,1,562.379150,392.789856,60.657665,42.365929,126,0,0.000000,0.000000,0.000000,0.000000,0,0,0.000000,0.000000,0.000000,0.000000,0
1203,30.431396,30.431396,1,855.591248,540.586060,92.283241,58.307083,127,1,580.909485,361.634644,62.656330,39.005558,122,0,0.000000,0.000000,0.000000,0.000000,0,0,0.000000,0.000000,0.000000,0.000000,0
1206,30.464722,30.464722,1,854.887512,542.206360,92.207329,58.481850,130,1,603.215698,334.924194,65.062256,36.124596,100,0,0.000000,0.000000,0.000000,0.000000,0,0,0.000000,0.000000,0.000000,0.000000,0
1208,30.498169,30.498169,1,852.925171,543.973816,91.995674,58.672485,139,1,627.090332,309.741760,67.637352,33.408443,116,0,0.000000,0.000000,0.000000,0.000000,0,0,0.000000,0.000000,0.000000,0.000000,0
1211,30.531494,30.531494,1,849.778931,545.858093,91.656326,58.875721,132,1,655.215698,286.870575,70.670929,30.941580,103,0,0.000000,0.000000,0.000000,0.000000,0,0,0.000000,0.000000,0.000000,0.000000,0
1215,30.564819,30.564819,1,844.782043,545.994324,91.117371,58.890415,140,1,684.835876,268.442139,73.865730,28.953909,115,0,0.000000,0.000000,0.000000,0.000000,0,0,0.000000,0.000000,0.000000,0.000000,0
1217,30.598145,30.598145,1,838.046814,549.138916,90.390907,59.229591,151,1,717.892517,253.922882,77.431190,27.387875,121,0,0.000000,0.000000,0.000000,0.000000,0,0,0.000000,0.000000,0.000000,0.000000,0
1220,30.631470,30.631470,1,832.590881,548.889709,89.802437,59.202705,142,1,751.747070,242.968826,81.082703,26.206381,118,0,0.000000,0.000000,0.000000,0.000000,0,0,0.000000,0.000000,0.000000,0.000000,0
1222,30.664795,30.664795,1,825.322693,548.454651,89.018501,59.155781,167,1,787.613464,237.700348,84.951218,25.638128,123,0,0.000000,0.000000,0.000000,0.000000,0,0,0.000000,0.000000,0.000000,0.000000,0
1227,30.698120,30.698120,1,824.025146,548.680664,88.878548,59.180161,154,1,823.333008,235.793137,88.803894,25.432417,134,0,0.000000,0.000000,0.000000,0.000000,0,0,0.000000,0.000000,0.000000,0.000000,0
1229,30.731445,30.731445,1,823.852478,550.253540,88.859924,59.349808,152,1,859.558960,239.943390,92.711197,25.880060,116,0,0.000000,0.000000,0.000000,0.000000,0,0,0.000000,0.000000,0.000000,0.000000,0
1233,30.764771,30.764771,1,823.534790,544.889282,88.825661,58.771229,156,1,893.526062,245.286743,96.374847,26.456388,114,0,0.000000,0.000000,0.000000,0.000000,0,0,0.000000,0.000000,0.000000,0.000000,0
1235,30.798096,30.798096,1,822.262451,547.302124,88.688431,59.031471,146,1,928.609192,256.740479,100.158882,27.691778,110,0,0.000000,0.000000,0.000000,0.000000,0,0,0.000000,0.000000,0.000000,0.000000,0
1238,31.971313,31.971313,1,817.550903,549.039978,88.180244,59.218914,156,1,960.265808,271.368469,103.573334,29.269537,96,0,0.000000,0.000000,0.000000,0.000000,0,0,0.000000,0.000000,0.000000,0.000000,0
1242,32.004639,32.004639,1,817.763184,546.456421,88.203133,58.940258,141,1,989.718262,289.295807,106.750046,31.203163,104,0,0.000000,0.000000,0.000000,0.000000,0,0,0.000000,0.000000,0.000000,0.000000,0
1245,32.037964,32.037964,1,818.040283,546.451294,88.233025,58.939701,144,1,1018.364807,311.937775,109.839836,33.645302,93,0,0.000000,0.000000,0.000000,0.000000,0,0,0.000000,0.000000,0.000000,0.000000,0
1247,32.071289,32.071289,1,816.557861,547.743408,88.073135,59.079071,145,1,1044.105469,335.919006,112.616196,36.231899,98,0,0.000000,0.000000,0.000000,0.000000,0,0,0.000000,0.000000,0.000000,0.000000,0
1251,32.104614,32.104614,1,818.178833,553.341309,88.247971,59.682854,146,1,1066.122070,362.593719,114.990883,39.109005,92,0,0.000000,0.000000,0.000000,0.000000,0,0,0.000000,0.000000,0.000000,0.000000,0
1253,32.138062,32.138062,1,817.915833,557.434570,88.219604,60.124352,136,1,1084.293823,392.425629,116.950867,42.326645,96,0,0.000000,0.000000,0.000000,0.000000,0,0,0.000000,0.000000,0.000000,0.000000,0
1256,32.171387,32.171387,1,813.262085,560.255371,87.717651,60.428596,123,1,1099.915527,423.120850,118.635818,45.637402,77,0,0.000000,0.000000,0.000000,0.000000,0,0,0.000000,0.000000,0.000000,0.000000,0
1260,32.204712,32.204712,0,0.000000,0.000000,0.000000,0.000000,0,1,1103.000000,447.000000,118.968506,48.212982,1,0,0.000000,0.000000,0.000000,0.000000,0,0,0.000000,0.000000,0.000000,0.000000,0
1262,32.238037,32.238037,0,0.000000,0.000000,0.000000,0.000000,0,1,1119.088501,489.519684,120.703796,52.799114,73,0,0.000000,0.000000,0.000000,0.000000,0,0,0.000000,0.000000,0.000000,0.000000,0
1265,32.271362,32.271362,1,818.405884,546.420349,88.272461,58.936363,20,1,1123.416626,526.337769,121.170624,56.770279,43,0,0.000000,0.000000,0.000000,0.000000,0,0,0.000000,0.000000,0.000000,0.000000,0
1269,32.304688,32.304688,1,818.737488,549.477844,88.308228,59.266140,122,1,1122.195923,564.479736,121.038963,60.884235,59,0,0.000000,0.000000,0.000000,0.000000,0,0,0.000000,0.000000,0.000000,0.000000,0
1271,32.338013,32.338013,1,822.363098,547.235535,88.699280,59.024292,126,1,1116.912231,602.431885,120.469063,64.977715,72,0,0.000000,0.000000,0.000000,0.000000,0,0,0.000000,0.000000,0.000000,0.000000,0
1275,32.371338,32.371338,1,821.515198,544.668335,88.607826,58.747398,118,1,1112.006470,621.000000,119.939934,66.980453,2,0,0.000000,0.000000,0.000000,0.000000,0,0,0.000000,0.000000,0.000000,0.000000,0
1278,32.404663,32.404663,1,819.196899,539.186829,88.357780,58.156162,134,1,1092.758789,672.944031,117.863899,72.583084,87,0,0.000000,0.000000,0.000000,0.000000,0,0,0.000000,0.000000,0.000000,0.000000,0
1280,32.437988,32.437988,1,818.682556,535.635620,88.302299,57.773136,119,1,1072.385498,704.743896,115.666451,76.012993,91,0,0.000000,0.000000,0.000000,0.000000,0,0,0.000000,0.000000,0.000000,0.000000,0
1284,32.471436,32.471436,1,818.743408,531.167236,88.308868,57.291180,141,1,1049.606079,734.552734,113.209496,79.228142,84,0,0.000000,0.000000,0.000000,0.000000,0,0,0.000000,0.000000,0.000000,0.000000,0
1286,32.504761,32.504761,1,815.657593,527.982178,87.976028,56.947643,146,1,1021.889771,763.596069,110.220032,82.360725,100,0,0.000000,0.000000,0.000000,0.000000,0,0,0.000000,0.000000,0.000000,0.000000,0
1289,32.538086,32.538086,1,811.116943,527.405579,87.486282,56.885452,133,1,994.097778,787.278320,107.222412,84.915070,99,0,0.000000,0.000000,0.000000,0.000000,0,0,0.000000,0.000000,0.000000,0.000000,0
1293,32.571411,32.571411,1,809.713989,529.362183,87.334961,57.096489,130,1,961.853027,806.863831,103.744530,87.027550,97,0,0.000000,0.000000,0.000000,0.000000,0,0,0.000000,0.000000,0.000000,0.000000,0
1295,32.604736,32.604736,1,807.906006,528.149292,87.139954,56.965668,127,1,926.715271,823.434326,99.954605,88.814827,102,0,0.000000,0.000000,0.000000,0.000000,0,0,0.000000,0.000000,0.000000,0.000000,0
1298,32.638062,32.638062,1,809.099060,525.704285,87.268639,56.701950,136,1,890.346252,835.935486,96.031876,90.163185,108,0,0.000000,0.000000,0.000000,0.000000,0,0,0.000000,0.000000,0.000000,0.000000,0
1302,32.671387,32.671387,1,811.608154,525.378906,87.539268,56.666855,130,1,853.274475,844.107361,92.033348,91.044594,113,0,0.000000,0.000000,0.000000,0.000000,0,0,0.000000,0.000000,0.000000,0.000000,0
1304,32.704712,32.704712,1,811.362610,527.554688,87.512779,56.901531,137,1,817.251465,847.333801,88.147949,91.392593,116,0,0.000000,0.000000,0.000000,0.000000,0,0,0.000000,0.000000,0.000000,0.000000,0
1308,32.738037,32.738037,1,810.746399,529.563477,87.446312,57.118202,134,1,779.000549,846.544373,84.022240,91.307449,112,0,0.000000,0.000000,0.000000,0.000000,0,0,0.000000,0.000000,0.000000,0.000000,0
1310,32.771484,32.771484,1,809.311890,528.891907,87.291588,57.045765,149,1,743.096375,841.138977,80.149651,90.724434,112,0,0.000000,0.000000,0.000000,0.000000,0,0,0.000000,0.000000,0.000000,0.000000,0
1313,32.804810,32.804810,1,808.994507,526.427490,87.257355,56.779957,154,1,707.274780,830.779846,76.285965,89.607101,120,0,0.000000,0.000000,0.000000,0.000000,0,0,0.000000,0.000000,0.000000,0.000000,0
1317,32.838135,32.838135,1,807.943848,520.053955,87.144035,56.092510,146,1,674.340637,816.470154,72.733727,88.063675,103,0,0.000000,0.000000,0.000000,0.000000,0,0,0.000000,0.000000,0.000000,0.000000,0
1319,32.871460,32.871460,1,810.954468,516.985718,87.468758,55.761574,142,1,643.312256,796.864563,69.387032,85.949036,109,0,0.000000,0.000000,0.000000,0.000000,0,0,0.000000,0.000000,0.000000,0.000000,0
1322,32.904785,32.904785,1,810.896362,518.724426,87.462494,55.949108,141,1,628.335693,782.152588,67.771675,84.362213,106,0,0.000000,0.000000,0.000000,0.000000,0,0,0.000000,0.000000,0.000000,0.000000,0
1324,32.938110,32.938110,1,809.247192,520.185364,87.284607,56.106686,131,1,624.260742,765.156311,67.332153,82.529007,98,0,0.000000,0.000000,0.000000,0.000000,0,0,0.000000,0.000000,0.000000,0.000000,0
1329,32.971436,32.971436,1,807.749756,521.110657,87.123100,56.206486,146,1,624.497559,752.404541,67.357697,81.153618,89,0,0.000000,0.000000,0.000000,0.000000,0,0,0.000000,0.000000,0.000000,0.000000,0
1331,33.004761,33.004761,1,807.484253,515.821777,87.094467,55.636032,159,1,606.860596,746.897156,65.455391,80.559593,79,0,0.000000,0.000000,0.000000,0.000000,0,0,0.000000,0.000000,0.000000,0.000000,0
1335,33.038086,33.038086,1,811.876526,513.538818,87.568207,55.389797,146,1,583.306580,723.552307,62.914879,78.041649,11,0,0.000000,0.000000,0.000000,0.000000,0,0,0.000000,0.000000,0.000000,0.000000,0
1337,33.071533,33.071533,1,817.798706,513.274841,88.206970,55.361324,143,0,0.000000,0.000000,0.000000,0.000000,0,0,0.000000,0.000000,0.000000,0.000000,0,0,0.000000,0.000000,0.000000,0.000000,0
1340,33.104858,33.104858,1,821.420776,514.584595,88.597641,55.502594,141,1,512.000000,631.000000,55.223820,68.059044,2,0,0.000000,0.000000,0.000000,0.000000,0,0,0.000000,0.000000,0.000000,0.000000,0
1342,33.138184,33.138184,1,822.146912,513.417114,88.675957,55.376671,126,0,0.000000,0.000000,0.000000,0.000000,0,0,0.000000,0.000000,0.000000,0.000000,0,0,0.000000,0.000000,0.000000,0.000000,0
1346,33.171509,33.171509,1,820.850525,510.378326,88.536140,55.048908,128,0,0.000000,0.000000,0.000000,0.000000,0,0,0.000000,0.000000,0.000000,0.000000,0,0,0.000000,0.000000,0.000000,0.000000,0
1349,33.204834,33.204834,1,818.979187,507.225311,88.334290,54.708828,125,1,527.000000,471.000000,56.841705,50.801601,1,0,0.000000,0.000000,0.000000,0.000000,0,0,0.000000,0.000000,0.000000,0.000000,0
1353,33.238159,33.238159,1,821.069458,506.666534,88.559746,54.648560,121,1,533.000000,470.098907,57.488861,50.704407,2,0,0.000000,0.000000,0.000000,0.000000,0,0,0.000000,0.000000,0.000000,0.000000,0
1355,33.271484,33.271484,1,825.025513,505.085052,88.986450,54.477982,135,1,529.000000,463.000000,57.057423,49.938728,1,0,0.000000,0.000000,0.000000,0.000000,0,0,0.000000,0.000000,0.000000,0.000000,0
1358,33.304810,33.304810,1,824.564758,501.634430,88.936745,54.105801,140,0,0.000000,0.000000,0.000000,0.000000,0,0,0.000000,0.000000,0.000000,0.000000,0,0,0.000000,0.000000,0.000000,0.000000,0
1362,33.338135,33.338135,1,825.087524,499.378876,88.993134,53.862514,152,1,638.000000,495.000000,68.814056,53.390217,2,0,0.000000,0.000000,0.000000,0.000000,0,0,0.000000,0.000000,0.000000,0.000000,0
1364,33.371460,33.371460,1,825.221313,500.693329,89.007568,54.004292,158,1,545.000000,435.985504,58.783169,47.024971,2,0,0.000000,0.000000,0.000000,0.000000,0,0,0.000000,0.000000,0.000000,0.000000,0
1367,33.404907,33.404907,1,822.988708,503.448914,88.766754,54.301510,147,0,0.000000,0.000000,0.000000,0.000000,0,0,0.000000,0.000000,0.000000,0.000000,0,0,0.000000,0.000000,0.000000,0.000000,0
1370,33.438232,33.438232,1,823.925781,508.036987,88.867828,54.796371,151,0,0.000000,0.000000,0.000000,0.000000,0,0,0.000000,0.000000,0.000000,0.000000,0,0,0.000000,0.000000,0.000000,0.000000,0
1372,33.471558,33.471558,1,825.519165,509.323730,89.039688,54.935162,155,0,0.000000,0.000000,0.000000,0.000000,0,0,0.000000,0.000000,0.000000,0.000000,0,0,0.000000,0.000000,0.000000,0.000000,0
1376,33.504883,33.504883,1,828.464539,507.189087,89.357376,54.704922,145,0,0.000000,0.000000,0.000000,0.000000,0,0,0.000000,0.000000,0.000000,0.000000,0,0,0.000000,0.000000,0.000000,0.000000,0
1380,33.538208,33.538208,1,826.657166,513.350586,89.162437,55.369492,161,0,0.000000,0.000000,0.000000,0.000000,0,0,0.000000,0.000000,0.000000,0.000000,0,0,0.000000,0.000000,0.000000,0.000000,0
1382,33.571533,33.571533,1,825.975952,517.309692,89.088959,55.796516,142,0,0.000000,0.000000,0.000000,0.000000,0,0,0.000000,0.000000,0.000000,0.000000,0,0,0.000000,0.000000,0.000000,0.000000,0
1385,33.604858,33.604858,1,823.396851,519.708435,88.810783,56.055241,140,0,0.000000,0.000000,0.000000,0.000000,0,0,0.000000,0.000000,0.000000,0.000000,0,0,0.000000,0.000000,0.000000,0.000000,0
1388,33.638184,33.638184,1,818.238770,518.680969,88.254433,55.944424,155,0,0.000000,0.000000,0.000000,0.000000,0,0,0.000000,0.000000,0.000000,0.000000,0,0,0.000000,0.000000,0.000000,0.000000,0
1391,33.671509,33.671509,1,815.669312,519.412170,87.977295,56.023293,149,0,0.000000,0.000000,0.000000,0.000000,0,0,0.000000,0.000000,0.000000,0.000000,0,0,0.000000,0.000000,0.000000,0.000000,0
1394,33.704956,33.704956,1,814.920227,522.137207,87.896500,56.317207,154,0,0.000000,0.000000,0.000000,0.000000,0,0,0.000000,0.000000,0.000000,0.000000,0,0,0.000000,0.000000,0.000000,0.000000,0
1396,33.738281,33.738281,1,816.575256,525.159241,88.075012,56.643162,142,0,0.000000,0.000000,0.000000,0.000000,0,0,0.000000,0.000000,0.000000,0.000000,0,0,0.000000,0.000000,0.000000,0.000000,0
1399,33.771606,33.771606,1,818.805359,525.707764,88.315552,56.702324,152,0,0.000000,0.000000,0.000000,0.000000,0,0,0.000000,0.000000,0.000000,0.000000,0,0,0.000000,0.000000,0.000000,0.000000,0
1403,33.804932,33.804932,1,819.643372,526.089539,88.405930,56.743504,146,1,692.084167,468.185181,74.647522,50.497997,4,0,0.000000,0.000000,0.000000,0.000000,0,0,0.000000,0.000000,0.000000,0.000000,0
1406,33.838257,33.838257,1,820.043030,526.691223,88.449043,56.808399,150,1,727.982910,417.941986,78.519531,45.078815,4,0,0.000000,0.000000,0.000000,0.000000,0,0,0.000000,0.000000,0.000000,0.000000,0
1410,33.871582,33.871582,1,819.884033,524.874390,88.431892,56.612438,160,0,0.000000,0.000000,0.000000,0.000000,0,0,0.000000,0.000000,0.000000,0.000000,0,0,0.000000,0.000000,0.000000,0.000000,0
1412,33.904907,33.904907,1,819.330078,522.103821,88.372139,56.313610,150,1,878.365356,393.711548,94.739632,42.465343,3,0,0.000000,0.000000,0.000000,0.000000,0,0,0.000000,0.000000,0.000000,0.000000,0
1415,33.938232,33.938232,1,819.948303,522.773804,88.438820,56.385872,143,0,0.000000,0.000000,0.000000,0.000000,0,0,0.000000,0.000000,0.000000,0.000000,0,0,0.000000,0.000000,0.000000,0.000000,0
1417,33.971558,33.971558,1,819.462708,523.867371,88.386452,56.503826,143,1,955.000000,473.000000,103.005371,51.017319,1,0,0.000000,0.000000,0.000000,0.000000,0,0,0.000000,0.000000,0.000000,0.000000,0
1421,34.005005,34.005005,1,819.162292,522.198730,88.354050,56.323845,145,1,973.000000,543.000000,104.946831,58.567451,1,0,0.000000,0.000000,0.000000,0.000000,0,0,0.000000,0.000000,0.000000,0.000000,0
1424,34.038330,34.038330,1,819.539368,523.235046,88.394722,56.435623,130,1,963.566284,598.787048,103.929314,64.584587,67,0,0.000000,0.000000,0.000000,0.000000,0,0,0.000000,0.000000,0.000000,0.000000,0
1428,34.071655,34.071655,1,818.763794,526.933472,88.311066,56.834530,139,1,936.964661,645.466553,101.060089,69.619392,86,0,0.000000,0.000000,0.000000,0.000000,0,0,0.000000,0.000000,0.000000,0.000000,0
1430,34.104980,34.104980,1,816.453247,525.935852,88.061852,56.726929,129,1,899.662537,681.634888,97.036728,73.520470,108,0,0.000000,0.000000,0.000000,0.000000,0,0,0.000000,0.000000,0.000000,0.000000,0
1433,34.138306,34.138306,1,816.349304,522.372009,88.050636,56.342537,136,1,852.743469,706.185669,91.976074,76.168495,118,0,0.000000,0.000000,0.000000,0.000000,0,0,0.000000,0.000000,0.000000,0.000000,0
1437,34.171631,34.171631,1,817.942627,520.354553,88.222496,56.124931,151,1,800.407776,715.925537,86.331200,77.219025,129,0,0.000000,0.000000,0.000000,0.000000,0,0,0.000000,0.000000,0.000000,0.000000,0
1439,34.204956,34.204956,1,819.337402,520.973572,88.372932,56.191700,145,1,751.376282,711.544983,81.042709,76.746552,125,0,0.000000,0.000000,0.000000,0.000000,0,0,0.000000,0.000000,0.000000,0.000000,0
1442,34.238281,34.238281,1,822.247620,519.530640,88.686829,56.036068,153,1,702.485413,691.981873,75.769386,74.636490,121,0,0.000000,0.000000,0.000000,0.000000,0,0,0.000000,0.000000,0.000000,0.000000,0
1444,35.411377,35.411377,1,822.150085,518.324402,88.676308,55.905964,151,1,660.442566,659.433411,71.234695,71.125839,110,0,0.000000,0.000000,0.000000,0.000000,0,0,0.000000,0.000000,0.000000,0.000000,0
1448,35.444702,35.444702,1,821.329224,520.299927,88.587769,56.119038,147,1,628.987671,617.573181,67.841995,66.610840,100,0,0.000000,0.000000,0.000000,0.000000,0,0,0.000000,0.000000,0.000000,0.000000,0
1452,35.478027,35.478027,1,821.971008,520.295044,88.656990,56.118519,143,1,608.008667,566.660645,65.579224,61.119465,112,0,0.000000,0.000000,0.000000,0.000000,0,0,0.000000,0.000000,0.000000,0.000000,0
1454,35.511353,35.511353,1,820.044922,521.919067,88.449242,56.293678,149,1,600.841736,511.006836,64.806206,55.116695,111,0,0.000000,0.000000,0.000000,0.000000,0,0,0.000000,0.000000,0.000000,0.000000,0
1457,35.544678,35.544678,1,817.561646,523.971558,88.181396,56.515060,146,1,603.000000,481.000000,65.038994,51.880192,1,0,0.000000,0.000000,0.000000,0.000000,0,0,0.000000,0.000000,0.000000,0.000000,0
1461,35.578003,35.578003,1,817.940552,523.815796,88.222267,56.498260,145,1,629.581604,404.412415,67.906059,43.619530,115,0,0.000000,0.000000,0.000000,0.000000,0,0,0.000000,0.000000,0.000000,0.000000,0
1463,35.611450,35.611450,1,818.325623,523.318726,88.263802,56.444649,134,1,659.682983,363.565918,71.152763,39.213863,122,0,0.000000,0.000000,0.000000,0.000000,0,0,0.000000,0.000000,0.000000,0.000000,0
1466,35.644775,35.644775,1,816.765137,524.356201,88.095490,56.556549,134,1,700.301514,329.110840,75.533836,35.497574,119,0,0.000000,0.000000,0.000000,0.000000,0,0,0.000000,0.000000,0.000000,0.000000,0
1468,35.678101,35.678101,1,818.883728,524.054688,88.323997,56.524029,122,1,745.638550,307.138031,80.423843,33.127609,127,0,0.000000,0.000000,0.000000,0.000000,0,0,0.000000,0.000000,0.000000,0.000000,0
1472,35.711426,35.711426,1,819.554749,520.295349,88.396370,56.118549,126,1,796.458191,297.286682,85.905197,32.065048,123,0,0.000000,0.000000,0.000000,0.000000,0,0,0.000000,0.000000,0.000000,0.000000,0
1474,35.744751,35.744751,1,819.993042,518.087952,88.443649,55.880463,121,1,842.812195,298.762207,90.904900,32.224201,118,0,0.000000,0.000000,0.000000,0.000000,0,0,0.000000,0.000000,0.000000,0.000000,0
1479,35.778076,35.778076,1,821.216614,516.879211,88.575623,55.750088,119,1,890.339539,310.720215,96.031151,33.513977,123,0,0.000000,0.000000,0.000000,0.000000,0,0,0.000000,0.000000,0.000000,0.000000,0
1481,35.811401,35.811401,1,820.040466,516.709167,88.448761,55.731747,105,1,932.922241,333.084076,100.624077,35.926121,104,0,0.000000,0.000000,0.000000,0.000000,0,0,0.000000,0.000000,0.000000,0.000000,0
1485,35.844727,35.844727,1,816.701843,516.048096,88.088669,55.660442,113,1,969.201050,364.290741,104.537079,39.292042,90,0,0.000000,0.000000,0.000000,0.000000,0,0,0.000000,0.000000,0.000000,0.000000,0
1487,35.878052,35.878052,1,815.940125,512.888428,88.006508,55.319649,108,1,998.512329,403.500702,107.698570,43.521191,59,0,0.000000,0.000000,0.000000,0.000000,0,0,0.000000,0.000000,0.000000,0.000000,0
1490,35.911499,35.911499,1,818.891907,509.950104,88.324883,55.002720,85,1,1017.963501,445.811829,109.796547,48.084827,71,0,0.000000,0.000000,0.000000,0.000000,0,0,0.000000,0.000000,0.000000,0.000000,0
1492,35.944824,35.944824,1,819.314514,506.135742,88.370461,54.591309,109,1,1027.798096,491.796906,110.857300,53.044735,58,0,0.000000,0.000000,0.000000,0.000000,0,0,0.000000,0.000000,0.000000,0.000000,0
1496,35.978149,35.978149,1,819.874878,504.537262,88.430908,54.418896,115,1,1029.053467,539.994202,110.992699,58.243248,71,0,0.000000,0.000000,0.000000,0.000000,0,0,0.000000,0.000000,0.000000,0.000000,0
1499,36.011475,36.011475,1,819.770996,502.463531,88.419701,54.195229,122,1,1020.430420,580.588440,110.062630,62.621700,93,0,0.000000,0.000000,0.000000,0.000000,0,0,0.000000,0.000000,0.000000,0.000000,0
1503,36.044800,36.044800,1,822.130676,501.370026,88.674217,54.077278,103,1,1004.145142,620.788269,108.306114,66.957619,89,0,0.000000,0.000000,0.000000,0.000000,0,0,0.000000,0.000000,0.000000,0.000000,0
1505,36.078125,36.078125,1,823.081787,502.505737,88.776802,54.199780,92,1,977.360474,658.399902,105.417145,71.014374,124,0,0.000000,0.000000,0.000000,0.000000,0,0,0.000000,0.000000,0.000000,0.000000,0
1509,36.111450,36.111450,1,821.366882,503.610168,88.591827,54.318901,116,1,946.199219,688.831421,102.056122,74.296684,136,0,0.000000,0.000000,0.000000,0.000000,0,0,0.000000,0.000000,0.000000,0.000000,0
1511,36.144775,36.144775,1,821.261658,505.612213,88.580475,54.534840,98,1,910.347473,712.517395,98.189186,76.851433,127,0,0.000000,0.000000,0.000000,0.000000,0,0,0.000000,0.000000,0.000000,0.000000,0
1515,36.178101,36.178101,1,823.612488,501.868103,88.834038,54.131004,94,1,869.756470,729.727600,93.811081,78.707710,135,0,0.000000,0.000000,0.000000,0.000000,0,0,0.000000,0.000000,0.000000,0.000000,0
1517,36.211426,36.211426,1,824.626587,499.822327,88.943420,53.910347,98,1,826.949707,739.835999,89.193985,79.797989,145,0,0.000000,0.000000,0.000000,0.000000,0,0,0.000000,0.000000,0.000000,0.000000,0
1520,36.244873,36.244873,1,824.092651,501.663605,88.885826,54.108948,88,1,784.454529,740.529297,84.610504,79.872772,140,0,0.000000,0.000000,0.000000,0.000000,0,0,0.000000,0.000000,0.000000,0.000000,0
1522,36.278198,36.278198,1,822.961487,504.222321,88.763824,54.384930,111,1,738.275391,731.338440,79.629662,78.881447,150,0,0.000000,0.000000,0.000000,0.000000,0,0,0.000000,0.000000,0.000000,0.000000,0
1527,36.311523,36.311523,1,821.918701,504.296722,88.651352,54.392952,114,1,694.207520,714.400452,74.876549,77.054535,138,0,0.000000,0.000000,0.000000,0.000000,0,0,0.000000,0.000000,0.000000,0.000000,0
1530,36.344849,36.344849,1,824.705322,505.025909,88.951912,54.471603,72,1,673.000000,705.000000,72.589127,76.040611,1,0,0.000000,0.000000,0.000000,0.000000,0,0,0.000000,0.000000,0.000000,0.000000,0
1533,36.378174,36.378174,1,825.011169,505.252686,88.984894,54.496063,96,1,623.648132,654.597412,67.266083,70.604240,133,0,0.000000,0.000000,0.000000,0.000000,0,0,0.000000,0.000000,0.000000,0.000000,0
1535,36.411499,36.411499,1,826.768677,505.803986,89.174461,54.555523,99,1,599.554871,615.081299,64.667404,66.342072,117,0,0.000000,0.000000,0.000000,0.000000,0,0,0.000000,0.000000,0.000000,0.000000,0
1538,36.444824,36.444824,1,828.842957,507.207367,89.398193,54.706890,89,1,579.990173,569.050415,62.557171,61.377220,127,0,0.000000,0.000000,0.000000,0.000000,0,0,0.000000,0.000000,0.000000,0.000000,0
1540,36.478149,36.478149,1,828.643127,507.529327,89.376633,54.741619,110,1,570.567383,521.065063,61.540844,56.201569,124,0,0.000000,0.000000,0.000000,0.000000,0,0,0.000000,0.000000,0.000000,0.000000,0
1544,36.511475,36.511475,1,829.105591,509.647491,89.426521,54.970081,89,1,569.152466,471.893829,61.388229,50.898006,110,0,0.000000,0.000000,0.000000,0.000000,0,0,0.000000,0.000000,0.000000,0.000000,0
1546,36.544922,36.544922,1,824.856750,511.640869,88.968246,55.185081,128,1,577.300049,425.663635,62.267017,45.911663,108,0,0.000000,0.000000,0.000000,0.000000,0,0,0.000000,0.000000,0.000000,0.000000,0
1551,36.578247,36.578247,1,821.578369,511.372681,88.614647,55.156158,123,1,595.046204,378.337158,64.181107,40.807076,122,0,0.000000,0.000000,0.000000,0.000000,0,0,0.000000,0.000000,0.000000,0.000000,0
1553,36.611572,36.611572,1,821.027832,514.995850,88.555260,55.546947,115,1,620.727966,341.629639,66.951111,36.847839,123,0,0.000000,0.000000,0.000000,0.000000,0,0,0.000000,0.000000,0.000000,0.000000,0
1556,36.644897,36.644897,1,821.993530,513.877625,88.659416,55.426334,128,1,655.629822,307.687469,70.715591,33.186871,131,0,0.000000,0.000000,0.000000,0.000000,0,0,0.000000,0.000000,0.000000,0.000000,0
1558,36.678223,36.678223,1,820.192505,510.605865,88.465164,55.073452,127,1,693.145569,283.509064,74.762001,30.579010,138,0,0.000000,0.000000,0.000000,0.000000,0,0,0.000000,0.000000,0.000000,0.000000,0
1562,36.711548,36.711548,1,818.145813,513.885193,88.244408,55.427158,122,1,733.187195,266.446228,79.080856,28.738628,135,0,0.000000,0.000000,0.000000,0.000000,0,0,0.000000,0.000000,0.000000,0.000000,0
1565,36.744873,36.744873,1,815.378784,516.115662,87.945961,55.667732,118,1,776.538025,257.094025,83.756638,27.729912,141,0,0.000000,0.000000,0.000000,0.000000,0,0,0.000000,0.000000,0.000000,0.000000,0
1567,36.778198,36.778198,1,815.575928,516.994568,87.967224,55.762527,113,1,821.478210,257.636810,88.603836,27.788454,131,0,0.000000,0.000000,0.000000,0.000000,0,0,0.000000,0.000000,0.000000,0.000000,0
1571,36.811523,36.811523,1,814.462585,517.584412,87.847137,55.826149,117,1,865.225403,266.482239,93.322365,28.742516,116,0,0.000000,0.000000,0.000000,0.000000,0,0,0.000000,0.000000,0.000000,0.000000,0
1573,36.844971,36.844971,1,813.015503,520.045288,87.691055,56.091576,138,1,907.754700,281.805725,97.909538,30.395290,111,0,0.000000,0.000000,0.000000,0.000000,0,0,0.000000,0.000000,0.000000,0.000000,0
1578,36.878296,36.878296,1,811.258667,521.075928,87.501564,56.202740,129,1,948.125916,303.746552,102.263939,32.761806,110,0,0.000000,0.000000,0.000000,0.000000,0,0,0.000000,0.000000,0.000000,0.000000,0
1580,36.911621,36.911621,1,814.048035,522.511841,87.802422,56.357620,122,1,983.885620,331.637421,106.120941,35.770088,100,0,0.000000,0.000000,0.000000,0.000000,0,0,0.000000,0.000000,0.000000,0.000000,0
1583,36.944946,36.944946,1,815.578918,522.305298,87.967545,56.335342,132,1,1011.566284,365.370392,109.106552,39.408493,99,0,0.000000,0.000000,0.000000,0.000000,0,0,0.000000,0.000000,0.000000,0.000000,0
1585,36.978271,36.978271,1,818.298218,518.072449,88.260841,55.878788,149,1,1034.585693,403.598236,111.589401,43.531712,106,0,0.000000,0.000000,0.000000,0.000000,0,0,0.000000,0.000000,0.000000,0.000000,0
1589,37.011597,37.011597,1,814.936768,518.309204,87.898285,55.904324,121,1,1049.460815,439.948578,113.193825,47.452423,111,0,0.000000,0.000000,0.000000,0.000000,0,0,0.000000,0.000000,0.000000,0.000000,0
1592,37.044922,37.044922,1,814.369019,520.063721,87.837051,56.093567,142,1,1061.024048,483.558594,114.441010,52.156155,95,0,0.000000,0.000000,0.000000,0.000000,0,0,0.000000,0.000000,0.000000,0.000000,0
1594,37.078247,37.078247,1,816.940552,521.574036,88.114410,56.256462,139,1,1063.858032,525.483459,114.746689,56.678131,92,0,0.000000,0.000000,0.000000,0.000000,0,0,0.000000,0.000000,0.000000,0.000000,0
1598,37.111572,37.111572,1,817.349426,519.586365,88.158508,56.042076,137,1,1060.382080,567.489990,114.371773,61.208920,90,0,0.000000,0.000000,0.000000,0.000000,0,0,0.000000,0.000000,0.000000,0.000000,0
1602,37.144897,37.144897,1,816.227112,516.774902,88.037460,55.738838,132,1,1050.517212,608.202026,113.307762,65.600082,108,0,0.000000,0.000000,0.000000,0.000000,0,0,0.000000,0.000000,0.000000,0.000000,0
1604,37.178345,37.178345,1,817.380005,516.936951,88.161812,55.756313,129,1,1034.248047,646.545715,111.552979,69.735794,114,0,0.000000,0.000000,0.000000,0.000000,0,0,0.000000,0.000000,0.000000,0.000000,0
1607,37.211670,37.211670,1,819.147766,515.971741,88.352478,55.652206,126,1,1009.820618,682.036438,108.918266,73.563782,122,0,0.000000,0.000000,0.000000,0.000000,0,0,0.000000,0.000000,0.000000,0.000000,0
1609,37.244995,37.244995,1,819.492432,512.827576,88.389656,55.313080,137,1,980.391052,711.551941,105.744019,76.747299,127,0,0.000000,0.000000,0.000000,0.000000,0,0,0.000000,0.000000,0.000000,0.000000,0
1613,37.278320,37.278320,1,817.873291,510.031097,88.215019,55.011456,129,1,948.315552,737.124451,102.284393,79.505524,123,0,0.000000,0.000000,0.000000,0.000000,0,0,0.000000,0.000000,0.000000,0.000000,0
1616,37.311646,37.311646,1,819.912354,510.028961,88.434944,55.011227,121,1,912.603455,755.760742,98.432518,81.515617,109,0,0.000000,0.000000,0.000000,0.000000,0,0,0.000000,0.000000,0.000000,0.000000,0
1618,37.344971,37.344971,1,820.813171,505.808105,88.532104,54.555965,141,1,871.372986,770.666016,93.985435,83.123283,117,0,0.000000,0.000000,0.000000,0.000000,0,0,0.000000,0.000000,0.000000,0.000000,0
1622,37.378296,37.378296,1,822.103516,503.227936,88.671288,54.277676,126,1,831.842285,779.184509,89.721695,84.042076,117,0,0.000000,0.000000,0.000000,0.000000,0,0,0.000000,0.000000,0.000000,0.000000,0
1625,37.411621,37.411621,1,824.982178,503.265106,88.981773,54.281681,125,1,790.194092,780.455505,85.229568,84.179169,113,0,0.000000,0.000000,0.000000,0.000000,0,0,0.000000,0.000000,0.000000,0.000000,0
1629,37.444946,37.444946,1,826.290649,501.164795,89.122902,54.055145,122,1,750.624756,774.566467,80.961655,83.543983,129,0,0.000000,0.000000,0.000000,0.000000,0,0,0.000000,0.000000,0.000000,0.000000,0
1631,37.478394,37.478394,1,824.241882,499.060272,88.901924,53.828156,139,1,710.976318,763.365601,76.685211,82.335869,118,0,0.000000,0.000000,0.000000,0.000000,0,0,0.000000,0.000000,0.000000,0.000000,0
1634,37.511719,37.511719,1,823.548645,501.259552,88.827156,54.065365,129,1,673.648132,746.999451,72.659035,80.570625,104,0,0.000000,0.000000,0.000000,0.000000,0,0,0.000000,0.000000,0.000000,0.000000,0
1636,37.545044,37.545044,1,828.639221,499.939850,89.376221,53.923023,123,1,639.000000,737.000000,68.921913,79.492104,1,0,0.000000,0.000000,0.000000,0.000000,0,0,0.000000,0.000000,0.000000,0.000000,0
1640,37.578369,37.578369,1,832.853149,499.456940,89.830727,53.870937,120,1,612.239136,699.504089,66.035515,75.447830,107,0,0.000000,0.000000,0.000000,0.000000,0,0,0.000000,0.000000,0.000000,0.000000,0
1643,37.611694,37.611694,1,835.722290,498.470093,90.140190,53.764496,122,1,588.181458,670.132019,63.440681,72.279785,75,0,0.000000,0.000000,0.000000,0.000000,0,0,0.000000,0.000000,0.000000,0.000000,0
1645,37.645020,37.645020,1,838.415955,498.303253,90.430725,53.746502,113,1,566.917664,635.630066,61.147186,68.558441,75,0,0.000000,0.000000,0.000000,0.000000,0,0,0.000000,0.000000,0.000000,0.000000,0
1649,37.678345,37.678345,1,842.339172,496.924286,90.853882,53.597767,125,1,551.000000,617.000000,59.430321,66.549019,1,0,0.000000,0.000000,0.000000,0.000000,0,0,0.000000,0.000000,0.000000,0.000000,0
1653,38.866699,38.866699,1,843.775330,494.350403,91.008781,53.320152,109,1,540.913696,564.226868,58.342422,60.856956,62,0,0.000000,0.000000,0.000000,0.000000,0,0,0.000000,0.000000,0.000000,0.000000,0
1655,38.900146,38.900146,1,845.905396,492.003052,91.238525,53.066971,113,1,534.742004,523.137390,57.676750,56.425087,39,0,0.000000,0.000000,0.000000,0.000000,0,0,0.000000,0.000000,0.000000,0.000000,0
1658,38.933472,38.933472,1,846.448547,488.742157,91.297112,52.715252,114,0,0.000000,0.000000,0.000000,0.000000,0,0,0.000000,0.000000,0.000000,0.000000,0,0,0.000000,0.000000,0.000000,0.000000,0
1661,38.966797,38.966797,1,844.009827,488.271912,91.034073,52.664532,109,0,0.000000,0.000000,0.000000,0.000000,0,0,0.000000,0.000000,0.000000,0.000000,0,0,0.000000,0.000000,0.000000,0.000000,0
1664,39.000122,39.000122,1,847.596558,490.330017,91.420937,52.886517,102,0,0.000000,0.000000,0.000000,0.000000,0,0,0.000000,0.000000,0.000000,0.000000,0,0,0.000000,0.000000,0.000000,0.000000,0
1666,39.033447,39.033447,1,849.247803,489.372437,91.599037,52.783234,94,0,0.000000,0.000000,0.000000,0.000000,0,0,0.000000,0.000000,0.000000,0.000000,0,0,0.000000,0.000000,0.000000,0.000000,0
1669,39.066772,39.066772,1,847.442749,486.433472,91.404343,52.466240,112,0,0.000000,0.000000,0.000000,0.000000,0,0,0.000000,0.000000,0.000000,0.000000,0,0,0.000000,0.000000,0.000000,0.000000,0
1673,39.100098,39.100098,1,844.148743,486.425690,91.049057,52.465401,105,0,0.000000,0.000000,0.000000,0.000000,0,0,0.000000,0.000000,0.000000,0.000000,0,0,0.000000,0.000000,0.000000,0.000000,0
1676,39.133423,39.133423,1,844.907166,486.959351,91.130859,52.522961,130,0,0.000000,0.000000,0.000000,0.000000,0,0,0.000000,0.000000,0.000000,0.000000,0,0,0.000000,0.000000,0.000000,0.000000,0
1678,39.166748,39.166748,1,846.932861,488.777893,91.349350,52.719105,99,0,0.000000,0.000000,0.000000,0.000000,0,0,0.000000,0.000000,0.000000,0.000000,0,0,0.000000,0.000000,0.000000,0.000000,0
1682,39.200073,39.200073,1,849.812866,492.667633,91.659981,53.138649,93,0,0.000000,0.000000,0.000000,0.000000,0,0,0.000000,0.000000,0.000000,0.000000,0,0,0.000000,0.000000,0.000000,0.000000,0
1685,39.233521,39.233521,1,850.494080,491.645660,91.733459,53.028423,106,0,0.000000,0.000000,0.000000,0.000000,0,0,0.000000,0.000000,0.000000,0.000000,0,0,0.000000,0.000000,0.000000,0.000000,0
1688,39.266846,39.266846,1,851.403198,491.196533,91.831512,52.979980,95,0,0.000000,0.000000,0.000000,0.000000,0,0,0.000000,0.000000,0.000000,0.000000,0,0,0.000000,0.000000,0.000000,0.000000,0
1691,39.300171,39.300171,1,852.847290,494.243195,91.987274,53.308590,78,0,0.000000,0.000000,0.000000,0.000000,0,0,0.000000,0.000000,0.000000,0.000000,0,0,0.000000,0.000000,0.000000,0.000000,0
1693,39.333496,39.333496,1,853.361206,493.836182,92.042702,53.264687,108,0,0.000000,0.000000,0.000000,0.000000,0,0,0.000000,0.000000,0.000000,0.000000,0,0,0.000000,0.000000,0.000000,0.000000,0
1696,39.366821,39.366821,1,853.507507,494.113373,92.058487,53.294586,114,0,0.000000,0.000000,0.000000,0.000000,0,0,0.000000,0.000000,0.000000,0.000000,0,0,0.000000,0.000000,0.000000,0.000000,0
1699,39.400146,39.400146,1,854.784119,494.869720,92.196182,53.376163,108,0,0.000000,0.000000,0.000000,0.000000,0,0,0.000000,0.000000,0.000000,0.000000,0,0,0.000000,0.000000,0.000000,0.000000,0
1703,39.433472,39.433472,1,856.385315,495.294434,92.368889,53.421974,109,1,953.000000,615.000000,102.789650,66.333298,1,0,0.000000,0.000000,0.000000,0.000000,0,0,0.000000,0.000000,0.000000,0.000000,0
1707,39.466797,39.466797,1,856.227844,498.944824,92.351898,53.815701,103,1,908.951721,649.255188,98.038643,70.028030,8,0,0.000000,0.000000,0.000000,0.000000,0,0,0.000000,0.000000,0.000000,0.000000,0
1709,39.500122,39.500122,1,856.024231,503.076996,92.329933,54.261395,128,1,848.844299,669.818726,91.555519,72.245995,32,0,0.000000,0.000000,0.000000,0.000000,0,0,0.000000,0.000000,0.000000,0.000000,0
1712,39.533569,39.533569,1,856.005676,504.419647,92.327934,54.406208,130,1,793.895325,669.725464,85.628777,72.235931,50,0,0.000000,0.000000,0.000000,0.000000,0,0,0.000000,0.000000,0.000000,0.000000,0
1714,39.566895,39.566895,1,859.617249,507.950500,92.717476,54.787045,108,1,736.429749,650.715576,79.430595,70.185547,37,0,0.000000,0.000000,0.000000,0.000000,0,0,0.000000,0.000000,0.000000,0.000000,0
1717,39.600220,39.600220,1,858.429199,509.922455,92.589333,54.999737,108,1,697.576782,620.076111,75.239952,66.880798,54,0,0.000000,0.000000,0.000000,0.000000,0,0,0.000000,0.000000,0.000000,0.000000,0
1721,39.633545,39.633545,1,856.649536,514.075806,92.397385,55.447712,105,1,675.000000,590.034485,72.804840,63.640545,2,0,0.000000,0.000000,0.000000,0.000000,0,0,0.000000,0.000000,0.000000,0.000000,0
1723,39.666870,39.666870,1,852.710510,519.189819,91.972527,55.999306,99,1,649.499023,523.714050,70.054337,56.487286,86,0,0.000000,0.000000,0.000000,0.000000,0,0,0.000000,0.000000,0.000000,0.000000,0
1726,39.700195,39.700195,1,850.589844,523.791016,91.743790,56.495586,106,1,650.359802,473.304962,70.147179,51.050213,73,0,0.000000,0.000000,0.000000,0.000000,0,0,0.000000,0.000000,0.000000,0.000000,0
1730,39.733521,39.733521,1,849.265808,526.401184,91.600975,56.777119,94,1,655.000000,432.013519,70.647659,46.596558,2,0,0.000000,0.000000,0.000000,0.000000,0,0,0.000000,0.000000,0.000000,0.000000,0
1733,39.766846,39.766846,1,844.304688,528.280884,91.065880,56.979862,89,1,702.551208,377.940491,75.776489,40.764294,68,0,0.000000,0.000000,0.000000,0.000000,0,0,0.000000,0.000000,0.000000,0.000000,0
1735,39.800171,39.800171,1,839.816101,529.010986,90.581741,57.058605,125,1,744.566284,345.660187,80.308189,37.282570,76,0,0.000000,0.000000,0.000000,0.000000,0,0,0.000000,0.000000,0.000000,0.000000,0
1739,39.833618,39.833618,1,838.415527,528.664673,90.430687,57.021259,115,1,791.708313,328.227966,85.392891,35.402348,93,0,0.000000,0.000000,0.000000,0.000000,0,0,0.000000,0.000000,0.000000,0.000000,0
1741,39.866943,39.866943,1,835.307556,531.267334,90.095459,57.301975,139,1,841.059875,323.051025,90.715897,34.843967,88,0,0.000000,0.000000,0.000000,0.000000,0,0,0.000000,0.000000,0.000000,0.000000,0
1744,39.900269,39.900269,1,829.068115,530.299072,89.422478,57.197540,141,1,896.546448,331.002777,96.700630,35.701633,84,0,0.000000,0.000000,0.000000,0.000000,0,0,0.000000,0.000000,0.000000,0.000000,0
1748,39.933594,39.933594,1,834.681274,526.200134,90.027908,56.755428,138,1,943.053406,350.487366,101.716820,37.803226,59,0,0.000000,0.000000,0.000000,0.000000,0,0,0.000000,0.000000,0.000000,0.000000,0
1751,39.966919,39.966919,1,832.706726,527.601257,89.814934,56.906555,152,1,975.000000,379.000000,105.162544,40.878571,1,0,0.000000,0.000000,0.000000,0.000000,0,0,0.000000,0.000000,0.000000,0.000000,0
1754,40.000244,40.000244,1,831.024597,526.476440,89.633507,56.785233,133,1,1007.000000,411.926178,108.614037,44.429955,2,0,0.000000,0.000000,0.000000,0.000000,0,0,0.000000,0.000000,0.000000,0.000000,0
1757,40.033569,40.033569,1,828.695618,523.286255,89.382301,56.441143,147,1,1039.634155,446.970734,112.133926,48.209827,3,0,0.000000,0.000000,0.000000,0.000000,0,0,0.000000,0.000000,0.000000,0.000000,0
1760,40.066895,40.066895,1,832.721069,522.525146,89.816483,56.359051,125,1,1047.970093,489.000000,113.033035,52.743061,2,0,0.000000,0.000000,0.000000,0.000000,0,0,0.000000,0.000000,0.000000,0.000000,0
1762,40.100220,40.100220,1,832.357971,521.990723,89.777321,56.301407,133,1,1059.894043,548.463806,114.319130,59.156769,49,0,0.000000,0.000000,0.000000,0.000000,0,0,0.000000,0.000000,0.000000,0.000000,0
1765,40.133545,40.133545,1,832.255066,520.945618,89.766220,56.188686,133,1,1055.840332,596.099426,113.881905,64.294701,53,0,0.000000,0.000000,0.000000,0.000000,0,0,0.000000,0.000000,0.000000,0.000000,0
1768,40.166992,40.166992,1,832.272583,521.977966,89.768112,56.300034,138,1,1045.574951,639.795044,112.774696,69.007668,77,0,0.000000,0.000000,0.000000,0.000000,0,0,0.000000,0.000000,0.000000,0.000000,0
1771,40.200317,40.200317,1,831.580505,521.254333,89.693459,56.221985,150,1,1023.927856,681.419800,110.439857,73.497276,93,0,0.000000,0.000000,0.000000,0.000000,0,0,0.000000,0.000000,0.000000,0.000000,0
1775,40.233643,40.233643,1,833.399658,522.286194,89.889671,56.333279,148,1,1000.227600,713.896851,107.883568,77.000221,101,0,0.000000,0.000000,0.000000,0.000000,0,0,0.000000,0.000000,0.000000,0.000000,0
1778,40.266968,40.266968,1,833.769958,519.370361,89.929611,56.018776,142,1,970.915222,743.080750,104.721962,80.147964,102,0,0.000000,0.000000,0.000000,0.000000,0,0,0.000000,0.000000,0.000000,0.000000,0
1780,40.300293,40.300293,1,832.362183,518.898865,89.777771,55.967926,140,1,938.982666,765.864807,101.277756,82.605431,110,0,0.000000,0.000000,0.000000,0.000000,0,0,0.000000,0.000000,0.000000,0.000000,0
1784,40.333618,40.333618,1,835.500549,521.102173,90.116272,56.205574,131,1,903.117615,782.957886,97.409386,84.449074,105,0,0.000000,0.000000,0.000000,0.000000,0,0,0.000000,0.000000,0.000000,0.000000,0
1786,40.366943,40.366943,1,836.557678,521.857422,90.230293,56.287029,109,1,864.406860,795.671875,93.234077,85.820389,110,0,0.000000,0.000000,0.000000,0.000000,0,0,0.000000,0.000000,0.000000,0.000000,0
1789,40.400269,40.400269,1,839.420959,519.674011,90.539124,56.051533,113,1,826.665771,802.851501,89.163368,86.594780,117,0,0.000000,0.000000,0.000000,0.000000,0,0,0.000000,0.000000,0.000000,0.000000,0
1793,40.433594,40.433594,1,841.542419,519.762146,90.767944,56.061039,119,1,787.740540,803.818970,84.964928,86.699135,116,0,0.000000,0.000000,0.000000,0.000000,0,0,0.000000,0.000000,0.000000,0.000000,0
1795,40.467041,40.467041,1,843.801453,519.879578,91.011604,56.073704,105,1,749.485535,797.977539,80.838776,86.069077,112,0,0.000000,0.000000,0.000000,0.000000,0,0,0.000000,0.000000,0.000000,0.000000,0
1800,40.500366,40.500366,1,845.994446,521.571289,91.248131,56.256172,118,1,712.669067,786.590698,76.867790,84.840904,103,0,0.000000,0.000000,0.000000,0.000000,0,0,0.000000,0.000000,0.000000,0.000000,0
1802,40.533691,40.533691,1,847.812744,524.894714,91.444252,56.614635,112,1,677.865967,769.612061,73.113960,83.009605,112,0,0.000000,0.000000,0.000000,0.000000,0,0,0.000000,0.000000,0.000000,0.000000,0
1805,40.567017,40.567017,1,850.470276,528.071594,91.730888,56.957287,110,1,645.688110,748.418152,69.643288,80.723648,103,0,0.000000,0.000000,0.000000,0.000000,0,0,0.000000,0.000000,0.000000,0.000000,0
1807,40.600342,40.600342,1,850.419006,530.760498,91.725365,57.247311,126,1,616.765564,723.800232,66.523735,78.068382,104,0,0.000000,0.000000,0.000000,0.000000,0,0,0.000000,0.000000,0.000000,0.000000,0
1811,40.633667,40.633667,1,850.249329,534.677734,91.707062,57.669819,108,1,592.565735,692.671753,63.913563,74.710899,68,0,0.000000,0.000000,0.000000,0.000000,0,0,0.000000,0.000000,0.000000,0.000000,0
1813,40.666992,40.666992,1,850.884277,537.289795,91.775551,57.951557,114,1,572.423889,657.891663,61.741081,70.959549,60,0,0.000000,0.000000,0.000000,0.000000,0,0,0.000000,0.000000,0.000000,0.000000,0
1816,40.700317,40.700317,1,848.036316,539.516418,91.468369,58.191711,112,1,559.198730,618.465210,60.314632,66.707054,70,0,0.000000,0.000000,0.000000,0.000000,0,0,0.000000,0.000000,0.000000,0.000000,0
1818,40.733643,40.733643,1,845.225220,541.829956,91.165169,58.441254,125,1,551.773071,579.775879,59.513702,62.534061,63,0,0.000000,0.000000,0.000000,0.000000,0,0,0.000000,0.000000,0.000000,0.000000,0
1822,40.767090,40.767090,1,843.329224,544.081055,90.960663,58.684052,128,1,550.971252,539.750977,59.427223,58.217014,54,0,0.000000,0.000000,0.000000,0.000000,0,0,0.000000,0.000000,0.000000,0.000000,0
1825,40.800415,40.800415,1,837.265015,544.532898,90.306587,58.732788,120,1,556.332520,494.229706,60.005486,53.307133,55,0,0.000000,0.000000,0.000000,0.000000,0,0,0.000000,0.000000,0.000000,0.000000,0
1829,40.833740,40.833740,1,831.158630,545.575562,89.647957,58.845245,130,1,565.405457,461.853943,60.984077,49.815113,27,0,0.000000,0.000000,0.000000,0.000000,0,0,0.000000,0.000000,0.000000,0.000000,0
1831,40.867065,40.867065,1,824.622070,541.064880,88.942932,58.358730,132,0,0.000000,0.000000,0.000000,0.000000,0,0,0.000000,0.000000,0.000000,0.000000,0,0,0.000000,0.000000,0.000000,0.000000,0
1835,40.900391,40.900391,1,821.667786,541.339661,88.624283,58.388363,125,0,0.000000,0.000000,0.000000,0.000000,0,0,0.000000,0.000000,0.000000,0.000000,0,0,0.000000,0.000000,0.000000,0.000000,0
1837,40.933716,40.933716,1,818.764038,538.636169,88.311089,58.096771,132,0,0.000000,0.000000,0.000000,0.000000,0,0,0.000000,0.000000,0.000000,0.000000,0,0,0.000000,0.000000,0.000000,0.000000,0
1840,40.967041,40.967041,1,816.091919,534.522217,88.022881,57.653046,127,0,0.000000,0.000000,0.000000,0.000000,0,0,0.000000,0.000000,0.000000,0.000000,0,0,0.000000,0.000000,0.000000,0.000000,0
1843,41.000366,41.000366,1,814.082825,532.359375,87.806175,57.419765,128,0,0.000000,0.000000,0.000000,0.000000,0,0,0.000000,0.000000,0.000000,0.000000,0,0,0.000000,0.000000,0.000000,0.000000,0
1846,41.033691,41.033691,1,814.208618,533.810181,87.819748,57.576248,120,0,0.000000,0.000000,0.000000,0.000000,0,0,0.000000,0.000000,0.000000,0.000000,0,0,0.000000,0.000000,0.000000,0.000000,0
1850,41.067017,41.067017,1,816.044678,533.142334,88.017784,57.504211,123,0,0.000000,0.000000,0.000000,0.000000,0,0,0.000000,0.000000,0.000000,0.000000,0,0,0.000000,0.000000,0.000000,0.000000,0
1852,41.100464,41.100464,1,811.567871,530.367371,87.534920,57.204903,143,0,0.000000,0.000000,0.000000,0.000000,0,0,0.000000,0.000000,0.000000,0.000000,0,0,0.000000,0.000000,0.000000,0.000000,0
1855,41.133789,41.133789,1,810.678589,525.040894,87.439003,56.630402,133,0,0.000000,0.000000,0.000000,0.000000,0,0,0.000000,0.000000,0.000000,0.000000,0,0,0.000000,0.000000,0.000000,0.000000,0
1859,42.307129,42.307129,1,815.592346,520.505493,87.968994,56.141212,120,0,0.000000,0.000000,0.000000,0.000000,0,0,0.000000,0.000000,0.000000,0.000000,0,0,0.000000,0.000000,0.000000,0.000000,0
1861,42.340454,42.340454,1,816.941162,519.249268,88.114471,56.005718,124,0,0.000000,0.000000,0.000000,0.000000,0,0,0.000000,0.000000,0.000000,0.000000,0,0,0.000000,0.000000,0.000000,0.000000,0
1865,42.373901,42.373901,1,816.164307,518.047913,88.030685,55.876144,132,1,1133.248901,868.435059,122.231117,93.668556,11,0,0.000000,0.000000,0.000000,0.000000,0,0,0.000000,0.000000,0.000000,0.000000,0
1867,42.407227,42.407227,1,815.849487,513.949890,87.996735,55.434132,144,0,0.000000,0.000000,0.000000,0.000000,0,0,0.000000,0.000000,0.000000,0.000000,0,0,0.000000,0.000000,0.000000,0.000000,0
1870,42.440552,42.440552,1,820.303528,508.081635,88.477142,54.801189,141,0,0.000000,0.000000,0.000000,0.000000,0,0,0.000000,0.000000,0.000000,0.000000,0,0,0.000000,0.000000,0.000000,0.000000,0
1874,42.473877,42.473877,1,823.724731,507.864197,88.846146,54.777737,144,0,0.000000,0.000000,0.000000,0.000000,0,0,0.000000,0.000000,0.000000,0.000000,0,0,0.000000,0.000000,0.000000,0.000000,0
1877,42.507202,42.507202,1,829.065857,512.083557,89.422234,55.232834,127,0,0.000000,0.000000,0.000000,0.000000,0,0,0.000000,0.000000,0.000000,0.000000,0,0,0.000000,0.000000,0.000000,0.000000,0
1879,42.540527,42.540527,1,828.529419,514.257446,89.364372,55.467304,114,0,0.000000,0.000000,0.000000,0.000000,0,0,0.000000,0.000000,0.000000,0.000000,0,0,0.000000,0.000000,0.000000,0.000000,0
1883,42.573853,42.573853,1,827.407471,513.817932,89.243362,55.419899,107,0,0.000000,0.000000,0.000000,0.000000,0,0,0.000000,0.000000,0.000000,0.000000,0,0,0.000000,0.000000,0.000000,0.000000,0
1886,42.607178,42.607178,1,828.279358,515.438049,89.337402,55.594643,115,0,0.000000,0.000000,0.000000,0.000000,0,0,0.000000,0.000000,0.000000,0.000000,0,0,0.000000,0.000000,0.000000,0.000000,0
1888,42.640503,42.640503,1,830.912048,518.585449,89.621361,55.934124,118,0,0.000000,0.000000,0.000000,0.000000,0,0,0.000000,0.000000,0.000000,0.000000,0,0,0.000000,0.000000,0.000000,0.000000,0
1892,42.673950,42.673950,1,834.903381,521.982239,90.051865,56.300491,126,0,0.000000,0.000000,0.000000,0.000000,0,0,0.000000,0.000000,0.000000,0.000000,0,0,0.000000,0.000000,0.000000,0.000000,0
1894,42.707275,42.707275,1,836.399414,525.440735,90.213226,56.673523,133,0,0.000000,0.000000,0.000000,0.000000,0,0,0.000000,0.000000,0.000000,0.000000,0,0,0.000000,0.000000,0.000000,0.000000,0
1897,42.740601,42.740601,1,836.199524,526.349548,90.191666,56.771549,129,1,935.066711,792.440857,100.855385,85.471893,96,0,0.000000,0.000000,0.000000,0.000000,0,0,0.000000,0.000000,0.000000,0.000000,0
1901,42.773926,42.773926,1,835.588806,527.365662,90.125793,56.881145,134,1,898.412170,807.228882,96.901863,87.066925,103,0,0.000000,0.000000,0.000000,0.000000,0,0,0.000000,0.000000,0.000000,0.000000,0
1904,42.807251,42.807251,1,837.879700,527.048401,90.372887,56.846928,138,1,862.049500,817.772522,92.979813,88.204147,107,0,0.000000,0.000000,0.000000,0.000000,0,0,0.000000,0.000000,0.000000,0.000000,0
1907,42.840576,42.840576,1,837.857727,525.930969,90.370514,56.726402,128,1,825.146057,824.570679,88.999451,88.937386,117,0,0.000000,0.000000,0.000000,0.000000,0,0,0.000000,0.000000,0.000000,0.000000,0
1909,42.873901,42.873901,1,839.070862,525.810791,90.501366,56.713436,135,1,787.313965,825.683289,84.918915,89.057396,119,0,0.000000,0.000000,0.000000,0.000000,0,0,0.000000,0.000000,0.000000,0.000000,0
1912,42.907227,42.907227,1,839.034973,527.363464,90.497490,56.880909,135,1,750.801697,821.515625,80.980736,88.607880,125,0,0.000000,0.000000,0.000000,0.000000,0,0,0.000000,0.000000,0.000000,0.000000,0
1914,42.940552,42.940552,1,838.939880,527.604858,90.487236,56.906948,140,1,714.521362,812.246155,77.067574,87.608078,120,0,0.000000,0.000000,0.000000,0.000000,0,0,0.000000,0.000000,0.000000,0.000000,0
1918,42.973999,42.973999,1,839.205688,528.770325,90.515907,57.032654,131,1,679.593872,799.374939,73.300331,86.219795,123,0,0.000000,0.000000,0.000000,0.000000,0,0,0.000000,0.000000,0.000000,0.000000,0
1920,43.007324,43.007324,1,838.461670,528.500916,90.435661,57.003593,139,1,647.906738,781.708923,69.882584,84.314362,121,0,0.000000,0.000000,0.000000,0.000000,0,0,0.000000,0.000000,0.000000,0.000000,0
1926,43.040649,43.040649,1,839.576233,528.211060,90.555870,56.972332,138,1,618.372070,760.226807,66.697006,81.997322,127,0,0.000000,0.000000,0.000000,0.000000,0,0,0.000000,0.000000,0.000000,0.000000,0
1927,43.073975,43.073975,1,836.636108,529.898376,90.238754,57.154324,141,1,592.877930,736.535339,63.947235,79.441978,118,0,0.000000,0.000000,0.000000,0.000000,0,0,0.000000,0.000000,0.000000,0.000000,0
1931,43.107300,43.107300,1,830.796143,529.395386,89.608864,57.100071,142,1,569.619934,708.660461,61.438648,76.435425,128,0,0.000000,0.000000,0.000000,0.000000,0,0,0.000000,0.000000,0.000000,0.000000,0
1933,43.140625,43.140625,1,830.291077,529.720093,89.554390,57.135090,131,1,549.210815,676.559021,59.237339,72.972992,109,0,0.000000,0.000000,0.000000,0.000000,0,0,0.000000,0.000000,0.000000,0.000000,0
1936,43.173950,43.173950,1,829.635193,528.600647,89.483643,57.014351,131,1,532.461670,643.900818,57.430798,69.450516,86,0,0.000000,0.000000,0.000000,0.000000,0,0,0.000000,0.000000,0.000000,0.000000,0
1940,43.207275,43.207275,1,826.683350,526.642151,89.165260,56.803108,134,1,520.790649,606.804138,56.171974,65.449303,50,0,0.000000,0.000000,0.000000,0.000000,0,0,0.000000,0.000000,0.000000,0.000000,0
1942,43.240601,43.240601,1,822.222778,525.245544,88.684151,56.652473,139,1,513.017151,569.312012,55.333530,61.405434,92,0,0.000000,0.000000,0.000000,0.000000,0,0,0.000000,0.000000,0.000000,0.000000,0
1945,43.273926,43.273926,1,817.678650,523.772095,88.194016,56.493549,143,1,509.711578,531.823975,54.976994,57.362019,86,0,0.000000,0.000000,0.000000,0.000000,0,0,0.000000,0.000000,0.000000,0.000000,0
1949,43.307373,43.307373,1,814.607056,523.182922,87.862717,56.430004,142,1,512.056519,491.904938,55.229916,53.056385,88,0,0.000000,0.000000,0.000000,0.000000,0,0,0.000000,0.000000,0.000000,0.000000,0
1952,43.340698,43.340698,1,814.851562,520.208984,87.889099,56.109230,135,1,518.332520,453.982758,55.906841,48.966137,87,0,0.000000,0.000000,0.000000,0.000000,0,0,0.000000,0.000000,0.000000,0.000000,0
1954,43.374023,43.374023,1,814.527527,520.451050,87.854141,56.135345,131,1,531.182434,415.475891,57.292820,44.812824,88,0,0.000000,0.000000,0.000000,0.000000,0,0,0.000000,0.000000,0.000000,0.000000,0
1957,43.407349,43.407349,1,812.748535,523.597351,87.662270,56.474697,134,1,549.259155,380.016846,59.242558,40.988247,78,0,0.000000,0.000000,0.000000,0.000000,0,0,0.000000,0.000000,0.000000,0.000000,0
1961,43.440674,43.440674,1,814.014465,524.064758,87.798805,56.525116,126,1,571.834167,345.015137,61.677475,37.212997,56,0,0.000000,0.000000,0.000000,0.000000,0,0,0.000000,0.000000,0.000000,0.000000,0
1963,43.473999,43.473999,1,813.690918,521.742981,87.763908,56.274693,126,1,599.453064,311.384430,64.656418,33.585621,45,0,0.000000,0.000000,0.000000,0.000000,0,0,0.000000,0.000000,0.000000,0.000000,0
1966,43.507324,43.507324,1,814.198730,518.502380,87.818680,55.925163,140,0,0.000000,0.000000,0.000000,0.000000,0,0,0.000000,0.000000,0.000000,0.000000,0,0,0.000000,0.000000,0.000000,0.000000,0
1968,43.540649,43.540649,1,815.059937,516.907715,87.911568,55.753162,134,1,655.918945,255.000000,70.746773,27.504051,2,0,0.000000,0.000000,0.000000,0.000000,0,0,0.000000,0.000000,0.000000,0.000000,0
1974,43.573975,43.573975,1,815.302246,514.334412,87.937698,55.475605,135,1,709.101746,230.659164,76.483025,24.878674,30,0,0.000000,0.000000,0.000000,0.000000,0,0,0.000000,0.000000,0.000000,0.000000,0
1976,43.607422,43.607422,1,813.143433,513.323608,87.704857,55.366581,145,1,737.979492,217.932541,79.597748,23.505991,95,0,0.000000,0.000000,0.000000,0.000000,0,0,0.000000,0.000000,0.000000,0.000000,0
1979,43.640747,43.640747,1,813.387024,511.722626,87.731125,55.193905,142,1,777.874451,206.450592,83.900780,22.267559,98,0,0.000000,0.000000,0.000000,0.000000,0,0,0.000000,0.000000,0.000000,0.000000,0
1981,43.674072,43.674072,1,814.537842,511.024811,87.855255,55.118637,129,1,814.917419,199.948944,87.896194,21.566298,94,0,0.000000,0.000000,0.000000,0.000000,0,0,0.000000,0.000000,0.000000,0.000000,0
1984,43.707397,43.707397,1,813.634888,511.542511,87.757858,55.174477,136,1,851.841003,199.882431,91.878738,21.559124,103,0,0.000000,0.000000,0.000000,0.000000,0,0,0.000000,0.000000,0.000000,0.000000,0
1988,43.740723,43.740723,1,811.548584,509.193359,87.532837,54.921101,139,1,888.018738,205.263260,95.780838,22.139494,96,0,0.000000,0.000000,0.000000,0.000000,0,0,0.000000,0.000000,0.000000,0.000000,0
1990,43.774048,43.774048,1,809.821533,505.560944,87.346558,54.529308,141,1,921.881348,215.441101,99.433228,23.237267,88,0,0.000000,0.000000,0.000000,0.000000,0,0,0.000000,0.000000,0.000000,0.000000,0
1993,43.807373,43.807373,1,809.678284,503.448029,87.331108,54.301414,144,1,951.794128,229.663300,102.659584,24.771259,83,0,0.000000,0.000000,0.000000,0.000000,0,0,0.000000,0.000000,0.000000,0.000000,0
1995,43.840698,43.840698,1,811.605164,503.416626,87.538940,54.298027,132,1,969.000000,239.000000,104.515396,25.778307,1,0,0.000000,0.000000,0.000000,0.000000,0,0,0.000000,0.000000,0.000000,0.000000,0
2000,43.874023,43.874023,1,814.199219,505.301605,87.818733,54.501339,136,1,1010.015137,272.414276,108.939247,29.382336,71,0,0.000000,0.000000,0.000000,0.000000,0,0,0.000000,0.000000,0.000000,0.000000,0
2002,43.907471,43.907471,1,815.834167,508.006195,87.995071,54.793053,144,1,1032.488037,299.443390,111.363152,32.297672,74,0,0.000000,0.000000,0.000000,0.000000,0,0,0.000000,0.000000,0.000000,0.000000,0
2006,43.940796,43.940796,1,816.208557,513.318970,88.035454,55.366085,145,1,1053.977905,327.682434,113.681030,35.343506,82,0,0.000000,0.000000,0.000000,0.000000,0,0,0.000000,0.000000,0.000000,0.000000,0
2008,43.974121,43.974121,1,814.738403,517.483032,87.876884,55.815212,145,1,1071.688354,359.276459,115.591255,38.751205,76,0,0.000000,0.000000,0.000000,0.000000,0,0,0.000000,0.000000,0.000000,0.000000,0
2011,44.007446,44.007446,1,813.227905,517.534485,87.713966,55.820763,152,1,1086.499512,393.174377,117.188782,42.407406,73,0,0.000000,0.000000,0.000000,0.000000,0,0,0.000000,0.000000,0.000000,0.000000,0
2014,44.040771,44.040771,1,818.473267,513.692017,88.279724,55.406322,140,1,1095.505493,429.001953,118.160156,46.271729,63,0,0.000000,0.000000,0.000000,0.000000,0,0,0.000000,0.000000,0.000000,0.000000,0
2017,44.074097,44.074097,1,824.217346,509.100342,88.899277,54.911064,144,1,1101.969604,467.360443,118.857368,50.409042,57,0,0.000000,0.000000,0.000000,0.000000,0,0,0.000000,0.000000,0.000000,0.000000,0
2019,44.107422,44.107422,1,829.643677,510.349487,89.484558,55.045795,147,1,1102.757935,503.858429,118.942390,54.345676,59,0,0.000000,0.000000,0.000000,0.000000,0,0,0.000000,0.000000,0.000000,0.000000,0
2025,44.140747,44.140747,1,832.148132,513.154968,89.754684,55.348392,142,1,1099.921875,543.041138,118.636505,58.571884,52,0,0.000000,0.000000,0.000000,0.000000,0,0,0.000000,0.000000,0.000000,0.000000,0
2027,44.174072,44.174072,1,833.051575,514.640442,89.852127,55.508614,123,1,1091.876587,582.012695,117.768745,62.775322,52,0,0.000000,0.000000,0.000000,0.000000,0,0,0.000000,0.000000,0.000000,0.000000,0
2029,44.207397,44.207397,1,830.841064,515.164856,89.613708,55.565182,140,1,1079.336914,621.693054,116.416222,67.055206,76,0,0.000000,0.000000,0.000000,0.000000,0,0,0.000000,0.000000,0.000000,0.000000,0
2033,44.240845,44.240845,1,830.961060,513.574646,89.626648,55.393658,135,1,1059.933838,655.227905,114.323425,70.672241,72,0,0.000000,0.000000,0.000000,0.000000,0,0,0.000000,0.000000,0.000000,0.000000,0
2035,44.274170,44.274170,1,832.441406,514.539856,89.786316,55.497765,132,1,1036.132324,688.855042,111.756218,74.299232,93,0,0.000000,0.000000,0.000000,0.000000,0,0,0.000000,0.000000,0.000000,0.000000,0
2038,44.307495,44.307495,1,833.220337,516.615173,89.870331,55.721607,127,1,1005.591309,718.312256,108.462097,77.476463,97,0,0.000000,0.000000,0.000000,0.000000,0,0,0.000000,0.000000,0.000000,0.000000,0
2040,44.340820,44.340820,1,833.706360,518.178406,89.922752,55.890221,119,1,972.228699,741.783386,104.863640,80.008034,96,0,0.000000,0.000000,0.000000,0.000000,0,0,0.000000,0.000000,0.000000,0.000000,0
2044,44.374146,44.374146,1,833.448608,516.603088,89.894951,55.720306,130,1,935.349243,760.524658,100.885857,82.029449,99,0,0.000000,0.000000,0.000000,0.000000,0,0,0.000000,0.000000,0.000000,0.000000,0
2047,44.407471,44.407471,1,831.121460,513.483337,89.643951,55.383808,123,1,895.447815,774.323364,96.582130,83.517761,101,0,0.000000,0.000000,0.000000,0.000000,0,0,0.000000,0.000000,0.000000,0.000000,0
2051,44.440796,44.440796,1,828.187134,510.891876,89.327454,55.104298,120,1,852.894287,780.671326,91.992348,84.202446,103,0,0.000000,0.000000,0.000000,0.000000,0,0,0.000000,0.000000,0.000000,0.000000,0
2053,44.474121,44.474121,1,826.959900,507.810944,89.195084,54.771992,126,1,809.657837,780.090820,87.328903,84.139832,103,0,0.000000,0.000000,0.000000,0.000000,0,0,0.000000,0.000000,0.000000,0.000000,0
2057,44.507446,44.507446,1,827.519043,503.444855,89.255394,54.301071,128,1,765.816711,773.196533,82.600243,83.396225,97,0,0.000000,0.000000,0.000000,0.000000,0,0,0.000000,0.000000,0.000000,0.000000,0
2059,44.540894,44.540894,1,827.679260,500.219849,89.272675,53.953224,121,1,735.000000,771.000000,79.276382,83.159309,1,0,0.000000,0.000000,0.000000,0.000000,0,0,0.000000,0.000000,0.000000,0.000000,0
2062,44.574219,44.574219,1,829.039490,499.245728,89.419388,53.848156,125,1,680.450317,738.358093,73.392708,79.638588,80,0,0.000000,0.000000,0.000000,0.000000,0,0,0.000000,0.000000,0.000000,0.000000,0
2064,44.607544,44.607544,1,829.413635,501.066864,89.459740,54.044582,130,1,644.244629,712.938599,69.487595,76.896858,37,0,0.000000,0.000000,0.000000,0.000000,0,0,0.000000,0.000000,0.000000,0.000000,0
2068,44.640869,44.640869,1,834.432861,502.244293,90.001114,54.171581,126,1,608.477356,674.968689,65.629776,72.801468,31,0,0.000000,0.000000,0.000000,0.000000,0,0,0.000000,0.000000,0.000000,0.000000,0
2071,44.674194,44.674194,1,838.341553,504.687225,90.422699,54.435074,142,1,577.000000,631.000000,62.234657,68.059044,1,0,0.000000,0.000000,0.000000,0.000000,0,0,0.000000,0.000000,0.000000,0.000000,0
2075,44.707520,44.707520,1,837.483459,506.428223,90.330147,54.622856,138,0,0.000000,0.000000,0.000000,0.000000,0,0,0.000000,0.000000,0.000000,0.000000,0,0,0.000000,0.000000,0.000000,0.000000,0
2077,44.740845,44.740845,1,838.135071,510.968750,90.400429,55.112591,135,0,0.000000,0.000000,0.000000,0.000000,0,0,0.000000,0.000000,0.000000,0.000000,0,0,0.000000,0.000000,0.000000,0.000000,0
2080,44.774170,44.774170,1,835.233521,510.363159,90.087471,55.047272,129,0,0.000000,0.000000,0.000000,0.000000,0,0,0.000000,0.000000,0.000000,0.000000,0,0,0.000000,0.000000,0.000000,0.000000,0
2083,44.807495,44.807495,1,835.193115,507.619476,90.083115,54.751339,137,0,0.000000,0.000000,0.000000,0.000000,0,0,0.000000,0.000000,0.000000,0.000000,0,0,0.000000,0.000000,0.000000,0.000000,0
2086,44.840942,44.840942,1,835.746216,506.552795,90.142769,54.636292,123,0,0.000000,0.000000,0.000000,0.000000,0,0,0.000000,0.000000,0.000000,0.000000,0,0,0.000000,0.000000,0.000000,0.000000,0
2089,44.874268,44.874268,1,838.160522,505.711823,90.403175,54.545582,121,0,0.000000,0.000000,0.000000,0.000000,0,0,0.000000,0.000000,0.000000,0.000000,0,0,0.000000,0.000000,0.000000,0.000000,0
2092,44.907593,44.907593,1,838.907532,507.293121,90.483749,54.716141,110,0,0.000000,0.000000,0.000000,0.000000,0,0,0.000000,0.000000,0.000000,0.000000,0,0,0.000000,0.000000,0.000000,0.000000,0
2095,44.940918,44.940918,1,839.605957,511.599884,90.559074,55.180664,110,0,0.000000,0.000000,0.000000,0.000000,0,0,0.000000,0.000000,0.000000,0.000000,0,0,0.000000,0.000000,0.000000,0.000000,0
2099,44.974243,44.974243,1,837.560303,513.121826,90.338440,55.344818,112,0,0.000000,0.000000,0.000000,0.000000,0,0,0.000000,0.000000,0.000000,0.000000,0,0,0.000000,0.000000,0.000000,0.000000,0
2101,45.007568,45.007568,1,835.347351,510.606812,90.099747,55.073551,121,0,0.000000,0.000000,0.000000,0.000000,0,0,0.000000,0.000000,0.000000,0.000000,0,0,0.000000,0.000000,0.000000,0.000000,0
2104,45.040894,45.040894,1,835.171387,506.854980,90.080772,54.668884,118,0,0.000000,0.000000,0.000000,0.000000,0,0,0.000000,0.000000,0.000000,0.000000,0,0,0.000000,0.000000,0.000000,0.000000,0
2108,45.074219,45.074219,1,833.828796,505.316620,89.935959,54.502956,112,1,766.569031,226.791611,82.681389,24.461521,80,0,0.000000,0.000000,0.000000,0.000000,0,0,0.000000,0.000000,0.000000,0.000000,0
2110,45.107544,45.107544,1,836.606323,504.774170,90.235542,54.444450,101,1,809.688782,217.132507,87.332237,23.419701,89,0,0.000000,0.000000,0.000000,0.000000,0,0,0.000000,0.000000,0.000000,0.000000,0
2113,45.140869,45.140869,1,838.579224,502.505524,90.448341,54.199753,119,1,854.513611,214.286682,92.167007,23.112753,99,0,0.000000,0.000000,0.000000,0.000000,0,0,0.000000,0.000000,0.000000,0.000000,0
2115,45.174316,45.174316,1,836.630066,500.167969,90.238098,53.947628,108,1,897.266174,217.529907,96.778252,23.462563,90,0,0.000000,0.000000,0.000000,0.000000,0,0,0.000000,0.000000,0.000000,0.000000,0
2119,45.207642,45.207642,1,841.536377,500.467438,90.767296,53.979931,97,1,940.029053,226.671829,101.390617,24.448603,79,0,0.000000,0.000000,0.000000,0.000000,0,0,0.000000,0.000000,0.000000,0.000000,0
2123,45.240967,45.240967,1,846.477539,500.248138,91.300240,53.956276,128,1,976.005066,240.770630,105.270950,25.969286,67,0,0.000000,0.000000,0.000000,0.000000,0,0,0.000000,0.000000,0.000000,0.000000,0
2125,45.274292,45.274292,1,846.116821,497.861938,91.261337,53.698902,114,1,1013.176819,260.884583,109.280258,28.138756,78,0,0.000000,0.000000,0.000000,0.000000,0,0,0.000000,0.000000,0.000000,0.000000,0
2128,45.307617,45.307617,1,848.890686,505.044250,91.560516,54.473579,107,1,1045.302490,284.379913,112.745308,30.672941,72,0,0.000000,0.000000,0.000000,0.000000,0,0,0.000000,0.000000,0.000000,0.000000,0
2132,45.340942,45.340942,1,847.110718,507.572388,91.368538,54.746262,105,1,1074.683350,311.563690,115.914299,33.604954,58,0,0.000000,0.000000,0.000000,0.000000,0,0,0.000000,0.000000,0.000000,0.000000,0
2134,45.374268,45.374268,1,846.465576,507.383423,91.298950,54.725880,106,1,1099.491699,342.741089,118.590103,36.967720,60,0,0.000000,0.000000,0.000000,0.000000,0,0,0.000000,0.000000,0.000000,0.000000,0
2137,45.407593,45.407593,1,845.415100,505.727509,91.185646,54.547276,115,1,1119.282715,377.543152,120.724739,40.721436,60,0,0.000000,0.000000,0.000000,0.000000,0,0,0.000000,0.000000,0.000000,0.000000,0
2139,45.440918,45.440918,1,842.337463,507.194366,90.853691,54.705490,104,1,1136.804199,411.435303,122.614586,44.377010,48,0,0.000000,0.000000,0.000000,0.000000,0,0,0.000000,0.000000,0.000000,0.000000,0
2143,45.474365,45.474365,1,840.826111,506.263184,90.690681,54.605053,113,1,1146.060913,448.693085,123.613014,48.395599,71,0,0.000000,0.000000,0.000000,0.000000,0,0,0.000000,0.000000,0.000000,0.000000,0
2145,45.507690,45.507690,1,842.473389,503.641724,90.868355,54.322304,123,1,1145.000000,479.000000,123.498581,51.664471,1,0,0.000000,0.000000,0.000000,0.000000,0,0,0.000000,0.000000,0.000000,0.000000,0
2149,45.541016,45.541016,1,843.041992,505.819672,90.929680,54.557217,96,1,1156.633545,521.620056,124.753365,56.261433,46,0,0.000000,0.000000,0.000000,0.000000,0,0,0.000000,0.000000,0.000000,0.000000,0
2153,45.574341,45.574341,1,843.562195,508.197815,90.985794,54.813721,103,1,1156.079956,559.679688,124.693649,60.366505,52,0,0.000000,0.000000,0.000000,0.000000,0,0,0.000000,0.000000,0.000000,0.000000,0
2155,45.607666,45.607666,1,842.231812,509.229034,90.842300,54.924946,119,1,1150.036011,583.000000,124.041756,62.881809,2,0,0.000000,0.000000,0.000000,0.000000,0,0,0.000000,0.000000,0.000000,0.000000,0
2158,45.640991,45.640991,1,842.569275,511.851501,90.878700,55.207806,102,1,1142.980713,629.488770,123.280792,67.896042,75,0,0.000000,0.000000,0.000000,0.000000,0,0,0.000000,0.000000,0.000000,0.000000,0
2160,45.674316,45.674316,1,843.582092,513.397095,90.987938,55.374508,119,1,1130.428833,663.358276,121.926956,71.549179,88,0,0.000000,0.000000,0.000000,0.000000,0,0,0.000000,0.000000,0.000000,0.000000,0
2163,45.707642,45.707642,1,842.714661,513.960449,90.894379,55.435272,107,1,1117.438965,694.812866,120.525871,74.941833,89,0,0.000000,0.000000,0.000000,0.000000,0,0,0.000000,0.000000,0.000000,0.000000,0
2167,45.740967,45.740967,1,844.272217,514.956360,91.062378,55.542690,109,1,1099.942871,725.526733,118.638771,78.254601,92,0,0.000000,0.000000,0.000000,0.000000,0,0,0.000000,0.000000,0.000000,0.000000,0
2169,45.774414,45.774414,1,844.885498,516.363403,91.128525,55.694454,115,1,1079.731934,753.108887,116.458832,81.229591,94,0,0.000000,0.000000,0.000000,0.000000,0,0,0.000000,0.000000,0.000000,0.000000,0
2174,45.807739,45.807739,1,845.212341,516.814819,91.163780,55.743141,115,1,1056.934326,779.328552,113.999908,84.057617,104,0,0.000000,0.000000,0.000000,0.000000,0,0,0.000000,0.000000,0.000000,0.000000,0
2176,45.841064,45.841064,1,843.373840,519.938599,90.965477,56.080070,110,1,1030.789917,802.187012,111.180000,86.523109,100,0,0.000000,0.000000,0.000000,0.000000,0,0,0.000000,0.000000,0.000000,0.000000,0
2179,45.874390,45.874390,1,840.372314,523.136169,90.641739,56.424953,111,1,1005.040588,821.307678,108.402695,88.585449,100,0,0.000000,0.000000,0.000000,0.000000,0,0,0.000000,0.000000,0.000000,0.000000,0
2182,45.907715,45.907715,1,837.981018,523.007019,90.383820,56.411030,106,1,977.703796,838.243774,105.454178,90.412155,100,0,0.000000,0.000000,0.000000,0.000000,0,0,0.000000,0.000000,0.000000,0.000000,0
2185,45.941040,45.941040,1,836.750916,521.532104,90.251137,56.251942,107,1,947.335876,853.206787,102.178726,92.026047,115,0,0.000000,0.000000,0.000000,0.000000,0,0,0.000000,0.000000,0.000000,0.000000,0
2187,45.974365,45.974365,1,834.813232,522.152222,90.042145,56.318832,115,1,917.410950,865.069092,98.951050,93.305511,111,0,0.000000,0.000000,0.000000,0.000000,0,0,0.000000,0.000000,0.000000,0.000000,0
2191,46.007690,46.007690,1,838.524109,521.909851,90.442390,56.292686,111,1,885.155334,873.556091,95.471985,94.220909,117,0,0.000000,0.000000,0.000000,0.000000,0,0,0.000000,0.000000,0.000000,0.000000,0
2194,46.041016,46.041016,1,839.186157,520.371765,90.513802,56.126789,114,1,852.642029,878.813660,91.965134,94.787987,108,0,0.000000,0.000000,0.000000,0.000000,0,0,0.000000,0.000000,0.000000,0.000000,0
2198,46.074341,46.074341,1,840.677490,522.001404,90.674652,56.302563,111,1,818.904480,881.613586,88.326241,95.089981,105,0,0.000000,0.000000,0.000000,0.000000,0,0,0.000000,0.000000,0.000000,0.000000,0
2200,46.107788,46.107788,1,842.584961,524.145691,90.880394,56.533844,88,1,787.406128,881.682007,84.928856,95.097359,120,0,0.000000,0.000000,0.000000,0.000000,0,0,0.000000,0.000000,0.000000,0.000000,0
2203,46.141113,46.141113,1,842.176636,528.273926,90.836349,56.979107,101,1,752.603760,879.762146,81.175102,94.890289,124,0,0.000000,0.000000,0.000000,0.000000,0,0,0.000000,0.000000,0.000000,0.000000,0
2205,46.174438,46.174438,1,839.218628,529.070496,90.517303,57.065029,113,1,720.764221,874.354614,77.740921,94.307030,117,0,0.000000,0.000000,0.000000,0.000000,0,0,0.000000,0.000000,0.000000,0.000000,0
2209,46.207764,46.207764,1,840.858093,531.705505,90.694138,57.349236,87,1,690.155518,866.721313,74.439499,93.483711,112,0,0.000000,0.000000,0.000000,0.000000,0,0,0.000000,0.000000,0.000000,0.000000,0
2212,46.241089,46.241089,1,836.845337,532.065491,90.261322,57.388065,101,1,660.228455,854.620850,71.211594,92.178574,109,0,0.000000,0.000000,0.000000,0.000000,0,0,0.000000,0.000000,0.000000,0.000000,0
2214,46.274414,46.274414,1,834.841431,531.929749,90.045181,57.373428,100,1,633.230347,842.352112,68.299606,90.855278,110,0,0.000000,0.000000,0.000000,0.000000,0,0,0.000000,0.000000,0.000000,0.000000,0
2218,46.307739,46.307739,1,836.883484,530.159302,90.265434,57.182461,86,1,618.886658,835.738708,66.752510,90.141968,75,0,0.000000,0.000000,0.000000,0.000000,0,0,0.000000,0.000000,0.000000,0.000000,0
2222,46.341064,46.341064,1,835.947937,527.124939,90.164528,56.855183,98,1,615.702332,842.601379,66.409058,90.882164,80,0,0.000000,0.000000,0.000000,0.000000,0,0,0.000000,0.000000,0.000000,0.000000,0
2224,46.374390,46.374390,1,833.360291,524.166870,89.885429,56.536129,102,1,599.663330,836.919922,64.679100,90.269363,69,0,0.000000,0.000000,0.000000,0.000000,0,0,0.000000,0.000000,0.000000,0.000000,0
2227,46.407837,46.407837,1,834.338623,524.664185,89.990944,56.589767,78,1,576.999634,816.592651,62.234615,88.076889,60,0,0.000000,0.000000,0.000000,0.000000,0,0,0.000000,0.000000,0.000000,0.000000,0
2229,46.441162,46.441162,1,831.952698,526.765991,89.733612,56.816463,107,1,562.296753,792.719910,60.648777,85.501999,24,0,0.000000,0.000000,0.000000,0.000000,0,0,0.000000,0.000000,0.000000,0.000000,0
2233,46.474487,46.474487,1,827.978149,527.748291,89.304909,56.922413,127,1,493.361237,637.651978,53.213459,68.776520,6,0,0.000000,0.000000,0.000000,0.000000,0,0,0.000000,0.000000,0.000000,0.000000,0
2236,46.507812,46.507812,1,825.061584,528.773804,88.990341,57.033028,102,1,487.902771,633.000000,52.624718,68.274765,2,0,0.000000,0.000000,0.000000,0.000000,0,0,0.000000,0.000000,0.000000,0.000000,0
2238,46.541138,46.541138,1,825.993591,530.965454,89.090866,57.269417,96,1,487.000000,621.992493,52.527344,67.087502,2,0,0.000000,0.000000,0.000000,0.000000,0,0,0.000000,0.000000,0.000000,0.000000,0
2242,46.574463,46.574463,1,825.270386,531.462708,89.012863,57.323051,99,1,491.000000,592.093140,52.958782,63.862591,2,0,0.000000,0.000000,0.000000,0.000000,0,0,0.000000,0.000000,0.000000,0.000000,0
2244,46.607788,46.607788,1,823.031860,530.651306,88.771416,57.235535,125,0,0.000000,0.000000,0.000000,0.000000,0,0,0.000000,0.000000,0.000000,0.000000,0,0,0.000000,0.000000,0.000000,0.000000,0
2249,46.641113,46.641113,1,820.481445,532.902588,88.496323,57.478355,131,1,519.000000,537.000000,55.978832,57.920296,1,0,0.000000,0.000000,0.000000,0.000000,0,0,0.000000,0.000000,0.000000,0.000000,0
2251,46.674438,46.674438,1,817.753845,533.945923,88.202133,57.590885,110,1,485.000000,449.000000,52.311626,48.428703,1,0,0.000000,0.000000,0.000000,0.000000,0,0,0.000000,0.000000,0.000000,0.000000,0
2255,46.707886,46.707886,1,818.886658,535.845886,88.324310,57.795815,110,1,523.000000,486.025909,56.410271,52.422279,2,0,0.000000,0.000000,0.000000,0.000000,0,0,0.000000,0.000000,0.000000,0.000000,0
2257,46.741211,46.741211,1,817.817871,535.193359,88.209038,57.725437,107,1,545.000000,496.022217,58.783169,53.500473,2,0,0.000000,0.000000,0.000000,0.000000,0,0,0.000000,0.000000,0.000000,0.000000,0
2261,46.774536,46.774536,1,815.270203,536.951233,87.934250,57.915031,101,1,561.942017,493.000000,60.610519,53.174500,2,0,0.000000,0.000000,0.000000,0.000000,0,0,0.000000,0.000000,0.000000,0.000000,0
2263,46.807861,46.807861,1,814.775879,540.710510,87.880928,58.320511,125,1,584.349182,481.587311,63.027336,51.943535,3,0,0.000000,0.000000,0.000000,0.000000,0,0,0.000000,0.000000,0.000000,0.000000,0
2266,46.841187,46.841187,1,815.631165,540.252502,87.973183,58.271107,110,1,553.000000,391.929565,59.646042,42.273140,2,0,0.000000,0.000000,0.000000,0.000000,0,0,0.000000,0.000000,0.000000,0.000000,0
2268,46.874512,46.874512,1,816.595581,536.300476,88.077202,57.844849,103,1,557.000000,368.014801,60.077477,39.693718,4,0,0.000000,0.000000,0.000000,0.000000,0,0,0.000000,0.000000,0.000000,0.000000,0
2272,49.203369,49.203369,1,814.652344,534.807129,87.867607,57.683777,118,1,554.880676,341.903412,59.848888,36.877369,9,0,0.000000,0.000000,0.000000,0.000000,0,0,0.000000,0.000000,0.000000,0.000000,0
2275,49.236694,49.236694,1,810.073059,532.059631,87.373688,57.387436,100,1,569.000000,361.000000,61.371784,38.937107,1,0,0.000000,0.000000,0.000000,0.000000,0,0,0.000000,0.000000,0.000000,0.000000,0
2279,49.270020,49.270020,1,811.569458,526.155457,87.535095,56.750618,119,1,567.000000,358.022217,61.156067,38.615929,2,0,0.000000,0.000000,0.000000,0.000000,0,0,0.000000,0.000000,0.000000,0.000000,0
2281,49.303345,49.303345,1,813.439392,527.575073,87.736778,56.903728,116,1,553.000000,335.000000,59.646042,36.132774,1,0,0.000000,0.000000,0.000000,0.000000,0,0,0.000000,0.000000,0.000000,0.000000,0
2284,49.336670,49.336670,1,813.916260,521.344299,87.788216,56.231689,99,1,555.985291,365.000000,59.968029,39.368542,2,0,0.000000,0.000000,0.000000,0.000000,0,0,0.000000,0.000000,0.000000,0.000000,0
2286,49.369995,49.369995,1,815.788330,518.672668,87.990128,55.943527,110,1,549.000000,391.000000,59.214603,42.172878,1,0,0.000000,0.000000,0.000000,0.000000,0,0,0.000000,0.000000,0.000000,0.000000,0
2290,49.403320,49.403320,1,815.690918,518.641113,87.979622,55.940125,115,0,0.000000,0.000000,0.000000,0.000000,0,0,0.000000,0.000000,0.000000,0.000000,0,0,0.000000,0.000000,0.000000,0.000000,0
2292,49.436646,49.436646,1,814.659180,517.429443,87.868347,55.809437,106,0,0.000000,0.000000,0.000000,0.000000,0,0,0.000000,0.000000,0.000000,0.000000,0,0,0.000000,0.000000,0.000000,0.000000,0
2296,49.469971,49.469971,1,818.313232,518.134888,88.262466,55.885525,110,1,661.000000,457.000000,71.294815,49.291573,1,0,0.000000,0.000000,0.000000,0.000000,0,0,0.000000,0.000000,0.000000,0.000000,0
2300,49.503418,49.503418,1,817.255859,519.395020,88.148422,56.021442,120,1,704.414978,391.675751,75.977509,42.245762,6,0,0.000000,0.000000,0.000000,0.000000,0,0,0.000000,0.000000,0.000000,0.000000,0
2302,49.536743,49.536743,1,821.518066,516.380615,88.608131,55.696308,113,1,737.000000,371.000000,79.492104,40.015697,1,0,0.000000,0.000000,0.000000,0.000000,0,0,0.000000,0.000000,0.000000,0.000000,0
2305,49.570068,49.570068,1,825.036255,518.913879,88.987602,55.969547,106,1,796.220825,341.780243,85.879601,36.864082,27,0,0.000000,0.000000,0.000000,0.000000,0,0,0.000000,0.000000,0.000000,0.000000,0
2307,49.603394,49.603394,1,824.018188,520.520813,88.877800,56.142868,110,1,850.119385,342.896973,91.693047,36.984531,32,0,0.000000,0.000000,0.000000,0.000000,0,0,0.000000,0.000000,0.000000,0.000000,0
2311,49.636719,49.636719,1,824.428406,521.278259,88.922043,56.224560,112,1,914.911438,364.417816,98.681458,39.305748,27,0,0.000000,0.000000,0.000000,0.000000,0,0,0.000000,0.000000,0.000000,0.000000,0
2314,49.670044,49.670044,1,827.016663,521.171753,89.201210,56.213078,112,1,950.895081,390.980316,102.562614,42.170757,4,0,0.000000,0.000000,0.000000,0.000000,0,0,0.000000,0.000000,0.000000,0.000000,0
2316,49.703369,49.703369,1,826.714417,523.120544,89.168610,56.423271,127,1,991.000000,447.000000,106.888290,48.212982,1,0,0.000000,0.000000,0.000000,0.000000,0,0,0.000000,0.000000,0.000000,0.000000,0
2320,49.736694,49.736694,1,822.931030,523.659119,88.760536,56.481361,135,1,1005.047180,492.221252,108.403412,53.090504,5,0,0.000000,0.000000,0.000000,0.000000,0,0,0.000000,0.000000,0.000000,0.000000,0
2323,49.770020,49.770020,1,821.962158,524.636841,88.656036,56.586815,137,1,1004.779785,565.195374,108.374565,60.961422,31,0,0.000000,0.000000,0.000000,0.000000,0,0,0.000000,0.000000,0.000000,0.000000,0
2325,49.803345,49.803345,1,821.893677,523.073792,88.648643,56.418228,124,1,998.046997,599.000000,107.648376,64.607552,2,0,0.000000,0.000000,0.000000,0.000000,0,0,0.000000,0.000000,0.000000,0.000000,0
2329,49.836792,49.836792,1,826.476318,526.194946,89.142929,56.754871,142,1,979.000000,647.000000,105.593987,69.784790,1,0,0.000000,0.000000,0.000000,0.000000,0,0,0.000000,0.000000,0.000000,0.000000,0
2333,49.870117,49.870117,1,826.234863,527.328308,89.116890,56.877117,132,1,926.021545,703.360840,99.879776,75.863815,80,0,0.000000,0.000000,0.000000,0.000000,0,0,0.000000,0.000000,0.000000,0.000000,0
2335,49.903442,49.903442,1,826.635376,534.956299,89.160088,57.699863,136,1,880.113220,732.159973,94.928154,78.970062,122,0,0.000000,0.000000,0.000000,0.000000,0,0,0.000000,0.000000,0.000000,0.000000,0
2338,49.936768,49.936768,1,816.431763,535.827637,88.059532,57.793846,141,1,831.226257,750.082397,89.655251,80.903152,133,0,0.000000,0.000000,0.000000,0.000000,0,0,0.000000,0.000000,0.000000,0.000000,0
2340,49.970093,49.970093,1,812.906982,534.176575,87.679352,57.615761,149,1,779.378479,755.175659,84.063004,81.452507,134,0,0.000000,0.000000,0.000000,0.000000,0,0,0.000000,0.000000,0.000000,0.000000,0
2343,50.003418,50.003418,1,808.557739,534.800415,87.210243,57.683048,127,1,729.082520,749.250793,78.638130,80.813454,136,0,0.000000,0.000000,0.000000,0.000000,0,0,0.000000,0.000000,0.000000,0.000000,0
2347,50.036743,50.036743,1,809.555664,530.953613,87.317879,57.268139,143,1,682.683533,733.531982,73.633583,79.118042,119,0,0.000000,0.000000,0.000000,0.000000,0,0,0.000000,0.000000,0.000000,0.000000,0
2350,50.070068,50.070068,1,807.923279,530.279358,87.141815,57.195412,132,1,640.593811,708.465942,69.093819,76.414444,123,0,0.000000,0.000000,0.000000,0.000000,0,0,0.000000,0.000000,0.000000,0.000000,0
2352,50.103394,50.103394,1,809.385254,524.869934,87.299507,56.611958,142,1,605.764465,675.141418,65.337166,72.820099,120,0,0.000000,0.000000,0.000000,0.000000,0,0,0.000000,0.000000,0.000000,0.000000,0
2356,50.136841,50.136841,1,815.044312,527.306335,87.909882,56.874744,149,1,577.880676,635.782654,62.329643,68.574898,102,0,0.000000,0.000000,0.000000,0.000000,0,0,0.000000,0.000000,0.000000,0.000000,0
2359,50.170166,50.170166,1,810.612915,530.676392,87.431915,57.238239,162,1,558.776489,595.670349,60.269089,64.248421,130,0,0.000000,0.000000,0.000000,0.000000,0,0,0.000000,0.000000,0.000000,0.000000,0
2361,50.203491,50.203491,1,807.053772,529.814392,87.048027,57.145260,143,1,546.586914,549.097900,58.954327,59.225163,126,0,0.000000,0.000000,0.000000,0.000000,0,0,0.000000,0.000000,0.000000,0.000000,0
2365,50.236816,50.236816,1,797.143250,527.113708,85.979088,56.853970,154,1,543.364868,503.780792,58.606808,54.337303,135,0,0.000000,0.000000,0.000000,0.000000,0,0,0.000000,0.000000,0.000000,0.000000,0
2367,50.270142,50.270142,1,796.533569,517.324219,85.913338,55.798088,162,1,549.777893,458.305939,59.298504,49.432430,135,0,0.000000,0.000000,0.000000,0.000000,0,0,0.000000,0.000000,0.000000,0.000000,0
2371,50.303467,50.303467,1,798.459534,511.229980,86.121063,55.140766,153,1,565.354492,415.498260,60.978584,44.815239,135,0,0.000000,0.000000,0.000000,0.000000,0,0,0.000000,0.000000,0.000000,0.000000,0
2373,50.336792,50.336792,1,801.143127,510.438385,86.410515,55.055386,155,1,589.169006,377.599945,63.547192,40.727562,138,0,0.000000,0.000000,0.000000,0.000000,0,0,0.000000,0.000000,0.000000,0.000000,0
2377,50.370117,50.370117,1,806.579773,514.018921,86.996910,55.441578,154,1,619.805725,341.314484,66.851639,36.813847,140,0,0.000000,0.000000,0.000000,0.000000,0,0,0.000000,0.000000,0.000000,0.000000,0
2381,50.403442,50.403442,1,807.344482,515.950134,87.079384,55.649879,152,1,659.451233,311.029999,71.127762,33.547390,123,0,0.000000,0.000000,0.000000,0.000000,0,0,0.000000,0.000000,0.000000,0.000000,0
2383,50.436890,50.436890,1,804.323853,512.474609,86.753586,55.275009,144,1,702.132935,290.885834,75.731369,31.374660,129,0,0.000000,0.000000,0.000000,0.000000,0,0,0.000000,0.000000,0.000000,0.000000,0
2387,50.470215,50.470215,1,800.408691,509.863525,86.331299,54.993382,143,1,751.304749,276.910370,81.034996,29.867281,120,0,0.000000,0.000000,0.000000,0.000000,0,0,0.000000,0.000000,0.000000,0.000000,0
2389,50.503540,50.503540,1,800.418213,504.134521,86.332329,54.375458,156,1,800.537292,275.825317,86.345169,29.750250,100,0,0.000000,0.000000,0.000000,0.000000,0,0,0.000000,0.000000,0.000000,0.000000,0
2392,50.536865,50.536865,1,803.497437,498.827271,86.664444,53.803024,152,1,853.685791,285.742401,92.077713,30.819895,113,0,0.000000,0.000000,0.000000,0.000000,0,0,0.000000,0.000000,0.000000,0.000000,0
2396,50.570190,50.570190,1,808.955444,497.827820,87.253151,53.695225,133,1,901.810181,305.228394,97.268364,32.921635,121,0,0.000000,0.000000,0.000000,0.000000,0,0,0.000000,0.000000,0.000000,0.000000,0
2398,50.603516,50.603516,1,815.418030,498.910065,87.950195,53.811954,147,1,944.072754,334.475464,101.826759,36.076199,107,0,0.000000,0.000000,0.000000,0.000000,0,0,0.000000,0.000000,0.000000,0.000000,0
2402,50.636841,50.636841,1,819.224182,498.805939,88.360725,53.800724,141,1,979.081604,371.997864,105.602783,40.123325,106,0,0.000000,0.000000,0.000000,0.000000,0,0,0.000000,0.000000,0.000000,0.000000,0
2404,50.670166,50.670166,1,815.803833,500.272949,87.991806,53.958954,166,1,1005.687195,417.819305,108.472435,45.065582,114,0,0.000000,0.000000,0.000000,0.000000,0,0,0.000000,0.000000,0.000000,0.000000,0
2407,50.703491,50.703491,1,810.133118,501.469940,87.380165,54.088058,153,1,1021.958008,462.698486,110.227394,49.906204,124,0,0.000000,0.000000,0.000000,0.000000,0,0,0.000000,0.000000,0.000000,0.000000,0
2410,50.736816,50.736816,1,808.990784,499.280151,87.256950,53.851868,161,1,1028.495117,512.521667,110.932480,55.280083,97,0,0.000000,0.000000,0.000000,0.000000,0,0,0.000000,0.000000,0.000000,0.000000,0
2413,50.770264,50.770264,1,811.750488,491.955292,87.554611,53.061817,170,1,1024.923096,560.225586,110.547211,60.425385,113,0,0.000000,0.000000,0.000000,0.000000,0,0,0.000000,0.000000,0.000000,0.000000,0
2415,50.803589,50.803589,1,816.652832,488.857513,88.083374,52.727692,154,1,1012.656128,606.232178,109.224098,65.387611,122,0,0.000000,0.000000,0.000000,0.000000,0,0,0.000000,0.000000,0.000000,0.000000,0
2419,50.836914,50.836914,1,819.339417,491.307648,88.373154,52.991962,160,1,989.546936,648.060303,106.731567,69.899147,132,0,0.000000,0.000000,0.000000,0.000000,0,0,0.000000,0.000000,0.000000,0.000000,0
2422,50.870239,50.870239,1,820.042358,493.901642,88.448967,53.271748,151,1,959.526611,681.231934,103.493607,73.477005,155,0,0.000000,0.000000,0.000000,0.000000,0,0,0.000000,0.000000,0.000000,0.000000,0
2426,50.903564,50.903564,1,813.209778,493.022949,87.712013,53.176975,176,1,923.929504,707.736694,99.654129,76.335785,149,0,0.000000,0.000000,0.000000,0.000000,0,0,0.000000,0.000000,0.000000,0.000000,0
2428,50.936890,50.936890,1,807.664062,489.148621,87.113853,52.759094,169,1,881.649414,727.441956,95.093849,78.461174,156,0,0.000000,0.000000,0.000000,0.000000,0,0,0.000000,0.000000,0.000000,0.000000,0
2431,50.970215,50.970215,1,805.452271,486.042236,86.875298,52.424042,162,1,836.483948,738.719238,90.222336,79.677536,162,0,0.000000,0.000000,0.000000,0.000000,0,0,0.000000,0.000000,0.000000,0.000000,0
2434,51.003540,51.003540,1,808.809875,481.888336,87.237442,51.976006,160,1,790.197205,741.824768,85.229897,80.012497,152,0,0.000000,0.000000,0.000000,0.000000,0,0,0.000000,0.000000,0.000000,0.000000,0
2437,51.036865,51.036865,1,813.900635,479.730621,87.786530,51.743275,156,1,744.308960,737.956848,80.280441,79.595306,168,0,0.000000,0.000000,0.000000,0.000000,0,0,0.000000,0.000000,0.000000,0.000000,0
2439,51.070312,51.070312,1,819.464355,479.755646,88.386627,51.745975,146,1,700.048218,725.641174,75.506516,78.266953,178,0,0.000000,0.000000,0.000000,0.000000,0,0,0.000000,0.000000,0.000000,0.000000,0
2443,51.103638,51.103638,1,825.433594,481.992249,89.030457,51.987213,126,1,659.868713,706.081055,71.172798,76.157211,178,0,0.000000,0.000000,0.000000,0.000000,0,0,0.000000,0.000000,0.000000,0.000000,0
2446,51.136963,51.136963,1,830.067627,482.200867,89.530289,52.009716,133,1,623.879578,680.257385,67.291046,73.371895,158,0,0.000000,0.000000,0.000000,0.000000,0,0,0.000000,0.000000,0.000000,0.000000,0
2450,51.170288,51.170288,1,830.736694,481.995148,89.602448,51.987526,135,1,593.048340,649.220093,63.965614,70.024246,149,0,0.000000,0.000000,0.000000,0.000000,0,0,0.000000,0.000000,0.000000,0.000000,0
2452,51.203613,51.203613,1,830.520996,485.256378,89.579185,52.339279,123,1,568.568359,612.943848,61.325226,66.111526,158,0,0.000000,0.000000,0.000000,0.000000,0,0,0.000000,0.000000,0.000000,0.000000,0
2455,51.236938,51.236938,1,830.359863,486.607513,89.561806,52.485012,137,1,551.410767,573.852051,59.474628,61.895123,158,0,0.000000,0.000000,0.000000,0.000000,0,0,0.000000,0.000000,0.000000,0.000000,0
2457,51.270264,51.270264,1,830.084351,485.998810,89.532089,52.419357,139,1,540.667297,533.448669,58.315845,57.537251,164,0,0.000000,0.000000,0.000000,0.000000,0,0,0.000000,0.000000,0.000000,0.000000,0
2461,51.303589,51.303589,1,831.616394,484.108307,89.697327,52.215450,151,1,536.417725,491.759552,57.857491,53.040703,139,0,0.000000,0.000000,0.000000,0.000000,0,0,0.000000,0.000000,0.000000,0.000000,0
2463,51.336914,51.336914,1,831.237854,479.994904,89.656502,51.771782,146,1,539.123108,450.590118,58.149292,48.600208,125,0,0.000000,0.000000,0.000000,0.000000,0,0,0.000000,0.000000,0.000000,0.000000,0
2466,51.370361,51.370361,1,832.883545,478.611389,89.834007,51.622559,139,1,547.268616,408.401093,59.027859,44.049740,139,0,0.000000,0.000000,0.000000,0.000000,0,0,0.000000,0.000000,0.000000,0.000000,0
2470,51.403687,51.403687,1,834.613892,479.103424,90.020638,51.675629,138,1,562.184814,367.389221,60.636707,39.626244,125,0,0.000000,0.000000,0.000000,0.000000,0,0,0.000000,0.000000,0.000000,0.000000,0
2474,51.437012,51.437012,1,834.909912,480.060913,90.052574,51.778900,142,1,573.000000,347.000000,61.803219,37.427082,1,0,0.000000,0.000000,0.000000,0.000000,0,0,0.000000,0.000000,0.000000,0.000000,0
2476,51.470337,51.470337,1,835.265198,481.017365,90.090889,51.882061,141,1,613.149170,292.882538,66.133675,31.590027,117,0,0.000000,0.000000,0.000000,0.000000,0,0,0.000000,0.000000,0.000000,0.000000,0
2479,52.643555,52.643555,1,836.284790,482.190552,90.200859,52.008602,144,1,648.302673,262.368774,69.925293,28.298838,127,0,0.000000,0.000000,0.000000,0.000000,0,0,0.000000,0.000000,0.000000,0.000000,0
2481,52.676880,52.676880,1,837.294067,482.209198,90.309715,52.010612,142,1,686.577698,237.345215,74.053604,25.599823,118,0,0.000000,0.000000,0.000000,0.000000,0,0,0.000000,0.000000,0.000000,0.000000,0
2485,52.710205,52.710205,1,838.566345,487.128815,90.446945,52.541241,145,1,727.874695,218.646774,78.507851,23.583027,115,0,0.000000,0.000000,0.000000,0.000000,0,0,0.000000,0.000000,0.000000,0.000000,0
2487,52.743530,52.743530,1,842.165039,489.237122,90.835098,52.768639,132,1,771.126465,205.762375,83.172943,22.193329,119,0,0.000000,0.000000,0.000000,0.000000,0,0,0.000000,0.000000,0.000000,0.000000,0
2490,52.776855,52.776855,1,846.227112,490.542480,91.273232,52.909431,116,1,816.797119,199.617355,88.098938,21.530533,120,0,0.000000,0.000000,0.000000,0.000000,0,0,0.000000,0.000000,0.000000,0.000000,0
2494,52.810303,52.810303,1,847.245850,490.067230,91.383110,52.858173,110,1,863.492493,199.830597,93.135460,21.553532,103,0,0.000000,0.000000,0.000000,0.000000,0,0,0.000000,0.000000,0.000000,0.000000,0
2498,52.843628,52.843628,1,847.159424,491.971863,91.373787,53.063602,97,1,907.811218,207.138153,97.915627,22.341719,104,0,0.000000,0.000000,0.000000,0.000000,0,0,0.000000,0.000000,0.000000,0.000000,0
2500,52.876953,52.876953,1,848.082458,494.135925,91.473351,53.297020,100,1,951.005676,222.033615,102.574547,23.948330,81,0,0.000000,0.000000,0.000000,0.000000,0,0,0.000000,0.000000,0.000000,0.000000,0
2504,52.910278,52.910278,1,849.401428,493.812103,91.615608,53.262089,94,1,992.213257,242.611023,107.019157,26.167788,70,0,0.000000,0.000000,0.000000,0.000000,0,0,0.000000,0.000000,0.000000,0.000000,0
2506,52.943604,52.943604,1,849.517761,492.186462,91.628159,53.086754,105,1,1030.094849,269.142059,111.105026,29.029400,76,0,0.000000,0.000000,0.000000,0.000000,0,0,0.000000,0.000000,0.000000,0.000000,0
2509,52.976929,52.976929,1,848.304749,492.052063,91.497322,53.072254,121,1,1062.372559,298.177887,114.586464,32.161179,79,0,0.000000,0.000000,0.000000,0.000000,0,0,0.000000,0.000000,0.000000,0.000000,0
2511,53.010254,53.010254,1,847.008301,492.147980,91.357491,53.082600,109,1,1089.757446,332.011810,117.540176,35.810471,71,0,0.000000,0.000000,0.000000,0.000000,0,0,0.000000,0.000000,0.000000,0.000000,0
2514,53.043579,53.043579,1,847.521362,494.997192,91.412827,53.389915,78,1,1112.831787,370.092621,120.028954,39.917831,74,0,0.000000,0.000000,0.000000,0.000000,0,0,0.000000,0.000000,0.000000,0.000000,0
2518,53.076904,53.076904,0,0.000000,0.000000,0.000000,0.000000,0,1,1119.000000,399.000000,120.694244,43.035751,1,0,0.000000,0.000000,0.000000,0.000000,0,0,0.000000,0.000000,0.000000,0.000000,0
2521,53.110352,53.110352,0,0.000000,0.000000,0.000000,0.000000,0,1,1142.087646,449.641846,123.184464,48.497929,60,0,0.000000,0.000000,0.000000,0.000000,0,0,0.000000,0.000000,0.000000,0.000000,0
2523,53.143677,53.143677,0,0.000000,0.000000,0.000000,0.000000,0,1,1147.673218,491.609131,123.786919,53.024479,70,0,0.000000,0.000000,0.000000,0.000000,0,0,0.000000,0.000000,0.000000,0.000000,0
2527,53.177002,53.177002,0,0.000000,0.000000,0.000000,0.000000,0,1,1149.045654,532.224182,123.934937,57.405178,58,0,0.000000,0.000000,0.000000,0.000000,0,0,0.000000,0.000000,0.000000,0.000000,0
2529,53.210327,53.210327,1,856.632751,496.044922,92.395569,53.502922,74,1,1144.267700,571.914062,123.419601,61.686089,59,0,0.000000,0.000000,0.000000,0.000000,0,0,0.000000,0.000000,0.000000,0.000000,0
2533,53.243652,53.243652,1,859.752319,496.902954,92.732048,53.595470,87,1,1134.780884,609.796448,122.396362,65.772049,73,0,0.000000,0.000000,0.000000,0.000000,0,0,0.000000,0.000000,0.000000,0.000000,0
2536,53.276978,53.276978,1,863.696655,499.467529,93.157478,53.872078,40,1,1121.665405,646.252136,120.981735,69.704124,79,0,0.000000,0.000000,0.000000,0.000000,0,0,0.000000,0.000000,0.000000,0.000000,0
2538,53.310303,53.310303,1,865.236572,501.111755,93.323578,54.049427,60,1,1105.446167,679.177734,119.232353,73.255447,92,0,0.000000,0.000000,0.000000,0.000000,0,0,0.000000,0.000000,0.000000,0.000000,0
2542,53.343628,53.343628,1,864.331543,505.111877,93.225960,54.480873,70,1,1083.097534,711.403137,116.821846,76.731247,84,0,0.000000,0.000000,0.000000,0.000000,0,0,0.000000,0.000000,0.000000,0.000000,0
2545,53.376953,53.376953,1,863.473877,509.849640,93.133446,54.991882,68,1,1058.131836,740.810486,114.129059,79.903091,89,0,0.000000,0.000000,0.000000,0.000000,0,0,0.000000,0.000000,0.000000,0.000000,0
2547,53.410400,53.410400,1,862.069336,513.443604,92.981956,55.379524,88,1,1031.552124,765.488647,111.262207,82.564857,101,0,0.000000,0.000000,0.000000,0.000000,0,0,0.000000,0.000000,0.000000,0.000000,0
2551,53.443726,53.443726,1,862.911987,516.146240,93.072845,55.671028,68,1,1000.937317,788.711060,107.960121,85.069603,103,0,0.000000,0.000000,0.000000,0.000000,0,0,0.000000,0.000000,0.000000,0.000000,0
2553,53.477051,53.477051,1,859.539795,520.486694,92.709122,56.139183,97,1,968.951721,808.143066,104.510185,87.165527,97,0,0.000000,0.000000,0.000000,0.000000,0,0,0.000000,0.000000,0.000000,0.000000,0
2556,53.510376,53.510376,1,858.760132,524.247070,92.625023,56.544781,78,1,933.839355,823.012207,100.723000,88.769295,98,0,0.000000,0.000000,0.000000,0.000000,0,0,0.000000,0.000000,0.000000,0.000000,0
2560,53.543701,53.543701,1,857.842163,528.920410,92.526024,57.048843,81,1,897.986389,835.489563,96.855934,90.115089,85,0,0.000000,0.000000,0.000000,0.000000,0,0,0.000000,0.000000,0.000000,0.000000,0
2562,53.577026,53.577026,1,856.291260,530.898926,92.358742,57.262241,97,1,860.645874,841.349609,92.828423,90.747147,101,0,0.000000,0.000000,0.000000,0.000000,0,0,0.000000,0.000000,0.000000,0.000000,0
2565,53.610352,53.610352,1,853.363342,535.028809,92.042938,57.707687,96,1,821.988647,842.399292,88.658890,90.860367,93,0,0.000000,0.000000,0.000000,0.000000,0,0,0.000000,0.000000,0.000000,0.000000,0
2569,53.643677,53.643677,1,851.495850,538.011841,91.841507,58.029430,83,1,789.464233,843.722351,85.150841,91.003067,70,0,0.000000,0.000000,0.000000,0.000000,0,0,0.000000,0.000000,0.000000,0.000000,0
2571,53.677002,53.677002,1,850.076172,538.172791,91.688385,58.046791,89,1,760.024536,843.338013,81.975502,90.961609,64,0,0.000000,0.000000,0.000000,0.000000,0,0,0.000000,0.000000,0.000000,0.000000,0
2575,53.710327,53.710327,1,846.264832,537.728027,91.277298,57.998817,80,0,0.000000,0.000000,0.000000,0.000000,0,0,0.000000,0.000000,0.000000,0.000000,0,0,0.000000,0.000000,0.000000,0.000000,0
2577,53.743774,53.743774,1,842.414001,539.070679,90.861946,58.143635,82,0,0.000000,0.000000,0.000000,0.000000,0,0,0.000000,0.000000,0.000000,0.000000,0,0,0.000000,0.000000,0.000000,0.000000,0
2580,53.777100,53.777100,1,835.708008,538.651367,90.138649,58.098412,120,0,0.000000,0.000000,0.000000,0.000000,0,0,0.000000,0.000000,0.000000,0.000000,0,0,0.000000,0.000000,0.000000,0.000000,0
2584,53.810425,53.810425,1,830.952332,540.234253,89.625710,58.269138,96,0,0.000000,0.000000,0.000000,0.000000,0,0,0.000000,0.000000,0.000000,0.000000,0,0,0.000000,0.000000,0.000000,0.000000,0
2586,53.843750,53.843750,1,828.030640,540.673096,89.310577,58.316471,80,0,0.000000,0.000000,0.000000,0.000000,0,0,0.000000,0.000000,0.000000,0.000000,0,0,0.000000,0.000000,0.000000,0.000000,0
2589,53.877075,53.877075,1,823.088501,539.035278,88.777519,58.139820,106,0,0.000000,0.000000,0.000000,0.000000,0,0,0.000000,0.000000,0.000000,0.000000,0,0,0.000000,0.000000,0.000000,0.000000,0
2593,53.910400,53.910400,1,820.922302,539.104370,88.543877,58.147270,78,0,0.000000,0.000000,0.000000,0.000000,0,0,0.000000,0.000000,0.000000,0.000000,0,0,0.000000,0.000000,0.000000,0.000000,0
2595,53.943726,53.943726,1,818.559875,538.804077,88.289070,58.114883,92,0,0.000000,0.000000,0.000000,0.000000,0,0,0.000000,0.000000,0.000000,0.000000,0,0,0.000000,0.000000,0.000000,0.000000,0
2599,53.977051,53.977051,1,818.206360,538.955750,88.250938,58.131245,85,0,0.000000,0.000000,0.000000,0.000000,0,0,0.000000,0.000000,0.000000,0.000000,0,0,0.000000,0.000000,0.000000,0.000000,0
2601,54.010376,54.010376,1,820.347961,539.101746,88.481926,58.146988,91,0,0.000000,0.000000,0.000000,0.000000,0,0,0.000000,0.000000,0.000000,0.000000,0,0,0.000000,0.000000,0.000000,0.000000,0
2604,54.043823,54.043823,1,820.969971,538.796753,88.549019,58.114090,109,0,0.000000,0.000000,0.000000,0.000000,0,0,0.000000,0.000000,0.000000,0.000000,0,0,0.000000,0.000000,0.000000,0.000000,0
2608,54.077148,54.077148,1,814.217651,541.000732,87.820717,58.351810,111,0,0.000000,0.000000,0.000000,0.000000,0,0,0.000000,0.000000,0.000000,0.000000,0,0,0.000000,0.000000,0.000000,0.000000,0
2610,54.110474,54.110474,1,808.422363,540.806274,87.195648,58.330837,80,0,0.000000,0.000000,0.000000,0.000000,0,0,0.000000,0.000000,0.000000,0.000000,0,0,0.000000,0.000000,0.000000,0.000000,0
2613,54.143799,54.143799,0,0.000000,0.000000,0.000000,0.000000,0,0,0.000000,0.000000,0.000000,0.000000,0,0,0.000000,0.000000,0.000000,0.000000,0,0,0.000000,0.000000,0.000000,0.000000,0
2617,54.177124,54.177124,0,0.000000,0.000000,0.000000,0.000000,0,1,933.000000,423.000000,100.632469,45.624367,1,0,0.000000,0.000000,0.000000,0.000000,0,0,0.000000,0.000000,0.000000,0.000000,0
2621,54.210449,54.210449,1,805.000000,539.000000,86.826515,58.136013,1,0,0.000000,0.000000,0.000000,0.000000,0,0,0.000000,0.000000,0.000000,0.000000,0,0,0.000000,0.000000,0.000000,0.000000,0
2623,54.243774,54.243774,1,801.787842,528.487671,86.480049,57.002167,66,1,967.000000,506.859039,104.299675,54.669319,3,0,0.000000,0.000000,0.000000,0.000000,0,0,0.000000,0.000000,0.000000,0.000000,0
2626,54.277100,54.277100,1,803.827454,523.501099,86.700043,56.464317,113,1,967.653259,566.346741,104.370140,61.085606,3,0,0.000000,0.000000,0.000000,0.000000,0,0,0.000000,0.000000,0.000000,0.000000,0
2628,54.310425,54.310425,1,804.174377,528.241577,86.737465,56.975620,97,1,955.000000,609.000000,103.005371,65.686142,1,0,0.000000,0.000000,0.000000,0.000000,0,0,0.000000,0.000000,0.000000,0.000000,0
2631,54.343872,54.343872,1,805.841125,530.661438,86.917236,57.236622,125,1,924.222900,669.113220,99.685783,72.169899,20,0,0.000000,0.000000,0.000000,0.000000,0,0,0.000000,0.000000,0.000000,0.000000,0
2635,54.377197,54.377197,1,804.795044,529.733154,86.804413,57.136497,127,1,889.000000,707.000000,95.886673,76.256332,1,0,0.000000,0.000000,0.000000,0.000000,0,0,0.000000,0.000000,0.000000,0.000000,0
2637,54.410522,54.410522,1,805.115723,528.286499,86.838997,56.980465,131,1,845.000000,723.000000,91.140877,77.982071,1,0,0.000000,0.000000,0.000000,0.000000,0,0,0.000000,0.000000,0.000000,0.000000,0
2641,54.443848,54.443848,1,806.184204,529.802612,86.954239,57.143993,105,1,782.366028,734.903259,84.385231,79.265953,79,0,0.000000,0.000000,0.000000,0.000000,0,0,0.000000,0.000000,0.000000,0.000000,0
2644,54.477173,54.477173,1,808.104187,532.502197,87.161331,57.435165,111,1,730.242310,725.474792,78.763222,78.249001,55,0,0.000000,0.000000,0.000000,0.000000,0,0,0.000000,0.000000,0.000000,0.000000,0
2646,54.510498,54.510498,1,808.709595,533.495667,87.226631,57.542320,104,1,697.000000,711.000000,75.177742,76.687767,1,0,0.000000,0.000000,0.000000,0.000000,0,0,0.000000,0.000000,0.000000,0.000000,0
2650,54.543823,54.543823,1,810.185486,534.890259,87.385811,57.692741,111,1,638.377197,662.394714,68.854744,71.445251,3,0,0.000000,0.000000,0.000000,0.000000,0,0,0.000000,0.000000,0.000000,0.000000,0
2652,54.577148,54.577148,1,810.253235,533.808838,87.393120,57.576103,94,1,611.000000,609.963501,65.901863,65.790070,2,0,0.000000,0.000000,0.000000,0.000000,0,0,0.000000,0.000000,0.000000,0.000000,0
2655,54.610474,54.610474,1,809.644653,535.001465,87.327484,57.704731,113,1,598.643860,579.416443,64.569138,62.495293,5,0,0.000000,0.000000,0.000000,0.000000,0,0,0.000000,0.000000,0.000000,0.000000,0
2659,54.643799,54.643799,1,812.052490,539.136536,87.587189,58.150742,95,0,0.000000,0.000000,0.000000,0.000000,0,0,0.000000,0.000000,0.000000,0.000000,0,0,0.000000,0.000000,0.000000,0.000000,0
2661,54.677246,54.677246,1,810.976929,536.873108,87.471184,57.906609,115,1,609.000000,452.000000,65.686142,48.752277,2,0,0.000000,0.000000,0.000000,0.000000,0,0,0.000000,0.000000,0.000000,0.000000,0
2664,54.710571,54.710571,1,809.661316,533.855591,87.329277,57.581139,113,0,0.000000,0.000000,0.000000,0.000000,0,0,0.000000,0.000000,0.000000,0.000000,0,0,0.000000,0.000000,0.000000,0.000000,0
2668,54.743896,54.743896,1,808.408691,528.379028,87.194176,56.990448,103,0,0.000000,0.000000,0.000000,0.000000,0,0,0.000000,0.000000,0.000000,0.000000,0,0,0.000000,0.000000,0.000000,0.000000,0
2670,54.777222,54.777222,1,809.715088,524.359253,87.335075,56.556873,96,0,0.000000,0.000000,0.000000,0.000000,0,0,0.000000,0.000000,0.000000,0.000000,0,0,0.000000,0.000000,0.000000,0.000000,0
2674,54.810547,54.810547,1,809.095764,519.772217,87.268280,56.062126,96,0,0.000000,0.000000,0.000000,0.000000,0,0,0.000000,0.000000,0.000000,0.000000,0,0,0.000000,0.000000,0.000000,0.000000,0
2676,54.843872,54.843872,1,810.156860,515.727478,87.382729,55.625866,103,0,0.000000,0.000000,0.000000,0.000000,0,0,0.000000,0.000000,0.000000,0.000000,0,0,0.000000,0.000000,0.000000,0.000000,0
2679,54.877197,54.877197,1,812.626587,512.715759,87.649109,55.301018,93,0,0.000000,0.000000,0.000000,0.000000,0,0,0.000000,0.000000,0.000000,0.000000,0,0,0.000000,0.000000,0.000000,0.000000,0
2683,54.910522,54.910522,1,814.076172,507.156189,87.805458,54.701374,106,0,0.000000,0.000000,0.000000,0.000000,0,0,0.000000,0.000000,0.000000,0.000000,0,0,0.000000,0.000000,0.000000,0.000000,0
2685,54.943848,54.943848,1,816.027832,506.232117,88.015968,54.601704,101,0,0.000000,0.000000,0.000000,0.000000,0,0,0.000000,0.000000,0.000000,0.000000,0,0,0.000000,0.000000,0.000000,0.000000,0
2688,54.977295,54.977295,1,814.704468,503.258698,87.873230,54.280991,119,0,0.000000,0.000000,0.000000,0.000000,0,0,0.000000,0.000000,0.000000,0.000000,0,0,0.000000,0.000000,0.000000,0.000000,0
2692,55.010620,55.010620,1,817.366028,501.814117,88.160301,54.125183,116,1,1025.776123,459.260742,110.639214,49.535416,27,0,0.000000,0.000000,0.000000,0.000000,0,0,0.000000,0.000000,0.000000,0.000000,0
2695,55.043945,55.043945,1,815.641907,500.929352,87.974335,54.029751,115,1,1029.000000,481.000000,110.986938,51.880192,1,0,0.000000,0.000000,0.000000,0.000000,0,0,0.000000,0.000000,0.000000,0.000000,0
2697,55.077271,55.077271,1,817.450073,498.977844,88.169373,53.819263,109,1,1032.594116,545.171997,111.374596,58.801716,16,0,0.000000,0.000000,0.000000,0.000000,0,0,0.000000,0.000000,0.000000,0.000000,0
2701,55.110596,55.110596,1,816.055603,502.172424,88.018959,54.163826,109,1,1027.501709,594.084961,110.825333,64.077423,43,0,0.000000,0.000000,0.000000,0.000000,0,0,0.000000,0.000000,0.000000,0.000000,0
2703,55.143921,55.143921,1,817.347229,502.619293,88.158272,54.212029,116,1,1010.932434,634.563354,109.038185,68.443382,56,0,0.000000,0.000000,0.000000,0.000000,0,0,0.000000,0.000000,0.000000,0.000000,0
2706,55.177246,55.177246,1,813.829834,493.579498,87.778893,53.237003,133,1,986.270935,673.216187,106.378220,72.612442,71,0,0.000000,0.000000,0.000000,0.000000,0,0,0.000000,0.000000,0.000000,0.000000,0
2710,55.210571,55.210571,1,817.246216,488.093048,88.147377,52.645241,122,1,958.087708,705.737122,103.338402,76.120117,79,0,0.000000,0.000000,0.000000,0.000000,0,0,0.000000,0.000000,0.000000,0.000000,0
2712,55.243896,55.243896,1,820.040283,492.730988,88.448746,53.145485,116,1,921.401489,731.224548,99.381462,78.869164,85,0,0.000000,0.000000,0.000000,0.000000,0,0,0.000000,0.000000,0.000000,0.000000,0
2715,55.277344,55.277344,1,821.870972,491.387543,88.646202,53.000580,111,1,882.759705,749.911926,95.213600,80.884773,97,0,0.000000,0.000000,0.000000,0.000000,0,0,0.000000,0.000000,0.000000,0.000000,0
2719,55.310669,55.310669,1,828.504700,492.254120,89.361710,53.094048,117,1,840.809448,763.380249,90.688889,82.337448,91,0,0.000000,0.000000,0.000000,0.000000,0,0,0.000000,0.000000,0.000000,0.000000,0
2722,55.343994,55.343994,1,828.504822,499.444733,89.361725,53.869621,128,1,798.804321,770.392456,86.158257,83.093781,83,0,0.000000,0.000000,0.000000,0.000000,0,0,0.000000,0.000000,0.000000,0.000000,0
2724,55.377319,55.377319,1,827.000122,504.446381,89.199425,54.409096,99,1,753.669434,770.941956,81.290047,83.153046,54,0,0.000000,0.000000,0.000000,0.000000,0,0,0.000000,0.000000,0.000000,0.000000,0
2728,55.410645,55.410645,1,827.840637,507.019440,89.290085,54.686623,116,1,714.472595,763.684570,77.062317,82.370270,54,0,0.000000,0.000000,0.000000,0.000000,0,0,0.000000,0.000000,0.000000,0.000000,0
2730,55.443970,55.443970,1,825.147644,507.050110,88.999619,54.689930,107,1,682.527405,753.778076,73.616737,81.301773,5,0,0.000000,0.000000,0.000000,0.000000,0,0,0.000000,0.000000,0.000000,0.000000,0
2733,55.477295,55.477295,1,821.996826,507.450043,88.659775,54.733067,110,1,636.444336,726.635742,68.646263,78.374222,49,0,0.000000,0.000000,0.000000,0.000000,0,0,0.000000,0.000000,0.000000,0.000000,0
2737,55.510620,55.510620,1,823.568176,506.840057,88.829254,54.667274,115,1,596.734009,701.322693,64.363152,75.643982,19,0,0.000000,0.000000,0.000000,0.000000,0,0,0.000000,0.000000,0.000000,0.000000,0
2739,55.543945,55.543945,1,821.449768,503.626526,88.600769,54.320667,126,1,577.000000,686.054077,62.234657,73.997124,2,0,0.000000,0.000000,0.000000,0.000000,0,0,0.000000,0.000000,0.000000,0.000000,0
2742,55.577271,55.577271,1,819.635986,506.292847,88.405136,54.608250,121,1,543.682739,641.111816,58.641087,69.149696,73,0,0.000000,0.000000,0.000000,0.000000,0,0,0.000000,0.000000,0.000000,0.000000,0
2746,55.610718,55.610718,1,820.125732,511.507935,88.457962,55.170746,101,1,524.041138,603.771912,56.522568,65.122253,48,0,0.000000,0.000000,0.000000,0.000000,0,0,0.000000,0.000000,0.000000,0.000000,0
2748,55.644043,55.644043,1,823.301331,511.289551,88.800476,55.147194,93,1,509.000000,577.000000,54.900242,62.234657,1,0,0.000000,0.000000,0.000000,0.000000,0,0,0.000000,0.000000,0.000000,0.000000,0
2751,55.677368,55.677368,1,821.462341,513.677612,88.602127,55.404762,113,1,501.972778,521.893921,54.142296,56.290966,51,0,0.000000,0.000000,0.000000,0.000000,0,0,0.000000,0.000000,0.000000,0.000000,0
2755,55.710693,55.710693,1,817.491882,512.085083,88.173874,55.232998,109,0,0.000000,0.000000,0.000000,0.000000,0,0,0.000000,0.000000,0.000000,0.000000,0,0,0.000000,0.000000,0.000000,0.000000,0
2757,55.744019,55.744019,1,813.927917,509.732849,87.789467,54.979286,111,1,551.000000,357.000000,59.430321,38.505672,1,0,0.000000,0.000000,0.000000,0.000000,0,0,0.000000,0.000000,0.000000,0.000000,0
2760,55.777344,55.777344,1,813.493286,508.252350,87.742592,54.819603,110,1,553.000000,342.084961,59.646042,36.896950,2,0,0.000000,0.000000,0.000000,0.000000,0,0,0.000000,0.000000,0.000000,0.000000,0
2762,55.810669,55.810669,1,812.252136,510.177643,87.608727,55.027264,111,0,0.000000,0.000000,0.000000,0.000000,0,0,0.000000,0.000000,0.000000,0.000000,0,0,0.000000,0.000000,0.000000,0.000000,0
2768,55.843994,55.843994,1,808.763184,509.270508,87.232414,54.929420,128,1,572.356079,324.346344,61.733768,34.983681,3,0,0.000000,0.000000,0.000000,0.000000,0,0,0.000000,0.000000,0.000000,0.000000,0
2770,55.877319,55.877319,1,803.861389,505.878082,86.703705,54.563515,153,1,589.810303,279.722717,63.616367,30.170620,61,0,0.000000,0.000000,0.000000,0.000000,0,0,0.000000,0.000000,0.000000,0.000000,0
2773,55.910767,55.910767,1,810.424133,498.553741,87.411560,53.773521,135,1,620.541687,253.531036,66.931015,27.345610,92,0,0.000000,0.000000,0.000000,0.000000,0,0,0.000000,0.000000,0.000000,0.000000,0
2775,55.944092,55.944092,1,811.694519,507.539978,87.548576,54.742767,122,1,655.984314,229.909531,70.753830,24.797817,76,0,0.000000,0.000000,0.000000,0.000000,0,0,0.000000,0.000000,0.000000,0.000000,0
2778,55.977417,55.977417,1,811.332947,507.399994,87.509575,54.727669,130,1,696.257202,210.242569,75.097618,22.676558,90,0,0.000000,0.000000,0.000000,0.000000,0,0,0.000000,0.000000,0.000000,0.000000,0
2781,56.010742,56.010742,1,812.819641,506.729095,87.669930,54.655304,120,1,736.597595,197.189713,79.448692,21.268690,86,0,0.000000,0.000000,0.000000,0.000000,0,0,0.000000,0.000000,0.000000,0.000000,0
2784,56.044067,56.044067,1,815.151428,506.752655,87.921440,54.657848,103,1,779.993347,191.313950,84.129318,20.634937,99,0,0.000000,0.000000,0.000000,0.000000,0,0,0.000000,0.000000,0.000000,0.000000,0
2787,56.077393,56.077393,1,817.546936,507.288666,88.179810,54.715660,106,1,820.142883,192.060715,88.459808,20.715481,89,0,0.000000,0.000000,0.000000,0.000000,0,0,0.000000,0.000000,0.000000,0.000000,0
2790,56.110718,56.110718,1,818.774841,503.922272,88.312256,54.352566,89,1,862.753601,196.615723,93.055763,21.206781,78,0,0.000000,0.000000,0.000000,0.000000,0,0,0.000000,0.000000,0.000000,0.000000,0
2794,56.144043,56.144043,1,821.695251,505.757812,88.627251,54.550541,101,1,903.810852,204.922653,97.484161,22.102757,57,0,0.000000,0.000000,0.000000,0.000000,0,0,0.000000,0.000000,0.000000,0.000000,0
2796,56.177368,56.177368,1,825.299500,506.688293,89.015999,54.650906,76,1,946.085632,221.888718,102.043869,23.932701,62,0,0.000000,0.000000,0.000000,0.000000,0,0,0.000000,0.000000,0.000000,0.000000,0
2799,56.210815,56.210815,1,828.036316,506.070404,89.311188,54.584259,64,1,980.973572,241.318085,105.806854,26.028334,43,0,0.000000,0.000000,0.000000,0.000000,0,0,0.000000,0.000000,0.000000,0.000000,0
2803,56.244141,56.244141,1,828.206665,503.993713,89.329559,54.360268,76,1,1009.000000,273.000000,108.829758,29.445513,1,0,0.000000,0.000000,0.000000,0.000000,0,0,0.000000,0.000000,0.000000,0.000000,0
2805,56.277466,56.277466,1,829.709900,503.216034,89.491699,54.276390,94,1,1048.420776,299.848114,113.081642,32.341324,60,0,0.000000,0.000000,0.000000,0.000000,0,0,0.000000,0.000000,0.000000,0.000000,0
2808,56.310791,56.310791,1,834.875488,504.452637,90.048859,54.409767,101,1,1076.181519,332.361389,116.075890,35.848175,48,0,0.000000,0.000000,0.000000,0.000000,0,0,0.000000,0.000000,0.000000,0.000000,0
2810,56.344116,56.344116,1,838.154724,504.324036,90.402550,54.395901,113,1,1087.000000,361.000000,117.242760,38.937107,1,0,0.000000,0.000000,0.000000,0.000000,0,0,0.000000,0.000000,0.000000,0.000000,0
2814,56.377441,56.377441,1,834.903503,505.379730,90.051880,54.509766,61,1,1114.767578,403.042328,120.237740,43.471752,31,0,0.000000,0.000000,0.000000,0.000000,0,0,0.000000,0.000000,0.000000,0.000000,0
2817,56.410767,56.410767,1,831.372070,510.505157,89.670982,55.062588,18,1,1127.494263,442.426147,121.610435,47.719650,24,0,0.000000,0.000000,0.000000,0.000000,0,0,0.000000,0.000000,0.000000,0.000000,0
2821,56.444092,56.444092,0,0.000000,0.000000,0.000000,0.000000,0,1,1131.192627,479.335754,122.009331,51.700684,33,0,0.000000,0.000000,0.000000,0.000000,0,0,0.000000,0.000000,0.000000,0.000000,0
2823,56.477417,56.477417,0,0.000000,0.000000,0.000000,0.000000,0,1,1135.411133,523.634583,122.464333,56.478718,44,0,0.000000,0.000000,0.000000,0.000000,0,0,0.000000,0.000000,0.000000,0.000000,0
2827,56.510742,56.510742,1,837.452332,510.237061,90.326790,55.033672,5,1,1133.405762,564.204529,122.248039,60.854546,40,0,0.000000,0.000000,0.000000,0.000000,0,0,0.000000,0.000000,0.000000,0.000000,0
2829,56.544189,56.544189,1,832.600464,512.492432,89.803474,55.276932,81,1,1128.870483,601.396240,121.758865,64.866013,64,0,0.000000,0.000000,0.000000,0.000000,0,0,0.000000,0.000000,0.000000,0.000000,0
2832,56.577515,56.577515,1,832.154663,512.955017,89.755386,55.326828,98,1,1117.461670,641.969849,120.528320,69.242241,67,0,0.000000,0.000000,0.000000,0.000000,0,0,0.000000,0.000000,0.000000,0.000000,0
2834,56.610840,56.610840,1,830.986511,513.470337,89.629395,55.382408,92,1,1103.116699,676.515564,118.981087,72.968307,81,0,0.000000,0.000000,0.000000,0.000000,0,0,0.000000,0.000000,0.000000,0.000000,0
2838,56.644165,56.644165,0,0.000000,0.000000,0.000000,0.000000,0,1,1086.501587,710.554993,117.188995,76.639763,76,0,0.000000,0.000000,0.000000,0.000000,0,0,0.000000,0.000000,0.000000,0.000000,0
2842,56.677490,56.677490,1,834.056274,515.628418,89.960495,55.615181,78,1,1066.379517,741.683472,115.018654,79.997253,90,0,0.000000,0.000000,0.000000,0.000000,0,0,0.000000,0.000000,0.000000,0.000000,0
2844,56.710815,56.710815,1,831.465027,514.168396,89.681007,55.457699,98,1,1043.626587,769.697205,112.564545,83.018784,94,0,0.000000,0.000000,0.000000,0.000000,0,0,0.000000,0.000000,0.000000,0.000000,0
2847,56.744141,56.744141,1,832.183044,512.430481,89.758453,55.270252,104,1,1017.667480,794.402832,109.764618,85.683517,89,0,0.000000,0.000000,0.000000,0.000000,0,0,0.000000,0.000000,0.000000,0.000000,0
2851,56.777466,56.777466,1,828.461548,512.765442,89.357056,55.306381,122,1,990.200684,817.172180,106.802078,88.139397,97,0,0.000000,0.000000,0.000000,0.000000,0,0,0.000000,0.000000,0.000000,0.000000,0
2853,56.810791,56.810791,1,826.882019,511.942352,89.186684,55.217602,118,1,961.834595,836.690552,103.742538,90.244629,98,0,0.000000,0.000000,0.000000,0.000000,0,0,0.000000,0.000000,0.000000,0.000000,0
2856,56.844238,56.844238,1,824.123291,507.757416,88.889130,54.766220,103,1,932.646057,852.309875,100.594292,91.929314,94,0,0.000000,0.000000,0.000000,0.000000,0,0,0.000000,0.000000,0.000000,0.000000,0
2858,56.877563,56.877563,1,824.831848,502.346954,88.965561,54.182652,104,1,895.567566,863.182312,96.595047,93.101997,88,0,0.000000,0.000000,0.000000,0.000000,0,0,0.000000,0.000000,0.000000,0.000000,0
2862,56.910889,56.910889,1,823.623901,501.112305,88.835274,54.049484,114,1,855.875244,866.288086,92.313866,93.436989,93,0,0.000000,0.000000,0.000000,0.000000,0,0,0.000000,0.000000,0.000000,0.000000,0
2865,56.944214,56.944214,1,821.803833,501.744598,88.638962,54.117683,117,0,0.000000,0.000000,0.000000,0.000000,0,0,0.000000,0.000000,0.000000,0.000000,0,0,0.000000,0.000000,0.000000,0.000000,0
2869,56.977539,56.977539,1,821.890869,501.356049,88.648346,54.075775,106,1,769.000000,867.000000,82.943588,93.513771,1,0,0.000000,0.000000,0.000000,0.000000,0,0,0.000000,0.000000,0.000000,0.000000,0
2871,57.010864,57.010864,1,825.878052,500.168427,89.078400,53.947678,101,0,0.000000,0.000000,0.000000,0.000000,0,0,0.000000,0.000000,0.000000,0.000000,0,0,0.000000,0.000000,0.000000,0.000000,0
2875,57.044189,57.044189,1,823.752380,498.356720,88.849129,53.752270,99,0,0.000000,0.000000,0.000000,0.000000,0,0,0.000000,0.000000,0.000000,0.000000,0,0,0.000000,0.000000,0.000000,0.000000,0
2877,57.077515,57.077515,1,823.817627,499.445831,88.856163,53.869740,104,0,0.000000,0.000000,0.000000,0.000000,0,0,0.000000,0.000000,0.000000,0.000000,0,0,0.000000,0.000000,0.000000,0.000000,0
2880,57.110840,57.110840,1,827.489929,499.589081,89.252258,53.885189,101,0,0.000000,0.000000,0.000000,0.000000,0,0,0.000000,0.000000,0.000000,0.000000,0,0,0.000000,0.000000,0.000000,0.000000,0
2883,57.144287,57.144287,1,829.518494,499.828247,89.471054,53.910984,110,0,0.000000,0.000000,0.000000,0.000000,0,0,0.000000,0.000000,0.000000,0.000000,0,0,0.000000,0.000000,0.000000,0.000000,0
2886,57.177612,57.177612,1,829.064697,500.122131,89.422104,53.942684,119,0,0.000000,0.000000,0.000000,0.000000,0,0,0.000000,0.000000,0.000000,0.000000,0,0,0.000000,0.000000,0.000000,0.000000,0
2889,57.210938,57.210938,1,827.500793,497.055786,89.253433,53.611954,104,0,0.000000,0.000000,0.000000,0.000000,0,0,0.000000,0.000000,0.000000,0.000000,0,0,0.000000,0.000000,0.000000,0.000000,0
2893,57.244263,57.244263,1,828.715027,497.993622,89.384392,53.713104,126,0,0.000000,0.000000,0.000000,0.000000,0,0,0.000000,0.000000,0.000000,0.000000,0,0,0.000000,0.000000,0.000000,0.000000,0
2895,57.277588,57.277588,1,825.286316,497.505554,89.014572,53.660461,118,0,0.000000,0.000000,0.000000,0.000000,0,0,0.000000,0.000000,0.000000,0.000000,0,0,0.000000,0.000000,0.000000,0.000000,0
2898,57.310913,57.310913,1,826.674133,495.721649,89.164261,53.468052,118,1,615.993347,561.000000,66.440445,60.508911,2,0,0.000000,0.000000,0.000000,0.000000,0,0,0.000000,0.000000,0.000000,0.000000,0
2900,57.344238,57.344238,1,824.501648,494.952637,88.929947,53.385109,131,0,0.000000,0.000000,0.000000,0.000000,0,0,0.000000,0.000000,0.000000,0.000000,0,0,0.000000,0.000000,0.000000,0.000000,0
2904,57.377563,57.377563,1,827.657959,493.154907,89.270378,53.191208,130,1,621.656738,457.009949,67.051285,49.292648,3,0,0.000000,0.000000,0.000000,0.000000,0,0,0.000000,0.000000,0.000000,0.000000,0
2906,57.410889,57.410889,1,829.655151,492.851349,89.485794,53.158466,127,0,0.000000,0.000000,0.000000,0.000000,0,0,0.000000,0.000000,0.000000,0.000000,0,0,0.000000,0.000000,0.000000,0.000000,0
2910,57.444214,57.444214,1,832.001465,493.020508,89.738869,53.176712,139,1,705.000000,371.000000,76.040611,40.015697,1,0,0.000000,0.000000,0.000000,0.000000,0,0,0.000000,0.000000,0.000000,0.000000,0
2914,57.477661,57.477661,1,837.176941,497.290741,90.297081,53.637295,127,0,0.000000,0.000000,0.000000,0.000000,0,0,0.000000,0.000000,0.000000,0.000000,0,0,0.000000,0.000000,0.000000,0.000000,0
2917,57.510986,57.510986,1,836.278992,500.095734,90.200241,53.939838,106,0,0.000000,0.000000,0.000000,0.000000,0,0,0.000000,0.000000,0.000000,0.000000,0,0,0.000000,0.000000,0.000000,0.000000,0
2919,57.544312,57.544312,1,833.086487,501.210388,89.855896,54.060062,105,1,631.000000,444.042847,68.059044,47.894028,2,0,0.000000,0.000000,0.000000,0.000000,0,0,0.000000,0.000000,0.000000,0.000000,0
2923,57.577637,57.577637,1,832.616211,500.660370,89.805176,54.000740,110,1,623.000000,455.000000,67.196175,49.075855,1,0,0.000000,0.000000,0.000000,0.000000,0,0,0.000000,0.000000,0.000000,0.000000,0
2925,57.610962,57.610962,1,830.527039,500.737854,89.579834,54.009098,114,1,621.000000,465.000000,66.980453,50.154446,1,0,0.000000,0.000000,0.000000,0.000000,0,0,0.000000,0.000000,0.000000,0.000000,0
2928,57.644287,57.644287,1,831.232971,497.788300,89.655975,53.690960,117,0,0.000000,0.000000,0.000000,0.000000,0,0,0.000000,0.000000,0.000000,0.000000,0,0,0.000000,0.000000,0.000000,0.000000,0
2930,57.677612,57.677612,1,834.821594,494.810486,90.043037,53.369778,113,0,0.000000,0.000000,0.000000,0.000000,0,0,0.000000,0.000000,0.000000,0.000000,0,0,0.000000,0.000000,0.000000,0.000000,0
2934,57.710938,57.710938,1,839.362488,494.705688,90.532822,53.358475,106,0,0.000000,0.000000,0.000000,0.000000,0,0,0.000000,0.000000,0.000000,0.000000,0,0,0.000000,0.000000,0.000000,0.000000,0
2938,57.744263,57.744263,1,844.041016,495.502960,91.037445,53.444466,129,0,0.000000,0.000000,0.000000,0.000000,0,0,0.000000,0.000000,0.000000,0.000000,0,0,0.000000,0.000000,0.000000,0.000000,0
2941,57.777710,57.777710,1,848.291443,496.865875,91.495880,53.591469,118,0,0.000000,0.000000,0.000000,0.000000,0,0,0.000000,0.000000,0.000000,0.000000,0,0,0.000000,0.000000,0.000000,0.000000,0
2943,57.811035,57.811035,1,850.856873,500.298584,91.772591,53.961716,109,0,0.000000,0.000000,0.000000,0.000000,0,0,0.000000,0.000000,0.000000,0.000000,0,0,0.000000,0.000000,0.000000,0.000000,0
2947,57.844360,57.844360,1,850.332214,503.364288,91.716003,54.292381,107,0,0.000000,0.000000,0.000000,0.000000,0,0,0.000000,0.000000,0.000000,0.000000,0,0,0.000000,0.000000,0.000000,0.000000,0
2949,57.877686,57.877686,1,849.852539,506.090729,91.664261,54.586452,114,0,0.000000,0.000000,0.000000,0.000000,0,0,0.000000,0.000000,0.000000,0.000000,0,0,0.000000,0.000000,0.000000,0.000000,0
2952,57.911011,57.911011,1,847.315063,503.565918,91.390572,54.314129,133,0,0.000000,0.000000,0.000000,0.000000,0,0,0.000000,0.000000,0.000000,0.000000,0,0,0.000000,0.000000,0.000000,0.000000,0
2956,57.944336,57.944336,1,846.985901,499.813049,91.355072,53.909348,121,0,0.000000,0.000000,0.000000,0.000000,0,0,0.000000,0.000000,0.000000,0.000000,0,0,0.000000,0.000000,0.000000,0.000000,0
2958,57.977661,57.977661,1,847.996338,493.137390,91.464058,53.189316,154,0,0.000000,0.000000,0.000000,0.000000,0,0,0.000000,0.000000,0.000000,0.000000,0,0,0.000000,0.000000,0.000000,0.000000,0
2961,58.010986,58.010986,1,857.918518,491.389252,92.534248,53.000763,166,0,0.000000,0.000000,0.000000,0.000000,0,0,0.000000,0.000000,0.000000,0.000000,0,0,0.000000,0.000000,0.000000,0.000000,0
2963,58.044312,58.044312,1,855.994446,499.054779,92.326729,53.827560,142,0,0.000000,0.000000,0.000000,0.000000,0,0,0.000000,0.000000,0.000000,0.000000,0,0,0.000000,0.000000,0.000000,0.000000,0
2968,58.077759,58.077759,1,854.900696,502.994019,92.208755,54.252441,141,0,0.000000,0.000000,0.000000,0.000000,0,0,0.000000,0.000000,0.000000,0.000000,0,0,0.000000,0.000000,0.000000,0.000000,0
2970,58.111084,58.111084,1,850.729858,506.151184,91.758888,54.592972,135,1,734.969849,622.346741,79.273132,67.125710,3,0,0.000000,0.000000,0.000000,0.000000,0,0,0.000000,0.000000,0.000000,0.000000,0
2974,58.144409,58.144409,1,848.951050,506.612823,91.567032,54.642765,118,1,686.079346,576.758728,73.999847,62.208633,9,0,0.000000,0.000000,0.000000,0.000000,0,0,0.000000,0.000000,0.000000,0.000000,0
2976,58.177734,58.177734,1,846.016785,507.878082,91.250549,54.779232,125,1,663.000000,529.000000,71.510536,57.057423,1,0,0.000000,0.000000,0.000000,0.000000,0,0,0.000000,0.000000,0.000000,0.000000,0
2979,58.211060,58.211060,1,844.970398,507.867859,91.137680,54.778133,118,1,665.121948,443.611237,71.739403,47.847477,53,0,0.000000,0.000000,0.000000,0.000000,0,0,0.000000,0.000000,0.000000,0.000000,0
2981,58.244385,58.244385,1,844.283691,508.280182,91.063614,54.822601,112,1,703.000000,365.000000,75.824890,39.368542,1,0,0.000000,0.000000,0.000000,0.000000,0,0,0.000000,0.000000,0.000000,0.000000,0
2984,58.277710,58.277710,1,847.280151,510.757538,91.386810,55.089809,104,1,734.339905,345.660095,79.205185,37.282562,3,0,0.000000,0.000000,0.000000,0.000000,0,0,0.000000,0.000000,0.000000,0.000000,0
2988,58.311035,58.311035,1,847.886536,512.497925,91.452209,55.277527,116,1,788.866150,319.149200,85.086334,34.423122,25,0,0.000000,0.000000,0.000000,0.000000,0,0,0.000000,0.000000,0.000000,0.000000,0
2992,58.344360,58.344360,1,851.035400,511.188660,91.791847,55.136311,110,1,843.222778,309.863586,90.949188,33.421581,11,0,0.000000,0.000000,0.000000,0.000000,0,0,0.000000,0.000000,0.000000,0.000000,0
2994,58.377808,58.377808,1,853.180664,508.828552,92.023239,54.881752,106,1,897.000000,313.000000,96.749542,33.759876,1,0,0.000000,0.000000,0.000000,0.000000,0,0,0.000000,0.000000,0.000000,0.000000,0
2998,58.411133,58.411133,1,855.199707,507.172852,92.241005,54.703171,96,1,953.057434,339.995209,102.795845,36.671551,6,0,0.000000,0.000000,0.000000,0.000000,0,0,0.000000,0.000000,0.000000,0.000000,0
3000,58.444458,58.444458,1,856.734924,505.992462,92.406593,54.575851,131,1,997.985535,367.000000,107.641739,39.584263,2,0,0.000000,0.000000,0.000000,0.000000,0,0,0.000000,0.000000,0.000000,0.000000,0
3003,58.477783,58.477783,1,858.568909,505.774139,92.604408,54.552303,110,1,1029.000000,426.000000,110.986938,45.947945,2,0,0.000000,0.000000,0.000000,0.000000,0,0,0.000000,0.000000,0.000000,0.000000,0
3006,58.511108,58.511108,1,860.085022,505.208130,92.767929,54.491253,90,1,1050.971069,473.490967,113.356720,51.070274,4,0,0.000000,0.000000,0.000000,0.000000,0,0,0.000000,0.000000,0.000000,0.000000,0
3009,58.544434,58.544434,1,858.977356,503.456512,92.648460,54.302326,119,1,1053.653442,532.627563,113.646027,57.448689,20,0,0.000000,0.000000,0.000000,0.000000,0,0,0.000000,0.000000,0.000000,0.000000,0
3011,58.577759,58.577759,1,858.626770,504.806152,92.610641,54.447899,108,1,1047.444092,580.360657,112.976303,62.597137,10,0,0.000000,0.000000,0.000000,0.000000,0,0,0.000000,0.000000,0.000000,0.000000,0
3016,58.611084,58.611084,1,858.211853,505.370911,92.565887,54.508816,113,1,1025.459961,627.021179,110.605110,67.629890,73,0,0.000000,0.000000,0.000000,0.000000,0,0,0.000000,0.000000,0.000000,0.000000,0
3018,58.644409,58.644409,1,858.241028,506.229340,92.569038,54.601402,111,1,995.682434,666.537720,107.393333,71.892105,102,0,0.000000,0.000000,0.000000,0.000000,0,0,0.000000,0.000000,0.000000,0.000000,0
3021,58.677734,58.677734,1,861.113342,506.475800,92.878845,54.627983,103,1,957.286072,698.390991,103.251945,75.327774,101,0,0.000000,0.000000,0.000000,0.000000,0,0,0.000000,0.000000,0.000000,0.000000,0
3023,58.711182,58.711182,1,863.117920,507.374084,93.095055,54.724876,83,1,916.678833,718.968201,98.872086,77.547203,117,0,0.000000,0.000000,0.000000,0.000000,0,0,0.000000,0.000000,0.000000,0.000000,0
3027,58.744507,58.744507,1,864.189514,507.704895,93.210632,54.760555,102,1,869.090759,732.150757,93.739281,78.969063,106,0,0.000000,0.000000,0.000000,0.000000,0,0,0.000000,0.000000,0.000000,0.000000,0
3030,58.777832,58.777832,1,864.145508,510.538788,93.205894,55.066216,111,1,822.142456,734.051758,88.675484,79.174103,114,0,0.000000,0.000000,0.000000,0.000000,0,0,0.000000,0.000000,0.000000,0.000000,0
3032,58.811157,58.811157,1,863.870911,511.395782,93.176277,55.158649,121,1,775.993286,725.780823,83.697876,78.282013,124,0,0.000000,0.000000,0.000000,0.000000,0,0,0.000000,0.000000,0.000000,0.000000,0
3036,58.844482,58.844482,1,861.333557,512.879150,92.902596,55.318645,99,1,733.442139,707.090454,79.108353,76.266083,122,0,0.000000,0.000000,0.000000,0.000000,0,0,0.000000,0.000000,0.000000,0.000000,0
3038,58.877808,58.877808,1,861.195312,514.033997,92.887688,55.443203,92,1,694.234680,681.151550,74.879471,73.468346,136,0,0.000000,0.000000,0.000000,0.000000,0,0,0.000000,0.000000,0.000000,0.000000,0
3043,58.911133,58.911133,1,859.561829,512.528076,92.711502,55.280777,119,1,662.341248,648.347107,71.439476,69.930084,136,0,0.000000,0.000000,0.000000,0.000000,0,0,0.000000,0.000000,0.000000,0.000000,0
3045,58.944458,58.944458,1,858.409424,511.744263,92.587204,55.196236,97,1,639.412781,610.099731,68.966438,65.804764,124,0,0.000000,0.000000,0.000000,0.000000,0,0,0.000000,0.000000,0.000000,0.000000,0
3049,58.977783,58.977783,1,857.827332,515.756042,92.524422,55.628944,110,1,623.872803,566.604065,67.290314,61.113361,138,0,0.000000,0.000000,0.000000,0.000000,0,0,0.000000,0.000000,0.000000,0.000000,0
3051,59.011230,59.011230,1,854.786804,518.482422,92.196472,55.923008,125,1,617.260864,521.011475,66.577156,56.195786,139,0,0.000000,0.000000,0.000000,0.000000,0,0,0.000000,0.000000,0.000000,0.000000,0
3054,59.044556,59.044556,1,852.382446,520.863342,91.937134,56.179810,119,1,622.169373,475.718353,67.106575,51.310516,119,0,0.000000,0.000000,0.000000,0.000000,0,0,0.000000,0.000000,0.000000,0.000000,0
3056,59.077881,59.077881,1,849.626465,524.799194,91.639877,56.604332,109,1,637.960693,432.359924,68.809814,46.633919,104,0,0.000000,0.000000,0.000000,0.000000,0,0,0.000000,0.000000,0.000000,0.000000,0
3060,59.111206,59.111206,1,846.968689,524.843567,91.353218,56.609116,106,1,665.823914,392.215942,71.815117,42.304028,99,0,0.000000,0.000000,0.000000,0.000000,0,0,0.000000,0.000000,0.000000,0.000000,0
3063,59.144531,59.144531,1,846.954956,525.425720,91.351738,56.671906,87,1,703.802429,359.031525,75.911446,38.724789,96,0,0.000000,0.000000,0.000000,0.000000,0,0,0.000000,0.000000,0.000000,0.000000,0
3067,59.177856,59.177856,1,842.742432,526.555420,90.897377,56.793751,104,1,750.110168,336.231659,80.906151,36.265617,117,0,0.000000,0.000000,0.000000,0.000000,0,0,0.000000,0.000000,0.000000,0.000000,0
3069,59.211182,59.211182,1,838.856262,528.371765,90.478218,56.989662,122,1,806.893616,326.115234,87.030754,35.174469,113,0,0.000000,0.000000,0.000000,0.000000,0,0,0.000000,0.000000,0.000000,0.000000,0
3072,59.244507,59.244507,1,840.516357,530.351135,90.657272,57.203156,95,1,858.873230,331.327820,92.637230,35.736694,112,0,0.000000,0.000000,0.000000,0.000000,0,0,0.000000,0.000000,0.000000,0.000000,0
3074,59.277832,59.277832,1,839.268616,526.975708,90.522690,56.839085,115,1,909.805298,353.662537,98.130707,38.145695,80,0,0.000000,0.000000,0.000000,0.000000,0,0,0.000000,0.000000,0.000000,0.000000,0
3078,59.311279,59.311279,1,836.599426,525.710510,90.234795,56.702625,96,1,955.290955,392.978241,103.036751,42.386250,55,0,0.000000,0.000000,0.000000,0.000000,0,0,0.000000,0.000000,0.000000,0.000000,0
3080,59.344604,59.344604,1,835.927307,525.965393,90.162300,56.730114,101,1,984.196777,432.865936,106.154503,46.688496,22,0,0.000000,0.000000,0.000000,0.000000,0,0,0.000000,0.000000,0.000000,0.000000,0
3083,59.377930,59.377930,1,835.715637,525.888306,90.139473,56.721802,123,0,0.000000,0.000000,0.000000,0.000000,0,0,0.000000,0.000000,0.000000,0.000000,0,0,0.000000,0.000000,0.000000,0.000000,0
3087,59.411255,59.411255,1,837.488892,525.910706,90.330734,56.724213,109,1,1006.028564,567.000000,108.509262,61.156067,2,0,0.000000,0.000000,0.000000,0.000000,0,0,0.000000,0.000000,0.000000,0.000000,0
3091,59.444580,59.444580,1,838.143921,526.470276,90.401382,56.784569,121,1,991.000000,617.000000,106.888290,66.549019,1,0,0.000000,0.000000,0.000000,0.000000,0,0,0.000000,0.000000,0.000000,0.000000,0
3093,59.477905,59.477905,1,832.129089,528.558105,89.752632,57.009762,133,1,940.503784,678.290283,101.441818,73.159729,77,0,0.000000,0.000000,0.000000,0.000000,0,0,0.000000,0.000000,0.000000,0.000000,0
3096,59.511230,59.511230,1,830.758911,528.773621,89.604851,57.033009,130,1,893.181824,711.181458,96.337723,76.707336,116,0,0.000000,0.000000,0.000000,0.000000,0,0,0.000000,0.000000,0.000000,0.000000,0
3099,59.544556,59.544556,1,825.703247,534.303833,89.059547,57.629490,146,1,839.233643,731.889648,90.518921,78.940903,141,0,0.000000,0.000000,0.000000,0.000000,0,0,0.000000,0.000000,0.000000,0.000000,0
3103,59.577881,59.577881,1,823.225952,532.408447,88.792351,57.425056,139,1,782.421570,738.845154,84.391228,79.691116,150,0,0.000000,0.000000,0.000000,0.000000,0,0,0.000000,0.000000,0.000000,0.000000,0
3105,59.611206,59.611206,1,825.417969,534.001282,89.028770,57.596855,121,1,728.108704,731.000671,78.533089,78.845016,142,0,0.000000,0.000000,0.000000,0.000000,0,0,0.000000,0.000000,0.000000,0.000000,0
3107,59.644653,59.644653,1,823.683594,530.951599,88.841705,57.267921,127,1,679.515564,710.782471,73.291885,76.664299,138,0,0.000000,0.000000,0.000000,0.000000,0,0,0.000000,0.000000,0.000000,0.000000,0
3110,59.677979,59.677979,1,819.321533,530.224731,88.371216,57.189522,134,1,637.776794,680.447449,68.789986,73.392403,136,0,0.000000,0.000000,0.000000,0.000000,0,0,0.000000,0.000000,0.000000,0.000000,0
3114,59.711304,59.711304,1,817.809753,528.816833,88.208160,57.037670,120,1,604.038086,641.045471,65.150955,69.142540,131,0,0.000000,0.000000,0.000000,0.000000,0,0,0.000000,0.000000,0.000000,0.000000,0
3118,59.744629,59.744629,1,819.673279,527.692017,88.409157,56.916344,141,1,580.917297,595.704285,62.657173,64.252083,131,0,0.000000,0.000000,0.000000,0.000000,0,0,0.000000,0.000000,0.000000,0.000000,0
3119,59.777954,59.777954,1,819.836853,528.119995,88.426804,56.962505,114,1,567.752014,544.260437,61.237179,58.703400,138,0,0.000000,0.000000,0.000000,0.000000,0,0,0.000000,0.000000,0.000000,0.000000,0
3123,59.811279,59.811279,1,819.707703,528.259277,88.412872,56.977531,114,1,566.181274,490.753448,61.067760,52.932190,136,0,0.000000,0.000000,0.000000,0.000000,0,0,0.000000,0.000000,0.000000,0.000000,0
3125,59.844604,59.844604,1,820.304077,528.550903,88.477196,57.008987,129,1,575.680847,437.256317,62.092373,47.162037,140,0,0.000000,0.000000,0.000000,0.000000,0,0,0.000000,0.000000,0.000000,0.000000,0
3129,59.877930,59.877930,1,820.716919,527.993591,88.521729,56.948875,128,1,594.777161,387.892944,64.152084,41.837753,136,0,0.000000,0.000000,0.000000,0.000000,0,0,0.000000,0.000000,0.000000,0.000000,0
3131,59.911255,59.911255,1,820.726685,527.763611,88.522781,56.924068,119,1,622.519470,345.717285,67.144341,37.288727,134,0,0.000000,0.000000,0.000000,0.000000,0,0,0.000000,0.000000,0.000000,0.000000,0
3135,59.944702,59.944702,1,819.253601,526.532288,88.363892,56.791260,127,1,655.949890,310.510895,70.750114,33.491402,126,0,0.000000,0.000000,0.000000,0.000000,0,0,0.000000,0.000000,0.000000,0.000000,0
3137,59.978027,59.978027,1,817.302795,525.195801,88.153481,56.647110,138,1,694.507446,282.982117,74.908897,30.522177,135,0,0.000000,0.000000,0.000000,0.000000,0,0,0.000000,0.000000,0.000000,0.000000,0
3140,60.011353,60.011353,1,819.682495,524.292542,88.410156,56.549683,115,1,736.566345,264.142456,79.445320,28.490149,134,0,0.000000,0.000000,0.000000,0.000000,0,0,0.000000,0.000000,0.000000,0.000000,0
3144,60.044678,60.044678,1,816.787292,523.308960,88.097885,56.443592,130,1,781.298645,253.221085,84.270111,27.312180,151,0,0.000000,0.000000,0.000000,0.000000,0,0,0.000000,0.000000,0.000000,0.000000,0
3147,60.078003,60.078003,1,811.904419,523.042236,87.571220,56.414825,119,1,826.229187,249.039291,89.116272,26.861135,145,0,0.000000,0.000000,0.000000,0.000000,0,0,0.000000,0.000000,0.000000,0.000000,0
3149,60.111328,60.111328,1,810.209229,520.536072,87.388374,56.144512,126,1,868.877930,252.707077,93.716324,27.256739,123,0,0.000000,0.000000,0.000000,0.000000,0,0,0.000000,0.000000,0.000000,0.000000,0
3153,60.144653,60.144653,1,805.192261,512.989624,86.847252,55.330563,152,1,909.370667,262.387268,98.083832,28.300833,125,0,0.000000,0.000000,0.000000,0.000000,0,0,0.000000,0.000000,0.000000,0.000000,0
3156,60.177979,60.177979,1,799.814148,510.920807,86.267174,55.107418,137,1,945.391418,277.917450,101.968994,29.975904,132,0,0.000000,0.000000,0.000000,0.000000,0,0,0.000000,0.000000,0.000000,0.000000,0
3158,60.211304,60.211304,1,800.673828,506.605499,86.359894,54.641975,133,1,978.430725,299.392090,105.532578,32.292137,130,0,0.000000,0.000000,0.000000,0.000000,0,0,0.000000,0.000000,0.000000,0.000000,0
3162,60.244751,60.244751,1,802.859009,507.750397,86.595589,54.765465,131,1,1008.611145,325.962097,108.787811,35.157955,130,0,0.000000,0.000000,0.000000,0.000000,0,0,0.000000,0.000000,0.000000,0.000000,0
3165,60.278076,60.278076,1,805.867371,504.868805,86.920067,54.454655,128,1,1031.345337,353.831116,111.239899,38.163879,120,0,0.000000,0.000000,0.000000,0.000000,0,0,0.000000,0.000000,0.000000,0.000000,0
3168,60.311401,60.311401,1,807.765320,506.757294,87.124779,54.658344,131,1,1052.490601,386.592987,113.520607,41.697544,114,0,0.000000,0.000000,0.000000,0.000000,0,0,0.000000,0.000000,0.000000,0.000000,0
3171,60.344727,60.344727,1,807.903259,506.999573,87.139656,54.684479,126,1,1068.192749,420.350189,115.214218,45.338562,110,0,0.000000,0.000000,0.000000,0.000000,0,0,0.000000,0.000000,0.000000,0.000000,0
3173,60.378052,60.378052,1,810.557678,504.616089,87.425957,54.427399,128,1,1078.198486,454.947174,116.293442,49.070156,110,0,0.000000,0.000000,0.000000,0.000000,0,0,0.000000,0.000000,0.000000,0.000000,0
3177,60.411377,60.411377,1,809.188904,500.237518,87.278328,53.955128,133,1,1081.860352,489.777222,116.688400,52.826893,97,0,0.000000,0.000000,0.000000,0.000000,0,0,0.000000,0.000000,0.000000,0.000000,0
3179,60.444702,60.444702,1,810.979431,496.480469,87.471451,53.549900,128,1,1081.348389,527.472168,116.633179,56.892632,98,0,0.000000,0.000000,0.000000,0.000000,0,0,0.000000,0.000000,0.000000,0.000000,0
3182,60.478027,60.478027,1,811.350098,496.582123,87.511429,53.560863,122,1,1076.948608,562.793152,116.158623,60.702316,90,0,0.000000,0.000000,0.000000,0.000000,0,0,0.000000,0.000000,0.000000,0.000000,0
3186,60.511353,60.511353,1,816.733765,491.070679,88.092102,52.966404,141,1,1066.361450,597.371399,115.016701,64.431900,94,0,0.000000,0.000000,0.000000,0.000000,0,0,0.000000,0.000000,0.000000,0.000000,0
3189,60.544678,60.544678,1,822.297119,488.871368,88.692169,52.729191,137,1,1051.674805,630.401123,113.432617,67.994453,105,0,0.000000,0.000000,0.000000,0.000000,0,0,0.000000,0.000000,0.000000,0.000000,0
3193,60.578125,60.578125,1,828.015320,489.893433,89.308929,52.839428,113,1,1031.618164,661.835876,111.269325,71.384972,112,0,0.000000,0.000000,0.000000,0.000000,0,0,0.000000,0.000000,0.000000,0.000000,0
3195,60.611450,60.611450,1,829.343628,498.049042,89.452194,53.719082,132,1,1006.946106,690.222046,108.608223,74.446671,124,0,0.000000,0.000000,0.000000,0.000000,0,0,0.000000,0.000000,0.000000,0.000000,0
3198,60.644775,60.644775,1,830.831665,499.652954,89.612694,53.892078,126,1,979.003784,715.638245,105.594391,77.188042,115,0,0.000000,0.000000,0.000000,0.000000,0,0,0.000000,0.000000,0.000000,0.000000,0
3200,60.678101,60.678101,1,828.025330,499.250824,89.310005,53.848705,116,1,945.891296,736.390747,102.022911,79.426392,125,0,0.000000,0.000000,0.000000,0.000000,0,0,0.000000,0.000000,0.000000,0.000000,0
3204,60.711426,60.711426,1,827.094055,494.734283,89.209557,53.361557,137,1,912.574829,752.172729,98.429428,81.128616,123,0,0.000000,0.000000,0.000000,0.000000,0,0,0.000000,0.000000,0.000000,0.000000,0
3206,60.744751,60.744751,1,827.839539,497.299805,89.289963,53.638271,109,1,873.569824,763.246216,94.222389,82.322990,117,0,0.000000,0.000000,0.000000,0.000000,0,0,0.000000,0.000000,0.000000,0.000000,0
3210,60.778076,60.778076,1,833.099121,497.133270,89.857262,53.620312,97,1,835.670959,767.405334,90.134651,82.771591,119,0,0.000000,0.000000,0.000000,0.000000,0,0,0.000000,0.000000,0.000000,0.000000,0
3212,60.811401,60.811401,1,837.980713,497.317108,90.383781,53.640137,100,1,797.002869,764.317566,85.963951,82.438545,101,0,0.000000,0.000000,0.000000,0.000000,0,0,0.000000,0.000000,0.000000,0.000000,0
3217,60.844727,60.844727,1,841.105225,498.460663,90.720787,53.763481,99,1,758.142517,754.421753,81.772514,81.371193,119,0,0.000000,0.000000,0.000000,0.000000,0,0,0.000000,0.000000,0.000000,0.000000,0
3219,60.878174,60.878174,1,843.115051,500.724792,90.937569,54.007687,112,1,720.622925,736.615234,77.725685,79.450600,127,0,0.000000,0.000000,0.000000,0.000000,0,0,0.000000,0.000000,0.000000,0.000000,0
3222,60.911499,60.911499,1,842.534119,502.878693,90.874908,54.240005,103,1,686.080444,712.876953,73.999962,76.890213,130,0,0.000000,0.000000,0.000000,0.000000,0,0,0.000000,0.000000,0.000000,0.000000,0
3224,60.944824,60.944824,1,844.009277,503.796509,91.034012,54.339001,79,1,653.812256,681.771729,70.519554,73.535233,126,0,0.000000,0.000000,0.000000,0.000000,0,0,0.000000,0.000000,0.000000,0.000000,0
3228,60.978149,60.978149,1,841.404541,502.362885,90.753075,54.184372,117,1,626.162598,644.205444,67.537285,69.483376,116,0,0.000000,0.000000,0.000000,0.000000,0,0,0.000000,0.000000,0.000000,0.000000,0
3230,61.011475,61.011475,1,842.549622,505.188080,90.876579,54.489090,101,1,603.159851,602.375061,65.056229,64.971581,97,0,0.000000,0.000000,0.000000,0.000000,0,0,0.000000,0.000000,0.000000,0.000000,0
3233,61.044800,61.044800,1,842.446228,505.780823,90.865425,54.553028,93,1,587.988342,555.432556,63.419849,59.908417,117,0,0.000000,0.000000,0.000000,0.000000,0,0,0.000000,0.000000,0.000000,0.000000,0
3237,61.078125,61.078125,1,842.163208,504.446259,90.834900,54.409081,97,1,582.165100,509.005188,62.791759,54.900803,91,0,0.000000,0.000000,0.000000,0.000000,0,0,0.000000,0.000000,0.000000,0.000000,0
3241,61.111450,61.111450,1,841.963806,504.965179,90.813393,54.465050,87,0,0.000000,0.000000,0.000000,0.000000,0,0,0.000000,0.000000,0.000000,0.000000,0,0,0.000000,0.000000,0.000000,0.000000,0
3243,61.144775,61.144775,1,844.618286,507.567902,91.099709,54.745777,116,0,0.000000,0.000000,0.000000,0.000000,0,0,0.000000,0.000000,0.000000,0.000000,0,0,0.000000,0.000000,0.000000,0.000000,0
3246,61.178223,61.178223,1,847.012512,508.268921,91.357941,54.821388,102,0,0.000000,0.000000,0.000000,0.000000,0,0,0.000000,0.000000,0.000000,0.000000,0,0,0.000000,0.000000,0.000000,0.000000,0
3248,61.211548,61.211548,1,844.333740,511.369873,91.069016,55.155857,105,0,0.000000,0.000000,0.000000,0.000000,0,0,0.000000,0.000000,0.000000,0.000000,0,0,0.000000,0.000000,0.000000,0.000000,0
3252,61.244873,61.244873,1,841.579346,513.319397,90.771927,55.366127,123,0,0.000000,0.000000,0.000000,0.000000,0,0,0.000000,0.000000,0.000000,0.000000,0,0,0.000000,0.000000,0.000000,0.000000,0
3254,61.278198,61.278198,1,844.115417,521.028076,91.045471,56.197582,111,0,0.000000,0.000000,0.000000,0.000000,0,0,0.000000,0.000000,0.000000,0.000000,0,0,0.000000,0.000000,0.000000,0.000000,0
3257,61.311523,61.311523,1,841.669922,525.375000,90.781693,56.666435,107,0,0.000000,0.000000,0.000000,0.000000,0,0,0.000000,0.000000,0.000000,0.000000,0,0,0.000000,0.000000,0.000000,0.000000,0
3261,61.344849,61.344849,1,837.269226,525.213684,90.307045,56.649036,127,0,0.000000,0.000000,0.000000,0.000000,0,0,0.000000,0.000000,0.000000,0.000000,0,0,0.000000,0.000000,0.000000,0.000000,0
3265,61.378174,61.378174,1,830.014465,522.521667,89.524544,56.358677,140,0,0.000000,0.000000,0.000000,0.000000,0,0,0.000000,0.000000,0.000000,0.000000,0,0,0.000000,0.000000,0.000000,0.000000,0
3267,61.411499,61.411499,1,834.621826,520.842285,90.021492,56.177536,131,0,0.000000,0.000000,0.000000,0.000000,0,0,0.000000,0.000000,0.000000,0.000000,0,0,0.000000,0.000000,0.000000,0.000000,0
3270,61.444824,61.444824,1,834.628479,527.014954,90.022217,56.843315,140,0,0.000000,0.000000,0.000000,0.000000,0,0,0.000000,0.000000,0.000000,0.000000,0,0,0.000000,0.000000,0.000000,0.000000,0
3272,61.478149,61.478149,1,833.491272,529.290100,89.899559,57.088715,125,1,999.103882,291.829987,107.762367,31.476498,53,0,0.000000,0.000000,0.000000,0.000000,0,0,0.000000,0.000000,0.000000,0.000000,0
3276,61.511597,61.511597,1,832.408142,537.790894,89.782730,58.005600,139,1,1032.606079,321.820129,111.375877,34.711205,67,0,0.000000,0.000000,0.000000,0.000000,0,0,0.000000,0.000000,0.000000,0.000000,0
3278,61.544922,61.544922,1,827.868164,542.189453,89.293053,58.480026,131,1,1061.293579,355.510315,114.470093,38.344994,49,0,0.000000,0.000000,0.000000,0.000000,0,0,0.000000,0.000000,0.000000,0.000000,0
3281,61.578247,61.578247,1,825.558350,546.703613,89.043915,58.966915,137,1,1084.261353,391.031830,116.947372,42.176311,35,0,0.000000,0.000000,0.000000,0.000000,0,0,0.000000,0.000000,0.000000,0.000000,0
3285,61.611572,61.611572,1,821.548645,546.448608,88.611435,58.939411,128,1,1099.000000,420.101440,118.537064,45.311733,4,0,0.000000,0.000000,0.000000,0.000000,0,0,0.000000,0.000000,0.000000,0.000000,0
3289,61.644897,61.644897,1,814.230042,546.264954,87.822060,58.919609,131,1,1113.750732,461.481781,120.128059,49.774975,5,0,0.000000,0.000000,0.000000,0.000000,0,0,0.000000,0.000000,0.000000,0.000000,0
3291,61.678223,61.678223,1,815.795349,539.526489,87.990891,58.192799,137,1,1119.060791,505.020264,120.700798,54.470993,5,0,0.000000,0.000000,0.000000,0.000000,0,0,0.000000,0.000000,0.000000,0.000000,0
3294,61.711548,61.711548,1,821.235046,532.752380,88.577614,57.462151,112,1,1121.323364,546.297913,120.944839,58.923161,6,0,0.000000,0.000000,0.000000,0.000000,0,0,0.000000,0.000000,0.000000,0.000000,0
3296,61.744873,61.744873,1,822.952332,535.750977,88.762833,57.785580,124,1,1119.000000,587.962219,120.694244,63.417030,4,0,0.000000,0.000000,0.000000,0.000000,0,0,0.000000,0.000000,0.000000,0.000000,0
3299,61.778198,61.778198,1,820.713379,537.060791,88.521347,57.926853,127,1,1100.318970,646.480347,118.679337,69.728745,74,0,0.000000,0.000000,0.000000,0.000000,0,0,0.000000,0.000000,0.000000,0.000000,0
3303,61.811646,61.811646,1,819.965698,535.052002,88.440704,57.710186,99,1,1084.056641,685.460205,116.925301,73.933067,88,0,0.000000,0.000000,0.000000,0.000000,0,0,0.000000,0.000000,0.000000,0.000000,0
3305,61.844971,61.844971,1,821.754944,529.947327,88.633690,57.159599,138,1,1061.050415,725.553894,114.443855,78.257538,91,0,0.000000,0.000000,0.000000,0.000000,0,0,0.000000,0.000000,0.000000,0.000000,0
3307,61.878296,61.878296,1,821.994385,526.847656,88.659515,56.825275,124,1,1035.561646,761.866455,111.694672,82.174171,100,0,0.000000,0.000000,0.000000,0.000000,0,0,0.000000,0.000000,0.000000,0.000000,0
3311,61.911621,61.911621,1,822.027039,529.004456,88.663033,57.057903,126,1,1005.923950,793.283875,108.497978,85.562820,113,0,0.000000,0.000000,0.000000,0.000000,0,0,0.000000,0.000000,0.000000,0.000000,0
3314,61.944946,61.944946,1,817.611511,526.512634,88.186775,56.789143,128,1,971.992188,820.909424,104.838127,88.542488,111,0,0.000000,0.000000,0.000000,0.000000,0,0,0.000000,0.000000,0.000000,0.000000,0
3318,61.978271,61.978271,1,818.410706,521.626892,88.272980,56.262169,125,1,934.419983,844.080627,100.785629,91.041710,121,0,0.000000,0.000000,0.000000,0.000000,0,0,0.000000,0.000000,0.000000,0.000000,0
3321,62.011597,62.011597,1,817.294739,519.724792,88.152611,56.057011,97,1,896.682678,861.778809,96.715317,92.950623,118,0,0.000000,0.000000,0.000000,0.000000,0,0,0.000000,0.000000,0.000000,0.000000,0
3324,62.044922,62.044922,1,816.005493,517.962219,88.013550,55.866898,93,1,856.500793,876.271240,92.381340,94.513756,127,0,0.000000,0.000000,0.000000,0.000000,0,0,0.000000,0.000000,0.000000,0.000000,0
3327,62.078247,62.078247,1,818.294312,518.141418,88.260422,55.886227,100,1,818.158936,885.143982,88.245819,95.470764,127,0,0.000000,0.000000,0.000000,0.000000,0,0,0.000000,0.000000,0.000000,0.000000,0
3329,62.111694,62.111694,1,816.475830,518.563293,88.064285,55.931732,107,1,779.160583,890.108887,84.039505,96.006279,121,0,0.000000,0.000000,0.000000,0.000000,0,0,0.000000,0.000000,0.000000,0.000000,0
3332,62.145020,62.145020,1,813.346680,515.377258,87.726784,55.588089,115,1,742.732300,891.527405,80.110382,96.159271,131,0,0.000000,0.000000,0.000000,0.000000,0,0,0.000000,0.000000,0.000000,0.000000,0
3336,62.178345,62.178345,1,810.667297,512.024414,87.437782,55.226452,114,1,707.907715,889.342407,76.354233,95.923607,122,0,0.000000,0.000000,0.000000,0.000000,0,0,0.000000,0.000000,0.000000,0.000000,0
3339,62.211670,62.211670,1,811.619080,507.893311,87.540436,54.780876,122,1,673.355713,883.847961,72.627495,95.330978,129,0,0.000000,0.000000,0.000000,0.000000,0,0,0.000000,0.000000,0.000000,0.000000,0
3342,62.244995,62.244995,1,816.299255,506.772125,88.045242,54.659946,119,1,641.965393,875.017639,69.241760,94.378548,133,0,0.000000,0.000000,0.000000,0.000000,0,0,0.000000,0.000000,0.000000,0.000000,0
3345,62.278320,62.278320,1,819.833618,512.285217,88.426453,55.254585,122,1,611.498413,863.688171,65.955620,93.156563,130,0,0.000000,0.000000,0.000000,0.000000,0,0,0.000000,0.000000,0.000000,0.000000,0
3347,62.311646,62.311646,1,816.971924,511.427002,88.117790,55.162014,125,1,582.981445,850.276001,62.879807,91.709938,121,0,0.000000,0.000000,0.000000,0.000000,0,0,0.000000,0.000000,0.000000,0.000000,0
3351,62.344971,62.344971,1,815.396667,510.423981,87.947891,55.053829,126,1,555.515625,834.394897,59.917374,89.997017,118,0,0.000000,0.000000,0.000000,0.000000,0,0,0.000000,0.000000,0.000000,0.000000,0
3353,62.378296,62.378296,1,813.200989,505.047119,87.711067,54.473892,143,1,530.784119,816.217773,57.249859,88.036446,109,0,0.000000,0.000000,0.000000,0.000000,0,0,0.000000,0.000000,0.000000,0.000000,0
3356,62.411621,62.411621,1,817.043518,497.439789,88.125519,53.653370,132,1,507.795380,796.719421,54.770313,85.933372,121,0,0.000000,0.000000,0.000000,0.000000,0,0,0.000000,0.000000,0.000000,0.000000,0
3360,62.445068,62.445068,1,820.839417,500.182373,88.534943,53.949184,115,1,486.035004,777.822876,52.423260,83.895218,110,0,0.000000,0.000000,0.000000,0.000000,0,0,0.000000,0.000000,0.000000,0.000000,0
3364,62.478394,62.478394,1,822.682190,501.984772,88.733704,54.143585,117,1,464.855042,756.137329,50.138809,81.556229,96,0,0.000000,0.000000,0.000000,0.000000,0,0,0.000000,0.000000,0.000000,0.000000,0
3366,62.511719,62.511719,1,822.310608,505.956177,88.693619,54.571938,118,1,447.714996,734.490723,48.290104,79.221458,105,0,0.000000,0.000000,0.000000,0.000000,0,0,0.000000,0.000000,0.000000,0.000000,0
3369,62.545044,62.545044,1,821.133728,506.890686,88.566681,54.672733,128,1,432.034393,710.275696,46.598808,76.609642,105,0,0.000000,0.000000,0.000000,0.000000,0,0,0.000000,0.000000,0.000000,0.000000,0
3371,62.578369,62.578369,1,820.822693,507.149567,88.533134,54.700657,136,1,418.385376,687.429993,45.126637,74.145531,102,0,0.000000,0.000000,0.000000,0.000000,0,0,0.000000,0.000000,0.000000,0.000000,0
3375,62.611694,62.611694,1,821.720642,503.893707,88.629990,54.349483,128,1,411.778229,664.093262,44.413998,71.628448,22,0,0.000000,0.000000,0.000000,0.000000,0,0,0.000000,0.000000,0.000000,0.000000,0
3377,62.645020,62.645020,1,822.075500,504.204041,88.668266,54.382954,117,0,0.000000,0.000000,0.000000,0.000000,0,0,0.000000,0.000000,0.000000,0.000000,0,0,0.000000,0.000000,0.000000,0.000000,0
3381,62.678345,62.678345,1,821.909424,507.973633,88.650352,54.789539,128,0,0.000000,0.000000,0.000000,0.000000,0,0,0.000000,0.000000,0.000000,0.000000,0,0,0.000000,0.000000,0.000000,0.000000,0
3383,62.711670,62.711670,1,820.880981,510.439972,88.539421,55.055553,128,0,0.000000,0.000000,0.000000,0.000000,0,0,0.000000,0.000000,0.000000,0.000000,0,0,0.000000,0.000000,0.000000,0.000000,0
3387,62.745117,62.745117,1,822.608459,508.701599,88.725746,54.868057,127,0,0.000000,0.000000,0.000000,0.000000,0,0,0.000000,0.000000,0.000000,0.000000,0,0,0.000000,0.000000,0.000000,0.000000,0
3390,62.778442,62.778442,1,826.364624,507.606079,89.130882,54.749897,137,1,370.626984,529.140930,39.975464,57.072624,52,0,0.000000,0.000000,0.000000,0.000000,0,0,0.000000,0.000000,0.000000,0.000000,0
3393,62.811768,62.811768,1,824.798157,508.927246,88.961922,54.892399,120,1,369.023010,505.546814,39.802460,54.527786,72,0,0.000000,0.000000,0.000000,0.000000,0,0,0.000000,0.000000,0.000000,0.000000,0
3396,62.845093,62.845093,1,824.513916,509.472809,88.931267,54.951237,99,1,370.300842,481.068756,39.940289,51.887608,67,0,0.000000,0.000000,0.000000,0.000000,0,0,0.000000,0.000000,0.000000,0.000000,0
3398,62.878418,62.878418,1,827.196960,510.571411,89.220657,55.069733,104,1,371.947968,459.393066,40.117947,49.549686,16,0,0.000000,0.000000,0.000000,0.000000,0,0,0.000000,0.000000,0.000000,0.000000,0
3402,62.911743,62.911743,1,827.283447,508.322876,89.229980,54.827209,111,0,0.000000,0.000000,0.000000,0.000000,0,0,0.000000,0.000000,0.000000,0.000000,0,0,0.000000,0.000000,0.000000,0.000000,0
3404,62.945068,62.945068,1,826.345703,507.414246,89.128838,54.729206,109,0,0.000000,0.000000,0.000000,0.000000,0,0,0.000000,0.000000,0.000000,0.000000,0,0,0.000000,0.000000,0.000000,0.000000,0
3407,62.978394,62.978394,1,823.743164,510.732544,88.848129,55.087112,111,0,0.000000,0.000000,0.000000,0.000000,0,0,0.000000,0.000000,0.000000,0.000000,0,0,0.000000,0.000000,0.000000,0.000000,0
3409,63.011719,63.011719,1,823.789734,512.033081,88.853157,55.227386,98,0,0.000000,0.000000,0.000000,0.000000,0,0,0.000000,0.000000,0.000000,0.000000,0,0,0.000000,0.000000,0.000000,0.000000,0
3415,63.045166,63.045166,1,827.376770,508.933289,89.240051,54.893047,124,0,0.000000,0.000000,0.000000,0.000000,0,0,0.000000,0.000000,0.000000,0.000000,0,0,0.000000,0.000000,0.000000,0.000000,0
3417,63.078491,63.078491,1,831.504822,503.131042,89.685303,54.267223,110,0,0.000000,0.000000,0.000000,0.000000,0,0,0.000000,0.000000,0.000000,0.000000,0,0,0.000000,0.000000,0.000000,0.000000,0
3420,63.111816,63.111816,1,835.101013,500.068237,90.073181,53.936874,89,1,426.080688,314.600250,45.956646,33.932476,17,0,0.000000,0.000000,0.000000,0.000000,0,0,0.000000,0.000000,0.000000,0.000000,0
3422,63.145142,63.145142,1,835.329224,500.678192,90.097794,54.002663,114,1,438.074829,295.512054,47.250324,31.873642,18,0,0.000000,0.000000,0.000000,0.000000,0,0,0.000000,0.000000,0.000000,0.000000,0
3425,63.178467,63.178467,1,835.223083,500.633759,90.086349,53.997868,94,1,455.187897,271.823090,49.096123,29.318573,22,0,0.000000,0.000000,0.000000,0.000000,0,0,0.000000,0.000000,0.000000,0.000000,0
3429,63.211792,63.211792,1,836.177368,501.549591,90.189278,54.096649,116,1,474.869843,255.525848,51.218998,27.560768,71,0,0.000000,0.000000,0.000000,0.000000,0,0,0.000000,0.000000,0.000000,0.000000,0
3431,63.245117,63.245117,1,839.397095,500.447815,90.536552,53.977814,84,1,487.507660,247.360855,52.582100,26.680099,8,0,0.000000,0.000000,0.000000,0.000000,0,0,0.000000,0.000000,0.000000,0.000000,0
3434,63.278442,63.278442,1,842.710938,499.487701,90.893982,53.874256,90,0,0.000000,0.000000,0.000000,0.000000,0,0,0.000000,0.000000,0.000000,0.000000,0,0,0.000000,0.000000,0.000000,0.000000,0
3438,63.311768,63.311768,1,842.006348,499.367432,90.817986,53.861282,114,0,0.000000,0.000000,0.000000,0.000000,0,0,0.000000,0.000000,0.000000,0.000000,0,0,0.000000,0.000000,0.000000,0.000000,0
3441,63.345215,63.345215,1,841.398987,502.114716,90.752472,54.157600,120,1,572.922424,181.821152,61.794853,19.611053,63,0,0.000000,0.000000,0.000000,0.000000,0,0,0.000000,0.000000,0.000000,0.000000,0
3443,63.378540,63.378540,1,843.091553,506.332855,90.935036,54.612568,119,1,596.572754,165.515213,64.345757,17.852310,116,0,0.000000,0.000000,0.000000,0.000000,0,0,0.000000,0.000000,0.000000,0.000000,0
3447,63.411865,63.411865,1,844.097656,505.865906,91.043549,54.562202,131,1,624.308044,151.458755,67.337257,16.336193,111,0,0.000000,0.000000,0.000000,0.000000,0,0,0.000000,0.000000,0.000000,0.000000,0
3449,63.445190,63.445190,1,843.480408,509.568329,90.976974,54.961540,109,1,645.410522,145.097595,69.613350,15.650085,16,0,0.000000,0.000000,0.000000,0.000000,0,0,0.000000,0.000000,0.000000,0.000000,0
3452,63.478516,63.478516,1,840.726624,511.231873,90.679955,55.140972,125,0,0.000000,0.000000,0.000000,0.000000,0,0,0.000000,0.000000,0.000000,0.000000,0,0,0.000000,0.000000,0.000000,0.000000,0
3456,63.511841,63.511841,1,840.976501,515.738770,90.706902,55.627079,114,0,0.000000,0.000000,0.000000,0.000000,0,0,0.000000,0.000000,0.000000,0.000000,0,0,0.000000,0.000000,0.000000,0.000000,0
3458,63.545166,63.545166,1,841.557861,518.287292,90.769608,55.901962,116,1,747.200623,117.057755,80.592331,12.625734,24,0,0.000000,0.000000,0.000000,0.000000,0,0,0.000000,0.000000,0.000000,0.000000,0
3461,63.578491,63.578491,1,840.946167,520.261047,90.703629,56.114845,110,1,772.784668,112.052376,83.351799,12.085859,47,0,0.000000,0.000000,0.000000,0.000000,0,0,0.000000,0.000000,0.000000,0.000000,0
3465,63.611816,63.611816,1,839.240173,524.096375,90.519630,56.528526,121,1,800.297974,113.220390,86.319359,12.211841,51,0,0.000000,0.000000,0.000000,0.000000,0,0,0.000000,0.000000,0.000000,0.000000,0
3468,63.645142,63.645142,1,839.194275,525.250549,90.514671,56.653011,114,1,815.337280,125.598648,87.941483,13.546947,64,0,0.000000,0.000000,0.000000,0.000000,0,0,0.000000,0.000000,0.000000,0.000000,0
3471,63.678589,63.678589,1,836.103638,527.740295,90.181320,56.921555,125,1,830.721436,141.502518,89.600800,15.262324,46,0,0.000000,0.000000,0.000000,0.000000,0,0,0.000000,0.000000,0.000000,0.000000,0
3474,63.711914,63.711914,1,832.653137,528.250854,89.809151,56.976620,119,1,868.502258,164.676071,93.675804,17.761801,18,0,0.000000,0.000000,0.000000,0.000000,0,0,0.000000,0.000000,0.000000,0.000000,0
3476,63.745239,63.745239,1,831.679688,527.380859,89.704163,56.882782,117,1,888.080688,180.177277,95.787514,19.433746,69,0,0.000000,0.000000,0.000000,0.000000,0,0,0.000000,0.000000,0.000000,0.000000,0
3479,63.778564,63.778564,1,830.633789,525.445923,89.591347,56.674088,131,1,921.369263,190.786179,99.377991,20.578011,92,0,0.000000,0.000000,0.000000,0.000000,0,0,0.000000,0.000000,0.000000,0.000000,0
3482,63.811890,63.811890,1,827.331787,523.736328,89.235199,56.489685,116,1,953.743530,209.072113,102.869850,22.550314,98,0,0.000000,0.000000,0.000000,0.000000,0,0,0.000000,0.000000,0.000000,0.000000,0
3486,63.845215,63.845215,1,823.427795,520.463440,88.814117,56.136681,121,1,984.455994,230.987320,106.182465,24.914068,106,0,0.000000,0.000000,0.000000,0.000000,0,0,0.000000,0.000000,0.000000,0.000000,0
3489,63.878540,63.878540,1,825.483276,517.928589,89.035820,55.863270,118,1,1013.591431,255.536957,109.324982,27.561966,105,0,0.000000,0.000000,0.000000,0.000000,0,0,0.000000,0.000000,0.000000,0.000000,0
3492,63.911865,63.911865,1,827.414856,518.455872,89.244156,55.920143,122,1,1040.177246,281.940247,112.192497,30.409801,114,0,0.000000,0.000000,0.000000,0.000000,0,0,0.000000,0.000000,0.000000,0.000000,0
3495,63.945190,63.945190,1,822.449524,519.119019,88.708603,55.991669,136,1,1063.569702,311.161682,114.715591,33.561596,114,0,0.000000,0.000000,0.000000,0.000000,0,0,0.000000,0.000000,0.000000,0.000000,0
3497,63.978638,63.978638,1,817.425049,517.575989,88.166664,55.825241,135,1,1084.785400,340.484558,117.003899,36.724331,107,0,0.000000,0.000000,0.000000,0.000000,0,0,0.000000,0.000000,0.000000,0.000000,0
3500,64.011963,64.011963,1,819.104187,515.389465,88.347778,55.589405,142,1,1101.793701,371.882202,118.838394,40.110851,103,0,0.000000,0.000000,0.000000,0.000000,0,0,0.000000,0.000000,0.000000,0.000000,0
3503,64.045288,64.045288,1,821.382935,515.144897,88.593559,55.563030,144,1,1113.322388,405.370697,120.081863,43.722889,91,0,0.000000,0.000000,0.000000,0.000000,0,0,0.000000,0.000000,0.000000,0.000000,0
3506,64.078613,64.078613,1,821.245422,508.905945,88.578728,54.890099,137,1,1120.081543,440.143250,120.810898,47.473423,82,0,0.000000,0.000000,0.000000,0.000000,0,0,0.000000,0.000000,0.000000,0.000000,0
3508,64.111938,64.111938,1,828.145203,514.735168,89.322937,55.518837,139,1,1124.181396,475.209961,121.253105,51.255684,80,0,0.000000,0.000000,0.000000,0.000000,0,0,0.000000,0.000000,0.000000,0.000000,0
3513,64.145264,64.145264,1,823.555542,517.877319,88.827896,55.857746,89,1,1122.185059,507.807495,121.037781,54.771622,64,0,0.000000,0.000000,0.000000,0.000000,0,0,0.000000,0.000000,0.000000,0.000000,0
3516,64.178589,64.178589,1,829.569092,510.113708,89.476509,55.020367,40,1,1116.697144,542.360962,120.445862,58.498524,47,0,0.000000,0.000000,0.000000,0.000000,0,0,0.000000,0.000000,0.000000,0.000000,0
3519,64.211914,64.211914,1,827.533020,516.249634,89.256905,55.682178,122,1,1105.682129,582.099915,119.257790,62.784729,38,0,0.000000,0.000000,0.000000,0.000000,0,0,0.000000,0.000000,0.000000,0.000000,0
3521,64.245239,64.245239,1,831.940735,520.322815,89.732315,56.121510,113,1,1092.940430,618.123718,117.883492,66.670219,60,0,0.000000,0.000000,0.000000,0.000000,0,0,0.000000,0.000000,0.000000,0.000000,0
3524,64.278687,64.278687,1,830.304443,525.702881,89.555824,56.701801,130,1,1075.411011,652.289490,115.992783,70.355301,64,0,0.000000,0.000000,0.000000,0.000000,0,0,0.000000,0.000000,0.000000,0.000000,0
3527,64.312012,64.312012,1,824.038879,526.180725,88.880028,56.753338,83,1,1050.487671,686.016052,113.304565,73.993027,82,0,0.000000,0.000000,0.000000,0.000000,0,0,0.000000,0.000000,0.000000,0.000000,0
3530,64.345337,64.345337,0,0.000000,0.000000,0.000000,0.000000,0,1,1022.993286,716.278809,110.339058,77.257133,75,0,0.000000,0.000000,0.000000,0.000000,0,0,0.000000,0.000000,0.000000,0.000000,0
3532,64.378662,64.378662,1,823.583313,527.034607,88.830887,56.845436,106,1,990.680298,743.027527,106.853813,80.142227,83,0,0.000000,0.000000,0.000000,0.000000,0,0,0.000000,0.000000,0.000000,0.000000,0
3538,64.411987,64.411987,1,825.565979,524.376587,89.044739,56.558746,126,1,956.166321,765.759338,103.131165,82.594055,87,0,0.000000,0.000000,0.000000,0.000000,0,0,0.000000,0.000000,0.000000,0.000000,0
3540,64.445312,64.445312,1,825.323242,521.806396,89.018555,56.281525,139,1,917.559753,783.609741,98.967094,84.519379,74,0,0.000000,0.000000,0.000000,0.000000,0,0,0.000000,0.000000,0.000000,0.000000,0
3542,64.478638,64.478638,1,827.181824,521.176636,89.219025,56.213604,146,1,879.577393,794.604431,94.870354,85.705261,47,0,0.000000,0.000000,0.000000,0.000000,0,0,0.000000,0.000000,0.000000,0.000000,0
3546,64.511963,64.511963,1,830.001709,525.457214,89.523170,56.675304,134,1,843.764221,812.654846,91.007584,87.652161,72,0,0.000000,0.000000,0.000000,0.000000,0,0,0.000000,0.000000,0.000000,0.000000,0
3548,64.545288,64.545288,1,828.964111,526.986084,89.411255,56.840206,133,1,817.039734,827.617737,88.125107,89.266037,89,0,0.000000,0.000000,0.000000,0.000000,0,0,0.000000,0.000000,0.000000,0.000000,0
3551,64.578613,64.578613,1,824.910034,524.497192,88.973991,56.571754,130,1,791.566956,843.978516,85.377640,91.030701,80,0,0.000000,0.000000,0.000000,0.000000,0,0,0.000000,0.000000,0.000000,0.000000,0
3555,64.612061,64.612061,1,823.068054,520.329468,88.775322,56.122227,127,1,761.807617,851.820801,82.167824,91.876564,68,0,0.000000,0.000000,0.000000,0.000000,0,0,0.000000,0.000000,0.000000,0.000000,0
3557,64.645386,64.645386,1,818.843933,517.725830,88.319710,55.841400,149,1,731.804260,853.802429,78.931686,92.090294,84,0,0.000000,0.000000,0.000000,0.000000,0,0,0.000000,0.000000,0.000000,0.000000,0
3560,64.678711,64.678711,1,820.902649,514.612610,88.541756,55.505611,118,1,698.684448,849.503784,75.359421,91.626648,68,0,0.000000,0.000000,0.000000,0.000000,0,0,0.000000,0.000000,0.000000,0.000000,0
3564,64.712036,64.712036,1,820.574036,510.518982,88.506317,55.064079,135,1,666.779541,844.098267,71.918190,91.043617,44,0,0.000000,0.000000,0.000000,0.000000,0,0,0.000000,0.000000,0.000000,0.000000,0
3567,64.745361,64.745361,1,817.957153,510.308350,88.224060,55.041359,138,0,0.000000,0.000000,0.000000,0.000000,0,0,0.000000,0.000000,0.000000,0.000000,0,0,0.000000,0.000000,0.000000,0.000000,0
3569,64.778687,64.778687,1,814.741943,505.781860,87.877266,54.553135,125,0,0.000000,0.000000,0.000000,0.000000,0,0,0.000000,0.000000,0.000000,0.000000,0,0,0.000000,0.000000,0.000000,0.000000,0
3573,64.812012,64.812012,1,815.749268,502.495392,87.985916,54.198662,121,0,0.000000,0.000000,0.000000,0.000000,0,0,0.000000,0.000000,0.000000,0.000000,0,0,0.000000,0.000000,0.000000,0.000000,0
3575,64.845337,64.845337,1,817.663635,503.692047,88.192398,54.327732,125,0,0.000000,0.000000,0.000000,0.000000,0,0,0.000000,0.000000,0.000000,0.000000,0,0,0.000000,0.000000,0.000000,0.000000,0
3579,64.878662,64.878662,1,820.286865,500.128296,88.475342,53.943348,126,0,0.000000,0.000000,0.000000,0.000000,0,0,0.000000,0.000000,0.000000,0.000000,0,0,0.000000,0.000000,0.000000,0.000000,0
3581,64.912109,64.912109,1,824.229004,498.771973,88.900536,53.797058,139,1,821.000000,835.000000,88.552261,90.062286,1,0,0.000000,0.000000,0.000000,0.000000,0,0,0.000000,0.000000,0.000000,0.000000,0
3584,64.945435,64.945435,1,826.208679,501.476105,89.114059,54.088722,145,0,0.000000,0.000000,0.000000,0.000000,0,0,0.000000,0.000000,0.000000,0.000000,0,0,0.000000,0.000000,0.000000,0.000000,0
3588,64.978760,64.978760,1,827.058411,502.155396,89.205711,54.161991,128,0,0.000000,0.000000,0.000000,0.000000,0,0,0.000000,0.000000,0.000000,0.000000,0,0,0.000000,0.000000,0.000000,0.000000,0
3590,65.012085,65.012085,1,828.722656,505.447357,89.385216,54.517059,139,0,0.000000,0.000000,0.000000,0.000000,0,0,0.000000,0.000000,0.000000,0.000000,0,0,0.000000,0.000000,0.000000,0.000000,0
3593,65.045410,65.045410,1,827.747253,507.126038,89.280014,54.698116,126,0,0.000000,0.000000,0.000000,0.000000,0,0,0.000000,0.000000,0.000000,0.000000,0,0,0.000000,0.000000,0.000000,0.000000,0
3597,65.078735,65.078735,1,826.718933,504.525787,89.169098,54.417656,126,0,0.000000,0.000000,0.000000,0.000000,0,0,0.000000,0.000000,0.000000,0.000000,0,0,0.000000,0.000000,0.000000,0.000000,0
3599,65.112061,65.112061,1,827.052063,501.477356,89.205025,54.088860,121,0,0.000000,0.000000,0.000000,0.000000,0,0,0.000000,0.000000,0.000000,0.000000,0,0,0.000000,0.000000,0.000000,0.000000,0
3602,65.145386,65.145386,1,829.993713,500.799225,89.522308,54.015717,115,0,0.000000,0.000000,0.000000,0.000000,0,0,0.000000,0.000000,0.000000,0.000000,0,0,0.000000,0.000000,0.000000,0.000000,0
3604,65.178711,65.178711,1,828.615845,501.604889,89.373695,54.102615,120,0,0.000000,0.000000,0.000000,0.000000,0,0,0.000000,0.000000,0.000000,0.000000,0,0,0.000000,0.000000,0.000000,0.000000,0
3608,65.212158,65.212158,1,828.048950,499.064850,89.312553,53.828648,115,0,0.000000,0.000000,0.000000,0.000000,0,0,0.000000,0.000000,0.000000,0.000000,0,0,0.000000,0.000000,0.000000,0.000000,0
3612,65.245483,65.245483,1,830.114380,499.042114,89.535332,53.826195,108,0,0.000000,0.000000,0.000000,0.000000,0,0,0.000000,0.000000,0.000000,0.000000,0,0,0.000000,0.000000,0.000000,0.000000,0
3614,65.278809,65.278809,1,834.117920,495.704529,89.967148,53.466206,116,1,675.955872,489.000000,72.907944,52.743061,2,0,0.000000,0.000000,0.000000,0.000000,0,0,0.000000,0.000000,0.000000,0.000000,0
3617,65.312134,65.312134,1,837.685547,495.559143,90.351952,53.450523,122,0,0.000000,0.000000,0.000000,0.000000,0,0,0.000000,0.000000,0.000000,0.000000,0,0,0.000000,0.000000,0.000000,0.000000,0
3620,65.345459,65.345459,1,843.375122,493.940094,90.965614,53.275898,89,0,0.000000,0.000000,0.000000,0.000000,0,0,0.000000,0.000000,0.000000,0.000000,0,0,0.000000,0.000000,0.000000,0.000000,0
3623,65.378784,65.378784,1,846.484192,492.982758,91.300957,53.172642,105,0,0.000000,0.000000,0.000000,0.000000,0,0,0.000000,0.000000,0.000000,0.000000,0,0,0.000000,0.000000,0.000000,0.000000,0
3627,65.412109,65.412109,1,847.811462,493.348022,91.444122,53.212036,108,1,623.000000,457.000000,67.196175,49.291573,1,0,0.000000,0.000000,0.000000,0.000000,0,0,0.000000,0.000000,0.000000,0.000000,0
3629,65.445435,65.445435,1,854.542419,496.940765,92.170113,53.599548,89,0,0.000000,0.000000,0.000000,0.000000,0,0,0.000000,0.000000,0.000000,0.000000,0,0,0.000000,0.000000,0.000000,0.000000,0
3632,65.478760,65.478760,1,853.187500,500.440247,92.023972,53.976994,103,0,0.000000,0.000000,0.000000,0.000000,0,0,0.000000,0.000000,0.000000,0.000000,0,0,0.000000,0.000000,0.000000,0.000000,0
3636,65.512085,65.512085,1,852.461853,496.094757,91.945702,53.508297,121,1,529.000000,559.000000,57.057423,60.293194,1,0,0.000000,0.000000,0.000000,0.000000,0,0,0.000000,0.000000,0.000000,0.000000,0
3638,65.545532,65.545532,1,858.292847,498.155762,92.574631,53.730595,116,0,0.000000,0.000000,0.000000,0.000000,0,0,0.000000,0.000000,0.000000,0.000000,0,0,0.000000,0.000000,0.000000,0.000000,0
3641,65.578857,65.578857,1,857.346924,503.798248,92.472603,54.339188,112,0,0.000000,0.000000,0.000000,0.000000,0,0,0.000000,0.000000,0.000000,0.000000,0,0,0.000000,0.000000,0.000000,0.000000,0
3643,65.612183,65.612183,1,856.128845,504.244781,92.341225,54.387348,119,0,0.000000,0.000000,0.000000,0.000000,0,0,0.000000,0.000000,0.000000,0.000000,0,0,0.000000,0.000000,0.000000,0.000000,0
3647,65.645508,65.645508,1,853.445374,505.846466,92.051781,54.560108,133,0,0.000000,0.000000,0.000000,0.000000,0,0,0.000000,0.000000,0.000000,0.000000,0,0,0.000000,0.000000,0.000000,0.000000,0
3650,65.678833,65.678833,1,849.485901,504.468048,91.624718,54.411430,133,0,0.000000,0.000000,0.000000,0.000000,0,0,0.000000,0.000000,0.000000,0.000000,0,0,0.000000,0.000000,0.000000,0.000000,0
3652,65.712158,65.712158,1,850.779968,501.175476,91.764297,54.056297,120,0,0.000000,0.000000,0.000000,0.000000,0,0,0.000000,0.000000,0.000000,0.000000,0,0,0.000000,0.000000,0.000000,0.000000,0
3655,65.745483,65.745483,1,853.788818,497.794556,92.088829,53.691635,119,0,0.000000,0.000000,0.000000,0.000000,0,0,0.000000,0.000000,0.000000,0.000000,0,0,0.000000,0.000000,0.000000,0.000000,0
3659,65.778809,65.778809,1,863.333252,498.450226,93.118286,53.762356,116,1,692.574524,544.413025,74.700417,58.719860,9,0,0.000000,0.000000,0.000000,0.000000,0,0,0.000000,0.000000,0.000000,0.000000,0
3662,65.812134,65.812134,1,867.055908,509.680206,93.519806,54.973610,120,1,684.314697,510.524475,73.809517,55.064671,12,0,0.000000,0.000000,0.000000,0.000000,0,0,0.000000,0.000000,0.000000,0.000000,0
3666,65.845581,65.845581,1,862.627197,512.671631,93.042130,55.296261,132,1,687.371887,451.003357,74.139259,48.644779,15,0,0.000000,0.000000,0.000000,0.000000,0,0,0.000000,0.000000,0.000000,0.000000,0
3668,65.878906,65.878906,1,862.487854,510.166046,93.027100,55.026012,100,1,708.641663,398.341400,76.433395,42.964714,6,0,0.000000,0.000000,0.000000,0.000000,0,0,0.000000,0.000000,0.000000,0.000000,0
3671,65.912231,65.912231,1,863.525818,508.645599,93.139046,54.862019,111,1,755.000000,355.000000,81.433563,38.289955,1,0,0.000000,0.000000,0.000000,0.000000,0,0,0.000000,0.000000,0.000000,0.000000,0
3674,65.945557,65.945557,1,859.736145,509.991089,92.730301,55.007141,112,1,815.770020,324.542450,87.988159,35.004833,70,0,0.000000,0.000000,0.000000,0.000000,0,0,0.000000,0.000000,0.000000,0.000000,0
3677,65.978882,65.978882,1,857.017151,513.531677,92.437035,55.389023,106,1,874.482727,323.366516,94.320854,34.877998,98,0,0.000000,0.000000,0.000000,0.000000,0,0,0.000000,0.000000,0.000000,0.000000,0
3679,66.012207,66.012207,1,851.596680,511.736786,91.852386,55.195427,130,1,928.827332,339.523285,100.182404,36.620647,55,0,0.000000,0.000000,0.000000,0.000000,0,0,0.000000,0.000000,0.000000,0.000000,0
3683,66.045532,66.045532,1,846.609314,510.386932,91.314453,55.049835,115,1,974.144531,374.422974,105.070274,40.384895,27,0,0.000000,0.000000,0.000000,0.000000,0,0,0.000000,0.000000,0.000000,0.000000,0
3686,66.078857,66.078857,1,845.912476,511.969116,91.239296,55.220490,101,1,1008.352356,416.990479,108.759903,44.976185,3,0,0.000000,0.000000,0.000000,0.000000,0,0,0.000000,0.000000,0.000000,0.000000,0
3690,66.112183,66.112183,1,845.117920,507.866394,91.153595,54.777973,140,1,1027.000000,455.000000,110.771217,49.075855,1,0,0.000000,0.000000,0.000000,0.000000,0,0,0.000000,0.000000,0.000000,0.000000,0
3692,66.145630,66.145630,1,843.518066,505.908966,90.981033,54.566845,138,1,1039.000000,510.044128,112.065529,55.012859,2,0,0.000000,0.000000,0.000000,0.000000,0,0,0.000000,0.000000,0.000000,0.000000,0
3695,66.178955,66.178955,1,845.770081,510.848907,91.223938,55.099667,147,1,1031.005005,581.042236,111.203194,62.670647,54,0,0.000000,0.000000,0.000000,0.000000,0,0,0.000000,0.000000,0.000000,0.000000,0
3698,66.212280,66.212280,1,845.142029,516.668518,91.156197,55.727364,130,1,1014.173706,629.859863,109.387787,67.936073,73,0,0.000000,0.000000,0.000000,0.000000,0,0,0.000000,0.000000,0.000000,0.000000,0
3700,66.245605,66.245605,1,843.965576,517.382385,91.029305,55.804363,133,1,987.941528,673.167419,106.558411,72.607185,93,0,0.000000,0.000000,0.000000,0.000000,0,0,0.000000,0.000000,0.000000,0.000000,0
3704,66.278931,66.278931,1,840.117126,517.763733,90.614212,55.845490,123,1,954.939087,708.932007,102.998795,76.464714,114,0,0.000000,0.000000,0.000000,0.000000,0,0,0.000000,0.000000,0.000000,0.000000,0
3706,66.312256,66.312256,1,838.092285,518.868591,90.395813,55.964661,126,1,914.013184,737.138123,98.584572,79.506996,131,0,0.000000,0.000000,0.000000,0.000000,0,0,0.000000,0.000000,0.000000,0.000000,0
3709,66.345581,66.345581,1,836.537231,517.874573,90.228088,55.857445,115,1,870.119080,756.791260,93.850197,81.626770,134,0,0.000000,0.000000,0.000000,0.000000,0,0,0.000000,0.000000,0.000000,0.000000,0
3713,66.378906,66.378906,1,833.283936,515.836731,89.877197,55.637646,136,1,825.176636,767.153259,89.002747,82.744408,134,0,0.000000,0.000000,0.000000,0.000000,0,0,0.000000,0.000000,0.000000,0.000000,0
3717,66.412231,66.412231,1,828.320190,509.266266,89.341805,54.928963,167,1,780.400391,768.840332,84.173218,82.926369,137,0,0.000000,0.000000,0.000000,0.000000,0,0,0.000000,0.000000,0.000000,0.000000,0
3719,66.445557,66.445557,1,834.668518,512.411194,90.026527,55.268173,131,1,739.784485,762.055359,79.792435,82.194542,143,0,0.000000,0.000000,0.000000,0.000000,0,0,0.000000,0.000000,0.000000,0.000000,0
3722,66.479004,66.479004,1,828.037354,514.009216,89.311302,55.440533,149,1,699.185791,747.294067,75.413498,80.602409,141,0,0.000000,0.000000,0.000000,0.000000,0,0,0.000000,0.000000,0.000000,0.000000,0
3725,66.512329,66.512329,1,832.525818,508.920837,89.795418,54.891705,152,1,665.286133,726.585632,71.757111,78.368820,165,0,0.000000,0.000000,0.000000,0.000000,0,0,0.000000,0.000000,0.000000,0.000000,0
3728,66.545654,66.545654,1,831.042725,508.848236,89.635460,54.883873,149,1,635.546631,700.393066,68.549438,75.543709,144,0,0.000000,0.000000,0.000000,0.000000,0,0,0.000000,0.000000,0.000000,0.000000,0
3730,66.578979,66.578979,1,837.808350,508.991272,90.365189,54.899303,150,1,608.161377,668.678223,65.595688,72.122978,145,0,0.000000,0.000000,0.000000,0.000000,0,0,0.000000,0.000000,0.000000,0.000000,0
3733,66.612305,66.612305,1,833.439636,513.901794,89.893982,55.428944,136,1,586.906372,631.926270,63.303150,68.158951,141,0,0.000000,0.000000,0.000000,0.000000,0,0,0.000000,0.000000,0.000000,0.000000,0
3737,66.645630,66.645630,1,832.934814,517.666443,89.839539,55.834999,132,1,571.677673,592.129639,61.660595,63.866528,137,0,0.000000,0.000000,0.000000,0.000000,0,0,0.000000,0.000000,0.000000,0.000000,0
3741,66.678955,66.678955,1,830.391235,521.697998,89.565186,56.269840,141,1,563.167358,551.096680,60.742680,59.440754,141,0,0.000000,0.000000,0.000000,0.000000,0,0,0.000000,0.000000,0.000000,0.000000,0
3743,66.712280,66.712280,1,833.134094,526.005249,89.861031,56.734417,148,1,562.456970,508.004761,60.666058,54.792900,142,0,0.000000,0.000000,0.000000,0.000000,0,0,0.000000,0.000000,0.000000,0.000000,0
3746,66.745605,66.745605,1,829.679382,528.566833,89.488411,57.010700,118,1,570.906372,464.916046,61.577400,50.145393,131,0,0.000000,0.000000,0.000000,0.000000,0,0,0.000000,0.000000,0.000000,0.000000,0
3748,66.779053,66.779053,1,834.459412,527.066284,90.003983,56.848858,116,1,585.531067,426.236572,63.154812,45.973457,135,0,0.000000,0.000000,0.000000,0.000000,0,0,0.000000,0.000000,0.000000,0.000000,0
3752,66.812378,66.812378,1,838.612305,529.545288,90.451904,57.116234,122,1,606.333496,388.167755,65.398537,41.867393,127,0,0.000000,0.000000,0.000000,0.000000,0,0,0.000000,0.000000,0.000000,0.000000,0
3755,66.845703,66.845703,1,838.636597,528.783813,90.454529,57.034103,98,1,632.683838,355.273621,68.240662,38.319466,114,0,0.000000,0.000000,0.000000,0.000000,0,0,0.000000,0.000000,0.000000,0.000000,0
3757,66.879028,66.879028,1,836.927734,528.174927,90.270203,56.968433,118,1,665.578735,326.155914,71.788673,35.178860,126,0,0.000000,0.000000,0.000000,0.000000,0,0,0.000000,0.000000,0.000000,0.000000,0
3761,66.912354,66.912354,1,833.457458,525.793396,89.895905,56.711563,125,1,703.100586,303.797760,75.835739,32.767330,131,0,0.000000,0.000000,0.000000,0.000000,0,0,0.000000,0.000000,0.000000,0.000000,0
3764,66.945679,66.945679,1,830.757812,524.821716,89.604721,56.606758,126,1,746.830750,289.579285,80.552437,31.233740,138,0,0.000000,0.000000,0.000000,0.000000,0,0,0.000000,0.000000,0.000000,0.000000,0
3768,66.979004,66.979004,1,830.065002,522.859131,89.529999,56.395077,131,1,792.692200,284.630615,85.499008,30.699982,142,0,0.000000,0.000000,0.000000,0.000000,0,0,0.000000,0.000000,0.000000,0.000000,0
3770,67.012329,67.012329,1,828.582642,523.302124,89.370117,56.442860,135,1,837.425293,288.306091,90.323875,31.096415,153,0,0.000000,0.000000,0.000000,0.000000,0,0,0.000000,0.000000,0.000000,0.000000,0
3773,67.045654,67.045654,1,827.858154,522.855774,89.291969,56.394714,135,1,883.879822,302.284821,95.334412,32.604145,150,0,0.000000,0.000000,0.000000,0.000000,0,0,0.000000,0.000000,0.000000,0.000000,0
3776,67.079102,67.079102,1,825.918579,519.355957,89.082771,56.017227,134,1,926.726257,324.605225,99.955795,35.011600,150,0,0.000000,0.000000,0.000000,0.000000,0,0,0.000000,0.000000,0.000000,0.000000,0
3778,67.112427,67.112427,1,823.113953,516.999329,88.780266,55.763042,133,1,964.844116,357.563599,104.067146,38.566463,140,0,0.000000,0.000000,0.000000,0.000000,0,0,0.000000,0.000000,0.000000,0.000000,0
3782,67.145752,67.145752,1,821.968445,515.420105,88.656715,55.592712,138,1,994.356323,399.363281,107.250305,43.074936,121,0,0.000000,0.000000,0.000000,0.000000,0,0,0.000000,0.000000,0.000000,0.000000,0
3786,67.179077,67.179077,1,822.457153,514.316467,88.709427,55.473671,133,1,1012.747498,447.417023,109.233955,48.257961,116,0,0.000000,0.000000,0.000000,0.000000,0,0,0.000000,0.000000,0.000000,0.000000,0
3788,67.212402,67.212402,1,822.877380,510.611572,88.754753,55.074066,113,1,1019.299805,498.315643,109.940681,53.747837,75,0,0.000000,0.000000,0.000000,0.000000,0,0,0.000000,0.000000,0.000000,0.000000,0
3792,67.245728,67.245728,1,822.161438,508.343536,88.677528,54.829437,115,1,1013.877747,553.605469,109.355858,59.711342,91,0,0.000000,0.000000,0.000000,0.000000,0,0,0.000000,0.000000,0.000000,0.000000,0
3794,67.279053,67.279053,1,821.072754,507.333618,88.560112,54.720509,119,1,997.429810,601.429199,107.581810,64.869568,124,0,0.000000,0.000000,0.000000,0.000000,0,0,0.000000,0.000000,0.000000,0.000000,0
3798,67.312378,67.312378,1,820.212280,506.583191,88.467300,54.639568,122,1,968.391663,644.980103,104.449776,69.566925,111,0,0.000000,0.000000,0.000000,0.000000,0,0,0.000000,0.000000,0.000000,0.000000,0
3800,67.345703,67.345703,1,819.389465,503.423218,88.378548,54.298737,124,1,930.868958,681.052856,100.402618,73.457695,129,0,0.000000,0.000000,0.000000,0.000000,0,0,0.000000,0.000000,0.000000,0.000000,0
3802,67.379028,67.379028,1,819.907898,502.845367,88.434464,54.236412,135,1,884.661804,707.437805,95.418755,76.303551,139,0,0.000000,0.000000,0.000000,0.000000,0,0,0.000000,0.000000,0.000000,0.000000,0
3806,67.412476,67.412476,1,819.424072,501.560181,88.382278,54.097794,147,1,833.634033,722.385559,89.914955,77.915794,144,0,0.000000,0.000000,0.000000,0.000000,0,0,0.000000,0.000000,0.000000,0.000000,0
3808,67.445801,67.445801,1,816.863892,502.652496,88.106140,54.215607,138,1,779.860535,725.161560,84.114990,78.215218,143,0,0.000000,0.000000,0.000000,0.000000,0,0,0.000000,0.000000,0.000000,0.000000,0
3813,67.479126,67.479126,1,818.705322,502.644165,88.304756,54.214710,125,1,727.428040,713.893250,78.459679,76.999832,156,0,0.000000,0.000000,0.000000,0.000000,0,0,0.000000,0.000000,0.000000,0.000000,0
3815,67.512451,67.512451,1,816.858215,505.775574,88.105530,54.552460,140,1,680.494812,691.285950,73.397507,74.561432,151,0,0.000000,0.000000,0.000000,0.000000,0,0,0.000000,0.000000,0.000000,0.000000,0
3819,67.545776,67.545776,1,817.757751,501.940857,88.202553,54.138851,127,1,638.194397,656.251770,68.835022,70.782677,146,0,0.000000,0.000000,0.000000,0.000000,0,0,0.000000,0.000000,0.000000,0.000000,0
3821,67.579102,67.579102,1,820.643005,505.442352,88.513748,54.516518,135,1,605.804504,614.950806,65.341484,66.327995,144,0,0.000000,0.000000,0.000000,0.000000,0,0,0.000000,0.000000,0.000000,0.000000,0
3824,67.612427,67.612427,1,819.063782,503.175171,88.343422,54.271984,137,1,583.779480,564.082397,62.965885,60.841377,150,0,0.000000,0.000000,0.000000,0.000000,0,0,0.000000,0.000000,0.000000,0.000000,0
3826,67.645752,67.645752,1,821.480347,506.906158,88.604073,54.674404,124,1,573.077637,513.802490,61.811596,55.418236,136,0,0.000000,0.000000,0.000000,0.000000,0,0,0.000000,0.000000,0.000000,0.000000,0
3829,67.679077,67.679077,1,816.724243,509.636261,88.091080,54.968868,129,1,574.037964,460.991943,61.915173,49.722141,143,0,0.000000,0.000000,0.000000,0.000000,0,0,0.000000,0.000000,0.000000,0.000000,0
3833,67.712524,67.712524,1,816.088501,506.922974,88.022507,54.676216,126,1,587.002625,412.684784,63.313526,44.511780,143,0,0.000000,0.000000,0.000000,0.000000,0,0,0.000000,0.000000,0.000000,0.000000,0
3837,67.745850,67.745850,1,813.588196,503.824982,87.752823,54.342072,129,1,611.197998,368.387024,65.923218,39.733864,136,0,0.000000,0.000000,0.000000,0.000000,0,0,0.000000,0.000000,0.000000,0.000000,0
3839,67.779175,67.779175,1,814.918701,505.569580,87.896339,54.530239,133,1,647.625671,328.713440,69.852272,35.454712,96,0,0.000000,0.000000,0.000000,0.000000,0,0,0.000000,0.000000,0.000000,0.000000,0
3842,67.812500,67.812500,1,811.145386,503.359650,87.489349,54.291882,153,1,692.735779,296.641571,74.717804,31.995470,96,0,0.000000,0.000000,0.000000,0.000000,0,0,0.000000,0.000000,0.000000,0.000000,0
3844,67.845825,67.845825,1,812.071838,497.367889,87.589272,53.645615,137,1,740.640930,276.480133,79.884811,29.820875,102,0,0.000000,0.000000,0.000000,0.000000,0,0,0.000000,0.000000,0.000000,0.000000,0
3848,67.879150,67.879150,1,813.381348,499.840454,87.730515,53.912304,147,1,790.146240,266.349457,85.224403,28.728193,93,0,0.000000,0.000000,0.000000,0.000000,0,0,0.000000,0.000000,0.000000,0.000000,0
3851,67.912476,67.912476,1,814.290649,502.398254,87.828590,54.188183,151,1,844.024170,267.210175,91.035629,28.821028,79,0,0.000000,0.000000,0.000000,0.000000,0,0,0.000000,0.000000,0.000000,0.000000,0
3853,67.945801,67.945801,1,815.628357,506.839203,87.972878,54.667179,152,1,892.628967,277.237549,96.278084,29.902573,72,0,0.000000,0.000000,0.000000,0.000000,0,0,0.000000,0.000000,0.000000,0.000000,0
3856,67.979126,67.979126,1,808.959045,509.812988,87.253532,54.987930,162,1,941.890503,299.839905,101.591385,32.340439,79,0,0.000000,0.000000,0.000000,0.000000,0,0,0.000000,0.000000,0.000000,0.000000,0
3859,68.012573,68.012573,1,808.929260,504.789520,87.250320,54.446106,132,1,981.258362,326.069427,105.837563,35.169533,72,0,0.000000,0.000000,0.000000,0.000000,0,0,0.000000,0.000000,0.000000,0.000000,0
3863,68.045898,68.045898,1,815.723816,510.265900,87.983170,55.036781,119,1,1015.426758,359.269135,109.522942,38.750420,66,0,0.000000,0.000000,0.000000,0.000000,0,0,0.000000,0.000000,0.000000,0.000000,0
3866,68.079224,68.079224,1,813.377991,512.439575,87.730156,55.271233,115,1,1041.399414,396.322357,112.324326,42.746941,56,0,0.000000,0.000000,0.000000,0.000000,0,0,0.000000,0.000000,0.000000,0.000000,0
3868,68.112549,68.112549,1,813.872009,512.330139,87.783440,55.259430,134,1,1063.401978,438.524384,114.697495,47.298813,53,0,0.000000,0.000000,0.000000,0.000000,0,0,0.000000,0.000000,0.000000,0.000000,0
3872,68.145874,68.145874,1,818.250244,512.603210,88.255669,55.288879,134,1,1077.452148,482.783691,116.212936,52.072575,49,0,0.000000,0.000000,0.000000,0.000000,0,0,0.000000,0.000000,0.000000,0.000000,0
3876,68.179199,68.179199,1,823.483093,514.224426,88.820084,55.463741,118,1,1084.260986,526.124573,116.947334,56.747284,58,0,0.000000,0.000000,0.000000,0.000000,0,0,0.000000,0.000000,0.000000,0.000000,0
3877,68.212524,68.212524,1,826.298889,512.970947,89.123787,55.328545,122,1,1085.226562,571.428833,117.051483,61.633759,69,0,0.000000,0.000000,0.000000,0.000000,0,0,0.000000,0.000000,0.000000,0.000000,0
3881,68.245850,68.245850,1,829.590149,513.324707,89.478783,55.366699,121,1,1087.577759,591.577759,117.305077,63.807003,3,0,0.000000,0.000000,0.000000,0.000000,0,0,0.000000,0.000000,0.000000,0.000000,0
3883,68.279175,68.279175,1,834.108948,513.771118,89.966179,55.414848,101,1,1077.000000,631.000000,116.164169,68.059044,1,0,0.000000,0.000000,0.000000,0.000000,0,0,0.000000,0.000000,0.000000,0.000000,0
3888,68.312500,68.312500,1,835.467712,512.118713,90.112732,55.236626,135,1,1054.909790,684.996033,113.781532,73.883003,110,0,0.000000,0.000000,0.000000,0.000000,0,0,0.000000,0.000000,0.000000,0.000000,0
3890,68.345947,68.345947,1,831.443970,511.298920,89.678734,55.148205,97,1,1033.626099,717.843201,111.485909,77.425865,117,0,0.000000,0.000000,0.000000,0.000000,0,0,0.000000,0.000000,0.000000,0.000000,0
3893,68.379272,68.379272,1,828.442932,511.645691,89.355042,55.185604,106,1,1008.951904,746.080688,108.824562,80.471535,115,0,0.000000,0.000000,0.000000,0.000000,0,0,0.000000,0.000000,0.000000,0.000000,0
3896,68.412598,68.412598,1,826.442566,511.160431,89.139290,55.133263,95,1,981.176880,769.985046,105.828781,83.049835,130,0,0.000000,0.000000,0.000000,0.000000,0,0,0.000000,0.000000,0.000000,0.000000,0
3899,68.445923,68.445923,1,824.240601,509.742157,88.901787,54.980289,96,1,950.517883,790.275879,102.521927,85.238388,130,0,0.000000,0.000000,0.000000,0.000000,0,0,0.000000,0.000000,0.000000,0.000000,0
3901,68.479248,68.479248,1,823.114258,506.976807,88.780296,54.682026,94,1,919.254150,807.486145,99.149857,87.094666,123,0,0.000000,0.000000,0.000000,0.000000,0,0,0.000000,0.000000,0.000000,0.000000,0
3904,68.512573,68.512573,1,823.196350,508.059692,88.789154,54.798820,94,1,885.856934,821.347229,95.547668,88.589706,118,0,0.000000,0.000000,0.000000,0.000000,0,0,0.000000,0.000000,0.000000,0.000000,0
3907,68.545898,68.545898,1,823.259827,508.011353,88.795998,54.793606,96,1,850.935059,831.218994,91.781029,89.654472,121,0,0.000000,0.000000,0.000000,0.000000,0,0,0.000000,0.000000,0.000000,0.000000,0
3910,68.579224,68.579224,1,824.846558,506.782959,88.967148,54.661114,75,1,816.214539,836.971924,88.036102,90.274971,123,0,0.000000,0.000000,0.000000,0.000000,0,0,0.000000,0.000000,0.000000,0.000000,0
3914,68.612549,68.612549,1,825.335388,505.331085,89.019867,54.504517,90,1,781.954895,838.741638,84.340889,90.465858,113,0,0.000000,0.000000,0.000000,0.000000,0,0,0.000000,0.000000,0.000000,0.000000,0
3916,68.645996,68.645996,1,826.774231,503.463104,89.175064,54.303040,85,1,749.527100,836.950317,80.843262,90.272644,114,0,0.000000,0.000000,0.000000,0.000000,0,0,0.000000,0.000000,0.000000,0.000000,0
3920,68.679321,68.679321,1,828.557556,504.112915,89.367409,54.373127,81,1,717.018860,831.002441,77.336960,89.631111,111,0,0.000000,0.000000,0.000000,0.000000,0,0,0.000000,0.000000,0.000000,0.000000,0
3923,68.712646,68.712646,1,830.087402,501.797516,89.532417,54.123390,96,1,688.369751,824.520813,74.246895,88.932007,91,0,0.000000,0.000000,0.000000,0.000000,0,0,0.000000,0.000000,0.000000,0.000000,0
3925,68.745972,68.745972,1,831.692627,499.957672,89.705551,53.924946,113,1,665.403748,821.820984,71.769798,88.640808,82,0,0.000000,0.000000,0.000000,0.000000,0,0,0.000000,0.000000,0.000000,0.000000,0
3929,68.779297,68.779297,1,832.234619,499.423157,89.764015,53.867294,110,1,645.515564,817.406738,69.624680,88.164688,51,0,0.000000,0.000000,0.000000,0.000000,0,0,0.000000,0.000000,0.000000,0.000000,0
3931,68.812622,68.812622,1,834.180481,500.428223,89.973892,53.975700,106,1,650.096313,815.343811,70.118752,87.942184,49,0,0.000000,0.000000,0.000000,0.000000,0,0,0.000000,0.000000,0.000000,0.000000,0
3934,68.845947,68.845947,1,835.158875,498.331940,90.079414,53.749596,101,1,652.294739,810.888733,70.355873,87.461670,57,0,0.000000,0.000000,0.000000,0.000000,0,0,0.000000,0.000000,0.000000,0.000000,0
3938,68.879272,68.879272,1,834.678406,495.479889,90.027603,53.441978,118,1,647.611938,808.721619,69.850792,87.227928,57,0,0.000000,0.000000,0.000000,0.000000,0,0,0.000000,0.000000,0.000000,0.000000,0
3941,68.912598,68.912598,1,835.317566,494.376312,90.096535,53.322945,126,1,643.768982,800.471619,69.436295,86.338089,69,0,0.000000,0.000000,0.000000,0.000000,0,0,0.000000,0.000000,0.000000,0.000000,0
3944,68.946045,68.946045,1,837.133301,493.140411,90.292381,53.189644,89,1,647.260498,788.111267,69.812881,85.004913,68,0,0.000000,0.000000,0.000000,0.000000,0,0,0.000000,0.000000,0.000000,0.000000,0
3947,68.979370,68.979370,1,836.637634,495.640778,90.238914,53.459332,89,1,655.864624,769.628967,70.740913,83.011429,72,0,0.000000,0.000000,0.000000,0.000000,0,0,0.000000,0.000000,0.000000,0.000000,0
3949,69.012695,69.012695,1,838.372314,495.530090,90.426018,53.447392,94,1,663.000000,751.000000,71.510536,81.002129,1,0,0.000000,0.000000,0.000000,0.000000,0,0,0.000000,0.000000,0.000000,0.000000,0
3953,69.046021,69.046021,1,840.068237,494.188812,90.608940,53.302723,83,1,693.319092,712.735168,74.780716,76.874924,32,0,0.000000,0.000000,0.000000,0.000000,0,0,0.000000,0.000000,0.000000,0.000000,0
3955,69.079346,69.079346,1,839.023071,492.698334,90.496208,53.141964,78,1,711.198669,684.479858,76.709198,73.827332,63,0,0.000000,0.000000,0.000000,0.000000,0,0,0.000000,0.000000,0.000000,0.000000,0
3958,69.112671,69.112671,1,839.671814,492.545868,90.566185,53.125515,95,0,0.000000,0.000000,0.000000,0.000000,0,0,0.000000,0.000000,0.000000,0.000000,0,0,0.000000,0.000000,0.000000,0.000000,0
3962,69.145996,69.145996,1,842.439697,493.028259,90.864723,53.177547,74,0,0.000000,0.000000,0.000000,0.000000,0,0,0.000000,0.000000,0.000000,0.000000,0,0,0.000000,0.000000,0.000000,0.000000,0
3965,69.179321,69.179321,1,844.900391,493.575989,91.130127,53.236626,88,0,0.000000,0.000000,0.000000,0.000000,0,0,0.000000,0.000000,0.000000,0.000000,0,0,0.000000,0.000000,0.000000,0.000000,0
3967,69.212646,69.212646,1,844.861877,491.929993,91.125977,53.059090,89,0,0.000000,0.000000,0.000000,0.000000,0,0,0.000000,0.000000,0.000000,0.000000,0,0,0.000000,0.000000,0.000000,0.000000,0
3970,69.246094,69.246094,1,844.549927,494.148193,91.092331,53.298344,89,0,0.000000,0.000000,0.000000,0.000000,0,0,0.000000,0.000000,0.000000,0.000000,0,0,0.000000,0.000000,0.000000,0.000000,0
3974,69.279419,69.279419,1,843.295471,498.172791,90.957031,53.732430,99,0,0.000000,0.000000,0.000000,0.000000,0,0,0.000000,0.000000,0.000000,0.000000,0,0,0.000000,0.000000,0.000000,0.000000,0
3977,69.312744,69.312744,1,841.184631,500.015594,90.729355,53.931194,78,0,0.000000,0.000000,0.000000,0.000000,0,0,0.000000,0.000000,0.000000,0.000000,0,0,0.000000,0.000000,0.000000,0.000000,0
3979,69.346069,69.346069,1,837.589600,499.616119,90.341599,53.888103,113,0,0.000000,0.000000,0.000000,0.000000,0,0,0.000000,0.000000,0.000000,0.000000,0,0,0.000000,0.000000,0.000000,0.000000,0
3982,69.379395,69.379395,1,838.537170,502.243408,90.443802,54.171482,102,0,0.000000,0.000000,0.000000,0.000000,0,0,0.000000,0.000000,0.000000,0.000000,0,0,0.000000,0.000000,0.000000,0.000000,0
3985,69.412720,69.412720,1,840.549744,500.144684,90.660873,53.945114,72,0,0.000000,0.000000,0.000000,0.000000,0,0,0.000000,0.000000,0.000000,0.000000,0,0,0.000000,0.000000,0.000000,0.000000,0
3990,69.446045,69.446045,1,840.265259,500.897156,90.630188,54.026276,51,1,1221.863525,638.846375,131.789001,68.905350,42,0,0.000000,0.000000,0.000000,0.000000,0,0,0.000000,0.000000,0.000000,0.000000,0
3992,69.479370,69.479370,1,838.618591,500.063812,90.452583,53.936394,82,1,1212.688477,662.598328,130.799393,71.467209,40,0,0.000000,0.000000,0.000000,0.000000,0,0,0.000000,0.000000,0.000000,0.000000,0
3995,69.512695,69.512695,1,842.542358,498.307037,90.875801,53.746910,63,1,1203.165039,686.149719,129.772217,74.007439,36,0,0.000000,0.000000,0.000000,0.000000,0,0,0.000000,0.000000,0.000000,0.000000,0
3997,69.546021,69.546021,1,846.395630,498.732391,91.291405,53.792789,68,1,1192.827393,709.226074,128.657196,76.496437,42,0,0.000000,0.000000,0.000000,0.000000,0,0,0.000000,0.000000,0.000000,0.000000,0
4000,69.579468,69.579468,1,846.101807,497.009521,91.259712,53.606960,99,1,1181.230225,730.925720,127.406334,78.836937,43,0,0.000000,0.000000,0.000000,0.000000,0,0,0.000000,0.000000,0.000000,0.000000,0
4004,69.612793,69.612793,1,850.558044,500.375641,91.740356,53.970028,36,1,1169.230103,753.040344,126.112015,81.222198,40,0,0.000000,0.000000,0.000000,0.000000,0,0,0.000000,0.000000,0.000000,0.000000,0
4006,69.646118,69.646118,1,853.014587,501.015381,92.005325,54.039032,62,1,1155.756348,775.942444,124.658745,83.692398,40,0,0.000000,0.000000,0.000000,0.000000,0,0,0.000000,0.000000,0.000000,0.000000,0
4009,69.679443,69.679443,1,853.915283,501.974762,92.102470,54.142509,61,1,1139.471069,796.305969,122.902229,85.888779,39,0,0.000000,0.000000,0.000000,0.000000,0,0,0.000000,0.000000,0.000000,0.000000,0
4013,69.712769,69.712769,1,853.655212,504.920105,92.074417,54.460190,59,1,1122.622070,814.981079,121.084923,87.903069,36,0,0.000000,0.000000,0.000000,0.000000,0,0,0.000000,0.000000,0.000000,0.000000,0
4015,69.746094,69.746094,1,852.220825,502.830261,91.919708,54.234779,104,1,1102.653931,833.647888,118.931175,89.916443,38,0,0.000000,0.000000,0.000000,0.000000,0,0,0.000000,0.000000,0.000000,0.000000,0
4018,69.779419,69.779419,1,850.926025,505.244507,91.780052,54.495178,63,1,1083.376953,849.127686,116.851982,91.586082,28,0,0.000000,0.000000,0.000000,0.000000,0,0,0.000000,0.000000,0.000000,0.000000,0
4022,69.812744,69.812744,1,847.021118,504.955200,91.358871,54.463974,75,1,1063.583130,865.248108,114.717033,93.324814,24,0,0.000000,0.000000,0.000000,0.000000,0,0,0.000000,0.000000,0.000000,0.000000,0
4024,69.846069,69.846069,1,846.383301,506.781769,91.290077,54.660984,77,1,1043.750000,878.667786,112.577850,94.772247,26,0,0.000000,0.000000,0.000000,0.000000,0,0,0.000000,0.000000,0.000000,0.000000,0
4027,69.879517,69.879517,1,847.362549,507.765106,91.395699,54.767048,66,1,1021.931824,890.780090,110.224571,96.078667,24,0,0.000000,0.000000,0.000000,0.000000,0,0,0.000000,0.000000,0.000000,0.000000,0
4031,69.912842,69.912842,1,847.172974,507.323212,91.375252,54.719387,90,1,997.667725,902.494019,107.607468,97.342125,20,0,0.000000,0.000000,0.000000,0.000000,0,0,0.000000,0.000000,0.000000,0.000000,0
4033,69.946167,69.946167,1,849.889282,505.705750,91.668228,54.544926,87,1,977.078186,911.056824,105.386703,98.265694,17,0,0.000000,0.000000,0.000000,0.000000,0,0,0.000000,0.000000,0.000000,0.000000,0
4036,69.979492,69.979492,1,845.966064,511.880615,91.245079,55.210945,63,1,955.110291,920.162903,103.017265,99.247871,5,0,0.000000,0.000000,0.000000,0.000000,0,0,0.000000,0.000000,0.000000,0.000000,0
4040,70.012817,70.012817,1,843.619385,515.195007,90.991959,55.568432,89,1,917.000000,929.000000,98.906723,100.201035,1,0,0.000000,0.000000,0.000000,0.000000,0,0,0.000000,0.000000,0.000000,0.000000,0
4043,70.046143,70.046143,1,843.217285,516.876770,90.948593,55.749828,69,1,897.673035,931.267700,96.822136,100.445625,5,0,0.000000,0.000000,0.000000,0.000000,0,0,0.000000,0.000000,0.000000,0.000000,0
4046,70.079468,70.079468,1,841.505859,516.700378,90.764000,55.730797,56,1,864.756104,937.000000,93.271751,101.063904,3,0,0.000000,0.000000,0.000000,0.000000,0,0,0.000000,0.000000,0.000000,0.000000,0
4048,70.112793,70.112793,1,841.215698,517.218872,90.732704,55.786724,87,0,0.000000,0.000000,0.000000,0.000000,0,0,0.000000,0.000000,0.000000,0.000000,0,0,0.000000,0.000000,0.000000,0.000000,0
4051,70.146118,70.146118,1,838.055969,517.119995,90.391891,55.776058,90,0,0.000000,0.000000,0.000000,0.000000,0,0,0.000000,0.000000,0.000000,0.000000,0,0,0.000000,0.000000,0.000000,0.000000,0
4053,70.179565,70.179565,1,838.936646,516.729919,90.486885,55.733982,111,0,0.000000,0.000000,0.000000,0.000000,0,0,0.000000,0.000000,0.000000,0.000000,0,0,0.000000,0.000000,0.000000,0.000000,0
4057,70.212891,70.212891,1,837.960693,516.643555,90.381622,55.724667,109,0,0.000000,0.000000,0.000000,0.000000,0,0,0.000000,0.000000,0.000000,0.000000,0,0,0.000000,0.000000,0.000000,0.000000,0
4060,70.246216,70.246216,1,839.235046,517.387573,90.519073,55.804916,69,0,0.000000,0.000000,0.000000,0.000000,0,0,0.000000,0.000000,0.000000,0.000000,0,0,0.000000,0.000000,0.000000,0.000000,0
4064,70.279541,70.279541,1,838.266602,517.457214,90.414612,55.812428,78,0,0.000000,0.000000,0.000000,0.000000,0,0,0.000000,0.000000,0.000000,0.000000,0,0,0.000000,0.000000,0.000000,0.000000,0
4066,70.312866,70.312866,1,839.967285,517.586792,90.598053,55.826408,78,0,0.000000,0.000000,0.000000,0.000000,0,0,0.000000,0.000000,0.000000,0.000000,0,0,0.000000,0.000000,0.000000,0.000000,0
4069,70.346191,70.346191,1,836.700928,517.300476,90.245743,55.795525,78,0,0.000000,0.000000,0.000000,0.000000,0,0,0.000000,0.000000,0.000000,0.000000,0,0,0.000000,0.000000,0.000000,0.000000,0
4072,70.379517,70.379517,1,835.664124,518.059753,90.133919,55.877419,115,0,0.000000,0.000000,0.000000,0.000000,0,0,0.000000,0.000000,0.000000,0.000000,0,0,0.000000,0.000000,0.000000,0.000000,0
4075,70.412842,70.412842,1,837.846741,517.382080,90.369331,55.804325,97,0,0.000000,0.000000,0.000000,0.000000,0,0,0.000000,0.000000,0.000000,0.000000,0,0,0.000000,0.000000,0.000000,0.000000,0
4078,70.446167,70.446167,1,839.955139,517.818909,90.596741,55.851444,70,0,0.000000,0.000000,0.000000,0.000000,0,0,0.000000,0.000000,0.000000,0.000000,0,0,0.000000,0.000000,0.000000,0.000000,0
4082,70.479492,70.479492,1,832.960571,518.635254,89.842316,55.939495,121,0,0.000000,0.000000,0.000000,0.000000,0,0,0.000000,0.000000,0.000000,0.000000,0,0,0.000000,0.000000,0.000000,0.000000,0
4084,70.512939,70.512939,1,828.144714,520.377258,89.322876,56.127384,123,1,787.444885,373.901367,84.933037,40.328636,7,0,0.000000,0.000000,0.000000,0.000000,0,0,0.000000,0.000000,0.000000,0.000000,0
4087,70.546265,70.546265,1,827.995483,520.749146,89.306786,56.167492,113,1,834.334351,374.764709,89.990486,40.421757,9,0,0.000000,0.000000,0.000000,0.000000,0,0,0.000000,0.000000,0.000000,0.000000,0
4090,70.579590,70.579590,1,825.234985,518.302246,89.009041,55.903576,123,0,0.000000,0.000000,0.000000,0.000000,0,0,0.000000,0.000000,0.000000,0.000000,0,0,0.000000,0.000000,0.000000,0.000000,0
4094,70.612915,70.612915,1,825.576599,521.094910,89.045883,56.204788,119,0,0.000000,0.000000,0.000000,0.000000,0,0,0.000000,0.000000,0.000000,0.000000,0,0,0.000000,0.000000,0.000000,0.000000,0
4096,70.646240,70.646240,1,822.612061,518.304810,88.726135,55.903851,107,0,0.000000,0.000000,0.000000,0.000000,0,0,0.000000,0.000000,0.000000,0.000000,0,0,0.000000,0.000000,0.000000,0.000000,0
4099,70.679565,70.679565,1,819.057861,516.635559,88.342781,55.723804,109,0,0.000000,0.000000,0.000000,0.000000,0,0,0.000000,0.000000,0.000000,0.000000,0,0,0.000000,0.000000,0.000000,0.000000,0
4103,70.712891,70.712891,1,816.107422,517.481018,88.024551,55.814999,111,0,0.000000,0.000000,0.000000,0.000000,0,0,0.000000,0.000000,0.000000,0.000000,0,0,0.000000,0.000000,0.000000,0.000000,0
4105,70.746216,70.746216,1,820.150757,516.193359,88.460655,55.676113,79,0,0.000000,0.000000,0.000000,0.000000,0,0,0.000000,0.000000,0.000000,0.000000,0,0,0.000000,0.000000,0.000000,0.000000,0
4108,70.779541,70.779541,1,824.403687,512.789368,88.919380,55.308960,68,0,0.000000,0.000000,0.000000,0.000000,0,0,0.000000,0.000000,0.000000,0.000000,0,0,0.000000,0.000000,0.000000,0.000000,0
4112,70.812988,70.812988,1,823.008240,513.961060,88.768867,55.435337,74,0,0.000000,0.000000,0.000000,0.000000,0,0,0.000000,0.000000,0.000000,0.000000,0,0,0.000000,0.000000,0.000000,0.000000,0
4114,70.846313,70.846313,1,823.287292,516.295654,88.798965,55.687145,92,0,0.000000,0.000000,0.000000,0.000000,0,0,0.000000,0.000000,0.000000,0.000000,0,0,0.000000,0.000000,0.000000,0.000000,0
4118,70.879639,70.879639,1,829.406860,514.871643,89.459015,55.533550,84,0,0.000000,0.000000,0.000000,0.000000,0,0,0.000000,0.000000,0.000000,0.000000,0,0,0.000000,0.000000,0.000000,0.000000,0
4121,70.912964,70.912964,1,832.619873,514.258240,89.805565,55.467392,92,1,710.933777,372.487793,76.680626,40.176170,8,0,0.000000,0.000000,0.000000,0.000000,0,0,0.000000,0.000000,0.000000,0.000000,0
4123,70.946289,70.946289,1,835.320190,514.649658,90.096825,55.509609,75,1,764.734131,338.439667,82.483482,36.503773,7,0,0.000000,0.000000,0.000000,0.000000,0,0,0.000000,0.000000,0.000000,0.000000,0
4126,70.979614,70.979614,1,836.293335,518.124817,90.201782,55.884441,90,1,850.940857,328.948853,91.781647,35.480103,17,0,0.000000,0.000000,0.000000,0.000000,0,0,0.000000,0.000000,0.000000,0.000000,0
4129,71.012939,71.012939,1,834.520020,519.249634,90.010521,56.005760,105,1,886.339966,335.005676,95.599762,36.133385,10,0,0.000000,0.000000,0.000000,0.000000,0,0,0.000000,0.000000,0.000000,0.000000,0
4132,71.046265,71.046265,1,834.718079,518.212646,90.031876,55.893909,121,1,947.220703,362.431854,102.166306,39.091545,14,0,0.000000,0.000000,0.000000,0.000000,0,0,0.000000,0.000000,0.000000,0.000000,0
4135,71.079590,71.079590,1,832.945862,515.373474,89.840729,55.587677,111,1,987.638123,399.714294,106.525681,43.112793,3,0,0.000000,0.000000,0.000000,0.000000,0,0,0.000000,0.000000,0.000000,0.000000,0
4139,71.113037,71.113037,1,833.059448,515.321899,89.852982,55.582115,93,1,1020.093933,450.889252,110.026337,48.632477,15,0,0.000000,0.000000,0.000000,0.000000,0,0,0.000000,0.000000,0.000000,0.000000,0
4141,71.146362,71.146362,1,831.805237,515.989502,89.717697,55.654121,105,1,1036.221191,512.638306,111.765808,55.292667,83,0,0.000000,0.000000,0.000000,0.000000,0,0,0.000000,0.000000,0.000000,0.000000,0
4144,71.179688,71.179688,1,830.122498,517.579346,89.536201,55.825600,90,1,1036.226807,562.736816,111.766411,60.696247,75,0,0.000000,0.000000,0.000000,0.000000,0,0,0.000000,0.000000,0.000000,0.000000,0
4148,71.213013,71.213013,1,830.891663,515.430908,89.619164,55.593872,86,1,1025.864502,611.256592,110.648743,65.929543,96,0,0.000000,0.000000,0.000000,0.000000,0,0,0.000000,0.000000,0.000000,0.000000,0
4150,71.246338,71.246338,1,827.721558,514.357605,89.277237,55.478111,111,1,1006.003174,655.970886,108.506516,70.752373,112,0,0.000000,0.000000,0.000000,0.000000,0,0,0.000000,0.000000,0.000000,0.000000,0
4153,71.279663,71.279663,1,825.069092,513.143005,88.991150,55.347103,104,1,980.518860,693.584045,105.757805,74.809296,131,0,0.000000,0.000000,0.000000,0.000000,0,0,0.000000,0.000000,0.000000,0.000000,0
4157,71.312988,71.312988,1,826.485718,514.355652,89.143944,55.477898,96,1,947.741638,725.820740,102.222488,78.286316,141,0,0.000000,0.000000,0.000000,0.000000,0,0,0.000000,0.000000,0.000000,0.000000,0
4159,71.346313,71.346313,1,824.586243,511.921661,88.939064,55.215370,110,1,908.623596,751.514954,98.003258,81.057671,152,0,0.000000,0.000000,0.000000,0.000000,0,0,0.000000,0.000000,0.000000,0.000000,0
4162,71.379639,71.379639,1,826.043945,510.336731,89.096291,55.044422,90,1,867.457520,770.327454,93.563118,83.086761,141,0,0.000000,0.000000,0.000000,0.000000,0,0,0.000000,0.000000,0.000000,0.000000,0
4166,71.412964,71.412964,1,826.204224,506.934387,89.113579,54.677448,95,1,826.221985,781.721680,89.115501,84.315735,152,0,0.000000,0.000000,0.000000,0.000000,0,0,0.000000,0.000000,0.000000,0.000000,0
4168,71.446411,71.446411,1,824.453003,503.034943,88.924698,54.256855,99,1,784.430725,787.652466,84.607933,84.955429,158,0,0.000000,0.000000,0.000000,0.000000,0,0,0.000000,0.000000,0.000000,0.000000,0
4171,71.479736,71.479736,1,826.035156,502.153412,89.095345,54.161777,102,1,744.096191,787.004456,80.257484,84.885536,164,0,0.000000,0.000000,0.000000,0.000000,0,0,0.000000,0.000000,0.000000,0.000000,0
4175,71.513062,71.513062,1,827.832458,499.690430,89.289200,53.896122,117,1,707.279480,780.688721,76.286476,84.204323,161,0,0.000000,0.000000,0.000000,0.000000,0,0,0.000000,0.000000,0.000000,0.000000,0
4177,71.546387,71.546387,1,827.409973,494.924347,89.243629,53.382057,98,1,671.636536,769.367126,72.442062,82.983185,152,0,0.000000,0.000000,0.000000,0.000000,0,0,0.000000,0.000000,0.000000,0.000000,0
4180,71.579712,71.579712,1,828.470215,496.695831,89.357986,53.573128,90,1,638.221802,753.119995,68.837982,81.230789,145,0,0.000000,0.000000,0.000000,0.000000,0,0,0.000000,0.000000,0.000000,0.000000,0
4183,71.613037,71.613037,1,829.462585,495.164398,89.465019,53.407948,91,1,608.122742,731.941406,65.591522,78.946487,141,0,0.000000,0.000000,0.000000,0.000000,0,0,0.000000,0.000000,0.000000,0.000000,0
4187,71.646362,71.646362,1,833.332825,494.208313,89.882469,53.304829,107,1,582.484741,708.452698,62.826233,76.413017,132,0,0.000000,0.000000,0.000000,0.000000,0,0,0.000000,0.000000,0.000000,0.000000,0
4189,71.679688,71.679688,1,835.343384,491.429962,90.099319,53.005157,102,1,561.876282,681.056396,60.603428,73.458076,120,0,0.000000,0.000000,0.000000,0.000000,0,0,0.000000,0.000000,0.000000,0.000000,0
4192,71.713013,71.713013,1,838.572144,496.211273,90.447571,53.520866,110,1,542.928650,651.896362,58.559750,70.312904,96,0,0.000000,0.000000,0.000000,0.000000,0,0,0.000000,0.000000,0.000000,0.000000,0
4196,71.746460,71.746460,1,841.342285,495.884247,90.746353,53.485592,109,1,537.051208,634.699036,57.925819,68.458015,32,0,0.000000,0.000000,0.000000,0.000000,0,0,0.000000,0.000000,0.000000,0.000000,0
4198,71.779785,71.779785,1,840.648254,497.880829,90.671501,53.700939,111,1,542.792786,623.736572,58.545097,67.275620,47,0,0.000000,0.000000,0.000000,0.000000,0,0,0.000000,0.000000,0.000000,0.000000,0
4201,71.813110,71.813110,1,838.025635,495.759399,90.388626,53.472126,121,1,542.068604,593.578308,58.466991,64.022774,53,0,0.000000,0.000000,0.000000,0.000000,0,0,0.000000,0.000000,0.000000,0.000000,0
4203,71.846436,71.846436,1,836.030945,495.722656,90.173485,53.468163,141,1,535.021179,575.420044,57.706860,62.064243,72,0,0.000000,0.000000,0.000000,0.000000,0,0,0.000000,0.000000,0.000000,0.000000,0
4207,71.879761,71.879761,1,839.714417,496.232971,90.570778,53.523205,125,0,0.000000,0.000000,0.000000,0.000000,0,0,0.000000,0.000000,0.000000,0.000000,0,0,0.000000,0.000000,0.000000,0.000000,0
4209,71.913086,71.913086,1,843.315308,495.884521,90.959167,53.485619,130,0,0.000000,0.000000,0.000000,0.000000,0,0,0.000000,0.000000,0.000000,0.000000,0,0,0.000000,0.000000,0.000000,0.000000,0
4213,71.946411,71.946411,1,843.131409,501.364441,90.939331,54.076679,129,0,0.000000,0.000000,0.000000,0.000000,0,0,0.000000,0.000000,0.000000,0.000000,0,0,0.000000,0.000000,0.000000,0.000000,0
4216,71.979736,71.979736,1,842.700745,504.547302,90.892883,54.419979,125,0,0.000000,0.000000,0.000000,0.000000,0,0,0.000000,0.000000,0.000000,0.000000,0,0,0.000000,0.000000,0.000000,0.000000,0
4220,72.013062,72.013062,1,843.172791,502.772797,90.943794,54.228580,138,1,520.826599,465.688538,56.175846,50.228710,77,0,0.000000,0.000000,0.000000,0.000000,0,0,0.000000,0.000000,0.000000,0.000000,0
4222,72.046509,72.046509,1,838.935730,504.607727,90.486794,54.426495,123,1,532.586243,447.967865,57.444233,48.317375,90,0,0.000000,0.000000,0.000000,0.000000,0,0,0.000000,0.000000,0.000000,0.000000,0
4226,72.079834,72.079834,1,844.711060,503.449677,91.109711,54.301590,130,1,548.679138,427.517975,59.179996,46.111671,89,0,0.000000,0.000000,0.000000,0.000000,0,0,0.000000,0.000000,0.000000,0.000000,0
4228,72.113159,72.113159,1,852.993408,509.008362,92.003036,54.901146,116,1,567.457764,407.150452,61.205441,43.914852,93,0,0.000000,0.000000,0.000000,0.000000,0,0,0.000000,0.000000,0.000000,0.000000,0
4231,72.146484,72.146484,1,855.689941,518.474609,92.293884,55.922169,122,1,592.956787,383.421753,63.955742,41.355495,92,0,0.000000,0.000000,0.000000,0.000000,0,0,0.000000,0.000000,0.000000,0.000000,0
4233,72.179810,72.179810,1,854.266724,524.080444,92.140373,56.526806,118,1,621.940063,363.235474,67.081848,39.178223,103,0,0.000000,0.000000,0.000000,0.000000,0,0,0.000000,0.000000,0.000000,0.000000,0
4238,72.213135,72.213135,1,850.871643,527.571350,91.774185,56.903332,113,1,652.243774,344.566956,70.350380,37.164654,85,0,0.000000,0.000000,0.000000,0.000000,0,0,0.000000,0.000000,0.000000,0.000000,0
4240,72.246460,72.246460,1,845.640625,527.158142,91.209969,56.858761,132,1,681.182007,329.621857,73.471626,35.552692,79,0,0.000000,0.000000,0.000000,0.000000,0,0,0.000000,0.000000,0.000000,0.000000,0
4243,72.279785,72.279785,1,846.416016,523.774048,91.293610,56.493755,105,1,706.789001,321.866364,76.233574,34.716194,47,0,0.000000,0.000000,0.000000,0.000000,0,0,0.000000,0.000000,0.000000,0.000000,0
4246,72.313110,72.313110,1,847.392883,524.558594,91.398972,56.578377,85,0,0.000000,0.000000,0.000000,0.000000,0,0,0.000000,0.000000,0.000000,0.000000,0,0,0.000000,0.000000,0.000000,0.000000,0
4249,72.346436,72.346436,1,844.942261,525.540527,91.134651,56.684292,110,0,0.000000,0.000000,0.000000,0.000000,0,0,0.000000,0.000000,0.000000,0.000000,0,0,0.000000,0.000000,0.000000,0.000000,0
4253,72.379883,72.379883,1,840.531433,525.507874,90.658897,56.680767,116,0,0.000000,0.000000,0.000000,0.000000,0,0,0.000000,0.000000,0.000000,0.000000,0,0,0.000000,0.000000,0.000000,0.000000,0
4255,72.413208,72.413208,1,839.710327,523.267456,90.570335,56.439114,101,0,0.000000,0.000000,0.000000,0.000000,0,0,0.000000,0.000000,0.000000,0.000000,0,0,0.000000,0.000000,0.000000,0.000000,0
4258,72.446533,72.446533,1,840.076233,520.215942,90.609802,56.109985,104,0,0.000000,0.000000,0.000000,0.000000,0,0,0.000000,0.000000,0.000000,0.000000,0,0,0.000000,0.000000,0.000000,0.000000,0
4262,72.479858,72.479858,1,836.067871,517.276917,90.177467,55.792984,106,0,0.000000,0.000000,0.000000,0.000000,0,0,0.000000,0.000000,0.000000,0.000000,0,0,0.000000,0.000000,0.000000,0.000000,0
4264,72.513184,72.513184,1,832.835083,516.768921,89.828781,55.738194,114,0,0.000000,0.000000,0.000000,0.000000,0,0,0.000000,0.000000,0.000000,0.000000,0,0,0.000000,0.000000,0.000000,0.000000,0
4267,72.546509,72.546509,1,834.766174,514.938599,90.037064,55.540775,85,0,0.000000,0.000000,0.000000,0.000000,0,0,0.000000,0.000000,0.000000,0.000000,0,0,0.000000,0.000000,0.000000,0.000000,0
4270,72.579834,72.579834,1,833.321838,512.390991,89.881279,55.265991,69,0,0.000000,0.000000,0.000000,0.000000,0,0,0.000000,0.000000,0.000000,0.000000,0,0,0.000000,0.000000,0.000000,0.000000,0
4272,72.613159,72.613159,1,830.487305,511.905487,89.575546,55.213627,59,1,947.795532,598.013794,102.228302,64.501183,49,0,0.000000,0.000000,0.000000,0.000000,0,0,0.000000,0.000000,0.000000,0.000000,0
4276,72.646484,72.646484,1,832.925964,513.542969,89.838585,55.390247,66,1,915.277649,624.323181,98.720955,67.338890,6,0,0.000000,0.000000,0.000000,0.000000,0,0,0.000000,0.000000,0.000000,0.000000,0
4278,72.679932,72.679932,1,826.410767,515.955078,89.135857,55.650414,89,1,843.687439,650.590637,90.999306,70.172073,12,0,0.000000,0.000000,0.000000,0.000000,0,0,0.000000,0.000000,0.000000,0.000000,0
4282,72.713257,72.713257,1,828.230286,514.035706,89.332108,55.443394,62,1,772.301880,643.613220,83.299728,69.419495,3,0,0.000000,0.000000,0.000000,0.000000,0,0,0.000000,0.000000,0.000000,0.000000,0
4284,72.746582,72.746582,1,829.464355,510.720337,89.465218,55.085796,75,0,0.000000,0.000000,0.000000,0.000000,0,0,0.000000,0.000000,0.000000,0.000000,0,0,0.000000,0.000000,0.000000,0.000000,0
4289,72.779907,72.779907,1,830.005981,509.851349,89.523636,54.992069,70,1,679.000000,529.000000,73.236275,57.057423,1,0,0.000000,0.000000,0.000000,0.000000,0,0,0.000000,0.000000,0.000000,0.000000,0
4291,72.813232,72.813232,1,831.734497,510.161469,89.710075,55.025520,85,1,689.000000,447.000000,74.314865,48.212982,1,0,0.000000,0.000000,0.000000,0.000000,0,0,0.000000,0.000000,0.000000,0.000000,0
4295,72.846558,72.846558,1,830.913330,511.037903,89.621498,55.120049,99,1,753.000000,377.000000,81.217842,40.662853,1,0,0.000000,0.000000,0.000000,0.000000,0,0,0.000000,0.000000,0.000000,0.000000,0
4297,72.879883,72.879883,1,831.820923,512.497498,89.719391,55.277481,73,1,814.050354,359.000000,87.802673,38.721390,2,0,0.000000,0.000000,0.000000,0.000000,0,0,0.000000,0.000000,0.000000,0.000000,0
4300,72.913208,72.913208,1,830.367981,509.486511,89.562683,54.952717,88,1,882.460999,366.517731,95.181381,39.532246,4,0,0.000000,0.000000,0.000000,0.000000,0,0,0.000000,0.000000,0.000000,0.000000,0
4303,72.946533,72.946533,1,832.543457,508.832489,89.797325,54.882175,74,1,942.007019,401.993011,101.603958,43.358574,2,0,0.000000,0.000000,0.000000,0.000000,0,0,0.000000,0.000000,0.000000,0.000000,0
4306,72.979980,72.979980,1,834.890808,507.352966,90.050507,54.722595,64,1,967.000000,439.000000,104.299675,47.350113,1,0,0.000000,0.000000,0.000000,0.000000,0,0,0.000000,0.000000,0.000000,0.000000,0
4309,73.013306,73.013306,1,834.491699,506.922668,90.007462,54.676182,78,1,981.990723,512.148315,105.916557,55.239819,25,0,0.000000,0.000000,0.000000,0.000000,0,0,0.000000,0.000000,0.000000,0.000000,0
4313,73.046631,73.046631,1,837.096252,505.891083,90.288383,54.564919,70,1,970.779419,567.065735,104.707321,61.163158,30,0,0.000000,0.000000,0.000000,0.000000,0,0,0.000000,0.000000,0.000000,0.000000,0
4315,73.079956,73.079956,1,839.380310,506.698914,90.534744,54.652050,84,1,947.628967,607.214600,102.210335,65.493568,16,0,0.000000,0.000000,0.000000,0.000000,0,0,0.000000,0.000000,0.000000,0.000000,0
4318,73.113281,73.113281,1,837.671204,510.554199,90.350403,55.067879,110,1,897.892273,649.826843,96.845779,70.089684,81,0,0.000000,0.000000,0.000000,0.000000,0,0,0.000000,0.000000,0.000000,0.000000,0
4320,73.146606,73.146606,1,837.594666,509.602448,90.342140,54.965225,89,1,842.825806,664.223328,90.906372,71.642479,91,0,0.000000,0.000000,0.000000,0.000000,0,0,0.000000,0.000000,0.000000,0.000000,0
4324,73.179932,73.179932,1,837.971252,508.401947,90.382759,54.835735,94,1,789.382568,659.498718,85.142036,71.132889,46,0,0.000000,0.000000,0.000000,0.000000,0,0,0.000000,0.000000,0.000000,0.000000,0
4327,73.213257,73.213257,1,833.062744,506.254822,89.853333,54.604149,101,1,736.976257,633.979248,79.489540,68.380379,36,0,0.000000,0.000000,0.000000,0.000000,0,0,0.000000,0.000000,0.000000,0.000000,0
4329,73.246582,73.246582,1,836.113525,507.004364,90.182388,54.684994,72,1,699.663330,592.336670,75.465004,63.888855,3,0,0.000000,0.000000,0.000000,0.000000,0,0,0.000000,0.000000,0.000000,0.000000,0
4333,73.279907,73.279907,1,837.639038,509.628906,90.346931,54.968075,111,1,672.093201,518.610474,72.491318,55.936817,14,0,0.000000,0.000000,0.000000,0.000000,0,0,0.000000,0.000000,0.000000,0.000000,0
4336,73.313354,73.313354,1,835.177551,508.767761,90.081436,54.875195,59,1,681.196228,453.704773,73.473160,48.936153,16,0,0.000000,0.000000,0.000000,0.000000,0,0,0.000000,0.000000,0.000000,0.000000,0
4340,73.346680,73.346680,1,832.152893,508.185638,89.755203,54.812408,90,1,719.000000,399.000000,77.550636,43.035751,1,0,0.000000,0.000000,0.000000,0.000000,0,0,0.000000,0.000000,0.000000,0.000000,0
4342,73.380005,73.380005,1,828.010071,512.173950,89.308357,55.242580,110,1,806.813293,363.957336,87.022095,39.256084,73,0,0.000000,0.000000,0.000000,0.000000,0,0,0.000000,0.000000,0.000000,0.000000,0
4345,73.413330,73.413330,1,823.876770,513.311340,88.862541,55.365261,87,1,871.629272,376.232910,94.013084,40.580112,70,0,0.000000,0.000000,0.000000,0.000000,0,0,0.000000,0.000000,0.000000,0.000000,0
4347,73.446655,73.446655,1,825.782776,515.183228,89.068123,55.567158,79,1,923.361084,412.717590,99.592827,44.515316,12,0,0.000000,0.000000,0.000000,0.000000,0,0,0.000000,0.000000,0.000000,0.000000,0
4351,73.479980,73.479980,1,823.511169,512.261292,88.823112,55.252003,109,1,957.628784,480.730591,103.288910,51.851131,57,0,0.000000,0.000000,0.000000,0.000000,0,0,0.000000,0.000000,0.000000,0.000000,0
4353,73.513306,73.513306,1,819.666504,511.762451,88.408432,55.198200,101,1,960.602600,547.338074,103.609657,59.035347,68,0,0.000000,0.000000,0.000000,0.000000,0,0,0.000000,0.000000,0.000000,0.000000,0
4356,73.546631,73.546631,1,820.455078,514.321777,88.493484,55.474247,108,1,947.705017,589.700256,102.218536,63.604492,6,0,0.000000,0.000000,0.000000,0.000000,0,0,0.000000,0.000000,0.000000,0.000000,0
4360,73.579956,73.579956,1,823.577271,512.834106,88.830238,55.313786,126,1,916.057983,637.000000,98.805115,68.706200,2,0,0.000000,0.000000,0.000000,0.000000,0,0,0.000000,0.000000,0.000000,0.000000,0
4363,73.613403,73.613403,1,826.160461,511.808929,89.108864,55.203213,99,1,843.099731,680.352295,90.935913,73.382133,83,0,0.000000,0.000000,0.000000,0.000000,0,0,0.000000,0.000000,0.000000,0.000000,0
4367,73.646729,73.646729,1,825.666748,515.455322,89.055603,55.596508,117,1,782.954712,684.967468,84.448730,73.879929,71,0,0.000000,0.000000,0.000000,0.000000,0,0,0.000000,0.000000,0.000000,0.000000,0
4369,73.680054,73.680054,1,824.242737,515.748901,88.902016,55.628170,129,1,734.349976,673.659973,79.206276,72.660309,3,0,0.000000,0.000000,0.000000,0.000000,0,0,0.000000,0.000000,0.000000,0.000000,0
4373,73.713379,73.713379,1,823.783752,516.177490,88.852509,55.674397,116,1,678.211426,642.622864,73.151222,69.312675,5,0,0.000000,0.000000,0.000000,0.000000,0,0,0.000000,0.000000,0.000000,0.000000,0
4375,73.746704,73.746704,1,826.239685,517.021729,89.117409,55.765457,129,1,636.632874,580.617798,68.666603,62.624870,40,0,0.000000,0.000000,0.000000,0.000000,0,0,0.000000,0.000000,0.000000,0.000000,0
4378,73.780029,73.780029,1,828.534729,517.899353,89.364952,55.860123,113,1,622.991516,524.030884,67.195251,56.521458,66,0,0.000000,0.000000,0.000000,0.000000,0,0,0.000000,0.000000,0.000000,0.000000,0
4380,73.813354,73.813354,1,830.963928,521.679321,89.626953,56.267822,90,1,623.000000,489.000000,67.196175,52.743061,1,0,0.000000,0.000000,0.000000,0.000000,0,0,0.000000,0.000000,0.000000,0.000000,0
4384,73.846680,73.846680,1,832.791992,523.197815,89.824135,56.431606,126,1,645.819763,418.600159,69.657494,45.149803,32,0,0.000000,0.000000,0.000000,0.000000,0,0,0.000000,0.000000,0.000000,0.000000,0
4387,73.880005,73.880005,1,832.141113,522.686584,89.753922,56.376465,108,1,684.022217,379.000000,73.777969,40.878571,2,0,0.000000,0.000000,0.000000,0.000000,0,0,0.000000,0.000000,0.000000,0.000000,0
4390,73.913452,73.913452,1,830.277283,526.137329,89.552895,56.748661,112,1,719.000000,347.978088,77.550636,37.532578,2,0,0.000000,0.000000,0.000000,0.000000,0,0,0.000000,0.000000,0.000000,0.000000,0
4393,73.946777,73.946777,1,834.022095,531.028992,89.956802,57.276264,90,1,794.450134,324.036346,85.688622,34.950245,63,0,0.000000,0.000000,0.000000,0.000000,0,0,0.000000,0.000000,0.000000,0.000000,0
4396,73.980103,73.980103,1,834.558411,530.511108,90.014656,57.220413,122,1,850.662537,327.285004,91.751633,35.300640,62,0,0.000000,0.000000,0.000000,0.000000,0,0,0.000000,0.000000,0.000000,0.000000,0
4398,74.013428,74.013428,1,833.291077,527.784607,89.877960,56.926331,120,1,896.597412,340.483398,96.706123,36.724209,19,0,0.000000,0.000000,0.000000,0.000000,0,0,0.000000,0.000000,0.000000,0.000000,0
4402,74.046753,74.046753,1,830.787903,528.996887,89.607971,57.057091,123,1,943.000000,371.946228,101.711060,40.117760,4,0,0.000000,0.000000,0.000000,0.000000,0,0,0.000000,0.000000,0.000000,0.000000,0
4404,74.080078,74.080078,1,829.645752,529.674377,89.484779,57.130165,128,1,981.000000,417.000000,105.809700,44.977211,1,0,0.000000,0.000000,0.000000,0.000000,0,0,0.000000,0.000000,0.000000,0.000000,0
4407,74.113403,74.113403,1,829.929688,529.075562,89.515404,57.065575,136,1,1006.199036,471.761047,108.527649,50.883686,27,0,0.000000,0.000000,0.000000,0.000000,0,0,0.000000,0.000000,0.000000,0.000000,0
4411,74.146729,74.146729,1,825.186401,528.519531,89.003799,57.005600,144,1,1014.018982,529.159119,109.371094,57.074585,33,0,0.000000,0.000000,0.000000,0.000000,0,0,0.000000,0.000000,0.000000,0.000000,0
4415,74.180054,74.180054,1,825.631531,526.595581,89.051811,56.798084,132,1,1005.800415,583.621277,108.484650,62.948822,57,0,0.000000,0.000000,0.000000,0.000000,0,0,0.000000,0.000000,0.000000,0.000000,0
4417,74.213379,74.213379,1,827.631409,526.500610,89.267517,56.787842,139,1,993.000000,633.000000,107.104012,68.274765,1,0,0.000000,0.000000,0.000000,0.000000,0,0,0.000000,0.000000,0.000000,0.000000,0
4420,74.246826,74.246826,1,826.782654,526.864624,89.175964,56.827103,133,1,952.450439,680.152954,102.730377,73.360634,100,0,0.000000,0.000000,0.000000,0.000000,0,0,0.000000,0.000000,0.000000,0.000000,0
4422,74.280151,74.280151,1,826.948181,526.619324,89.193825,56.800644,133,1,912.220032,712.203003,98.391159,76.817520,105,0,0.000000,0.000000,0.000000,0.000000,0,0,0.000000,0.000000,0.000000,0.000000,0
4426,74.313477,74.313477,1,827.228088,525.646240,89.224014,56.695690,137,1,862.430847,732.906738,93.020950,79.050606,128,0,0.000000,0.000000,0.000000,0.000000,0,0,0.000000,0.000000,0.000000,0.000000,0
4428,74.346802,74.346802,1,828.504578,524.891602,89.361694,56.614292,142,1,810.584717,742.652771,87.428879,80.101799,126,0,0.000000,0.000000,0.000000,0.000000,0,0,0.000000,0.000000,0.000000,0.000000,0
4431,74.380127,74.380127,1,827.494629,521.490784,89.252762,56.247486,134,1,757.260742,739.125977,81.677406,79.721405,135,0,0.000000,0.000000,0.000000,0.000000,0,0,0.000000,0.000000,0.000000,0.000000,0
4435,74.413452,74.413452,1,824.368103,521.271301,88.915543,56.223812,142,1,706.257874,722.225220,76.176285,77.898506,123,0,0.000000,0.000000,0.000000,0.000000,0,0,0.000000,0.000000,0.000000,0.000000,0
4439,74.446777,74.446777,1,823.879944,520.721741,88.862885,56.164539,149,1,663.142090,695.852905,71.525856,75.054016,112,0,0.000000,0.000000,0.000000,0.000000,0,0,0.000000,0.000000,0.000000,0.000000,0
4441,74.480103,74.480103,1,825.912781,521.030884,89.082146,56.197884,143,1,627.236755,659.988037,67.653145,71.185669,116,0,0.000000,0.000000,0.000000,0.000000,0,0,0.000000,0.000000,0.000000,0.000000,0
4444,74.513428,74.513428,1,826.766174,515.051636,89.174194,55.552967,125,1,598.578430,616.613464,64.562080,66.507332,100,0,0.000000,0.000000,0.000000,0.000000,0,0,0.000000,0.000000,0.000000,0.000000,0
4447,74.546875,74.546875,1,828.615967,517.037476,89.373711,55.767155,130,1,579.574890,570.876587,62.512379,61.574192,118,0,0.000000,0.000000,0.000000,0.000000,0,0,0.000000,0.000000,0.000000,0.000000,0
4450,74.580200,74.580200,1,824.491943,518.913879,88.928894,55.969543,138,1,571.845764,522.978699,61.678722,56.407974,124,0,0.000000,0.000000,0.000000,0.000000,0,0,0.000000,0.000000,0.000000,0.000000,0
4452,74.613525,74.613525,1,827.768311,518.932129,89.282280,55.971512,147,1,573.446472,471.847748,61.851376,50.893036,127,0,0.000000,0.000000,0.000000,0.000000,0,0,0.000000,0.000000,0.000000,0.000000,0
4455,74.646851,74.646851,1,822.342407,518.520020,88.697044,55.927063,148,1,585.284119,424.176880,63.128170,45.751305,119,0,0.000000,0.000000,0.000000,0.000000,0,0,0.000000,0.000000,0.000000,0.000000,0
4459,74.680176,74.680176,1,820.114319,512.586975,88.456734,55.287128,146,1,606.740479,379.906738,65.442436,40.976372,129,0,0.000000,0.000000,0.000000,0.000000,0,0,0.000000,0.000000,0.000000,0.000000,0
4462,74.713501,74.713501,1,826.364319,514.044617,89.130852,55.444351,126,1,637.564697,340.444977,68.767105,36.720066,107,0,0.000000,0.000000,0.000000,0.000000,0,0,0.000000,0.000000,0.000000,0.000000,0
4465,74.746826,74.746826,1,828.677246,511.694733,89.380318,55.190895,130,1,674.919922,307.860718,72.796204,33.205555,110,0,0.000000,0.000000,0.000000,0.000000,0,0,0.000000,0.000000,0.000000,0.000000,0
4468,74.780151,74.780151,1,828.635437,507.739349,89.375809,54.764271,119,1,716.843506,282.902496,77.318039,30.513588,119,0,0.000000,0.000000,0.000000,0.000000,0,0,0.000000,0.000000,0.000000,0.000000,0
4470,74.813477,74.813477,1,831.237427,506.743866,89.656456,54.656898,126,1,762.312622,266.229584,82.222298,28.715261,111,0,0.000000,0.000000,0.000000,0.000000,0,0,0.000000,0.000000,0.000000,0.000000,0
4474,74.846924,74.846924,1,829.810486,506.170929,89.502548,54.595104,128,1,811.895386,258.425964,87.570244,27.873571,117,0,0.000000,0.000000,0.000000,0.000000,0,0,0.000000,0.000000,0.000000,0.000000,0
4476,74.880249,74.880249,1,826.176147,503.049225,89.110550,54.258396,124,1,862.688171,260.623169,93.048706,28.110559,102,0,0.000000,0.000000,0.000000,0.000000,0,0,0.000000,0.000000,0.000000,0.000000,0
4480,74.913574,74.913574,1,824.470215,501.899811,88.926552,54.134422,133,1,910.976685,273.727966,98.257057,29.524031,102,0,0.000000,0.000000,0.000000,0.000000,0,0,0.000000,0.000000,0.000000,0.000000,0
4482,74.946899,74.946899,1,823.562378,501.258942,88.828636,54.065300,144,1,955.866638,297.446228,103.098846,32.082260,100,0,0.000000,0.000000,0.000000,0.000000,0,0,0.000000,0.000000,0.000000,0.000000,0
4487,74.980225,74.980225,1,825.478821,499.449738,89.035339,53.870163,117,1,995.564636,329.474091,107.380630,35.536755,85,0,0.000000,0.000000,0.000000,0.000000,0,0,0.000000,0.000000,0.000000,0.000000,0
4489,75.013550,75.013550,1,827.729126,496.976074,89.278053,53.603352,113,1,1028.445312,367.364288,110.927109,39.623554,73,0,0.000000,0.000000,0.000000,0.000000,0,0,0.000000,0.000000,0.000000,0.000000,0
4492,75.046875,75.046875,1,828.816650,498.347229,89.395355,53.751244,96,1,1053.108887,408.245483,113.587296,44.032959,75,0,0.000000,0.000000,0.000000,0.000000,0,0,0.000000,0.000000,0.000000,0.000000,0
4494,75.080200,75.080200,0,0.000000,0.000000,0.000000,0.000000,0,1,1069.300781,456.066223,115.333733,49.190857,88,0,0.000000,0.000000,0.000000,0.000000,0,0,0.000000,0.000000,0.000000,0.000000,0
4498,75.113525,75.113525,0,0.000000,0.000000,0.000000,0.000000,0,1,1075.903687,496.692017,116.045921,53.572716,43,0,0.000000,0.000000,0.000000,0.000000,0,0,0.000000,0.000000,0.000000,0.000000,0
4501,75.146973,75.146973,1,838.029663,486.326599,90.389061,52.454712,53,1,1075.507324,550.082092,116.003174,59.331318,69,0,0.000000,0.000000,0.000000,0.000000,0,0,0.000000,0.000000,0.000000,0.000000,0
4503,75.180298,75.180298,1,836.372375,485.648468,90.210304,52.381569,140,1,1068.483276,596.020447,115.245567,64.286186,80,0,0.000000,0.000000,0.000000,0.000000,0,0,0.000000,0.000000,0.000000,0.000000,0
4507,75.213623,75.213623,1,838.246826,485.743774,90.412483,52.391850,144,1,1051.855835,640.751526,113.452148,69.110832,100,0,0.000000,0.000000,0.000000,0.000000,0,0,0.000000,0.000000,0.000000,0.000000,0
4511,75.246948,75.246948,1,839.090149,489.904175,90.503448,52.840584,99,1,1028.302246,678.302063,110.911674,73.160995,102,0,0.000000,0.000000,0.000000,0.000000,0,0,0.000000,0.000000,0.000000,0.000000,0
4513,75.280273,75.280273,1,840.268921,491.132263,90.630585,52.973045,113,1,999.287781,710.961731,107.782204,76.683640,129,0,0.000000,0.000000,0.000000,0.000000,0,0,0.000000,0.000000,0.000000,0.000000,0
4516,75.313599,75.313599,1,839.392944,488.756287,90.536102,52.716778,110,1,966.677917,738.565002,104.264931,79.660896,130,0,0.000000,0.000000,0.000000,0.000000,0,0,0.000000,0.000000,0.000000,0.000000,0
4519,75.346924,75.346924,1,839.355591,488.213257,90.532074,52.658207,119,1,930.603210,761.886047,100.373955,82.176285,129,0,0.000000,0.000000,0.000000,0.000000,0,0,0.000000,0.000000,0.000000,0.000000,0
4522,75.380249,75.380249,1,843.382507,489.079224,90.966415,52.751606,136,1,893.208862,779.247437,96.340637,84.048866,105,0,0.000000,0.000000,0.000000,0.000000,0,0,0.000000,0.000000,0.000000,0.000000,0
4524,75.413574,75.413574,1,845.216064,492.701447,91.164185,53.142296,119,1,851.390442,791.682922,91.830139,85.390152,99,0,0.000000,0.000000,0.000000,0.000000,0,0,0.000000,0.000000,0.000000,0.000000,0
4527,75.446899,75.446899,1,845.973145,496.727844,91.245834,53.576580,114,1,810.315613,797.290833,87.399849,85.995010,102,0,0.000000,0.000000,0.000000,0.000000,0,0,0.000000,0.000000,0.000000,0.000000,0
4531,75.480347,75.480347,1,846.577393,498.063354,91.311012,53.720627,123,1,771.032166,797.983826,83.162773,86.069756,111,0,0.000000,0.000000,0.000000,0.000000,0,0,0.000000,0.000000,0.000000,0.000000,0
4534,75.513672,75.513672,1,846.703979,498.987152,91.324669,53.820267,100,1,731.028564,793.712524,78.848022,85.609062,106,0,0.000000,0.000000,0.000000,0.000000,0,0,0.000000,0.000000,0.000000,0.000000,0
4537,75.546997,75.546997,1,846.395447,498.075897,91.291382,53.721981,91,1,692.639832,781.857544,74.707451,84.330391,106,0,0.000000,0.000000,0.000000,0.000000,0,0,0.000000,0.000000,0.000000,0.000000,0
4540,75.580322,75.580322,1,844.950562,497.490021,91.135544,53.658791,132,1,656.686584,765.790649,70.829575,82.597435,103,0,0.000000,0.000000,0.000000,0.000000,0,0,0.000000,0.000000,0.000000,0.000000,0
4544,75.613647,75.613647,1,846.162354,497.911987,91.266243,53.704300,123,1,624.225525,746.351746,67.328354,80.500771,109,0,0.000000,0.000000,0.000000,0.000000,0,0,0.000000,0.000000,0.000000,0.000000,0
4546,75.646973,75.646973,1,845.006958,500.607513,91.141624,53.995037,149,1,593.935608,724.517700,64.061310,78.145775,105,0,0.000000,0.000000,0.000000,0.000000,0,0,0.000000,0.000000,0.000000,0.000000,0
4548,75.680298,75.680298,1,842.309570,500.374084,90.850693,53.969860,135,1,564.630493,699.947754,60.900494,75.495682,85,0,0.000000,0.000000,0.000000,0.000000,0,0,0.000000,0.000000,0.000000,0.000000,0
4552,75.713623,75.713623,1,843.933899,505.634308,91.025887,54.537224,106,0,0.000000,0.000000,0.000000,0.000000,0,0,0.000000,0.000000,0.000000,0.000000,0,0,0.000000,0.000000,0.000000,0.000000,0
4554,75.746948,75.746948,1,839.354004,508.695435,90.531906,54.867393,131,0,0.000000,0.000000,0.000000,0.000000,0,0,0.000000,0.000000,0.000000,0.000000,0,0,0.000000,0.000000,0.000000,0.000000,0
4557,75.780396,75.780396,1,842.286926,509.829437,90.848244,54.989704,120,1,493.738739,602.541260,53.254181,64.989510,21,0,0.000000,0.000000,0.000000,0.000000,0,0,0.000000,0.000000,0.000000,0.000000,0
4561,75.813721,75.813721,1,842.701721,512.420410,90.892982,55.269161,99,1,480.235107,585.227295,51.797691,63.122047,68,0,0.000000,0.000000,0.000000,0.000000,0,0,0.000000,0.000000,0.000000,0.000000,0
4564,75.847046,75.847046,1,842.172119,515.708679,90.835861,55.623833,101,1,472.636292,566.940125,50.978088,61.149609,85,0,0.000000,0.000000,0.000000,0.000000,0,0,0.000000,0.000000,0.000000,0.000000,0
4566,75.880371,75.880371,1,841.861145,516.993286,90.802322,55.762390,122,1,469.258392,544.441223,50.613750,58.722897,79,0,0.000000,0.000000,0.000000,0.000000,0,0,0.000000,0.000000,0.000000,0.000000,0
4570,75.913696,75.913696,1,838.906067,519.254517,90.483589,56.006283,121,1,469.464172,519.804626,50.635948,56.065617,90,0,0.000000,0.000000,0.000000,0.000000,0,0,0.000000,0.000000,0.000000,0.000000,0
4572,75.947021,75.947021,1,839.240601,526.158752,90.519676,56.750965,120,1,473.376526,495.112793,51.057930,53.402382,87,0,0.000000,0.000000,0.000000,0.000000,0,0,0.000000,0.000000,0.000000,0.000000,0
4576,75.980347,75.980347,1,834.345886,527.942810,89.991737,56.943394,128,1,480.109741,468.208099,51.784168,50.500465,82,0,0.000000,0.000000,0.000000,0.000000,0,0,0.000000,0.000000,0.000000,0.000000,0
4578,76.013672,76.013672,1,838.532104,529.495850,90.443253,57.110905,121,1,489.801910,441.592468,52.829556,47.629730,90,0,0.000000,0.000000,0.000000,0.000000,0,0,0.000000,0.000000,0.000000,0.000000,0
4582,76.046997,76.046997,1,837.557495,532.808105,90.338135,57.468159,112,1,504.217407,416.477783,54.384399,44.920887,94,0,0.000000,0.000000,0.000000,0.000000,0,0,0.000000,0.000000,0.000000,0.000000,0
4585,76.080444,76.080444,1,837.958069,534.024780,90.381340,57.599388,93,1,518.567444,395.774872,55.932182,42.687889,32,0,0.000000,0.000000,0.000000,0.000000,0,0,0.000000,0.000000,0.000000,0.000000,0
4587,76.113770,76.113770,1,840.527466,531.991638,90.658470,57.380100,58,0,0.000000,0.000000,0.000000,0.000000,0,0,0.000000,0.000000,0.000000,0.000000,0,0,0.000000,0.000000,0.000000,0.000000,0
4591,76.147095,76.147095,1,838.982788,526.693420,90.491859,56.808640,48,0,0.000000,0.000000,0.000000,0.000000,0,0,0.000000,0.000000,0.000000,0.000000,0,0,0.000000,0.000000,0.000000,0.000000,0
4593,76.180420,76.180420,1,835.658997,526.659058,90.133362,56.804932,75,0,0.000000,0.000000,0.000000,0.000000,0,0,0.000000,0.000000,0.000000,0.000000,0,0,0.000000,0.000000,0.000000,0.000000,0
4597,76.213745,76.213745,1,835.743225,523.997864,90.142448,56.517899,106,0,0.000000,0.000000,0.000000,0.000000,0,0,0.000000,0.000000,0.000000,0.000000,0,0,0.000000,0.000000,0.000000,0.000000,0
4599,76.247070,76.247070,1,833.826843,523.953125,89.935745,56.513073,102,0,0.000000,0.000000,0.000000,0.000000,0,0,0.000000,0.000000,0.000000,0.000000,0,0,0.000000,0.000000,0.000000,0.000000,0
4602,76.280396,76.280396,1,835.322510,518.930603,90.097069,55.971348,106,0,0.000000,0.000000,0.000000,0.000000,0,0,0.000000,0.000000,0.000000,0.000000,0,0,0.000000,0.000000,0.000000,0.000000,0
4606,76.313721,76.313721,1,830.888977,518.916016,89.618874,55.969772,90,0,0.000000,0.000000,0.000000,0.000000,0,0,0.000000,0.000000,0.000000,0.000000,0,0,0.000000,0.000000,0.000000,0.000000,0
4608,76.347046,76.347046,1,830.612488,518.899109,89.589050,55.967949,109,0,0.000000,0.000000,0.000000,0.000000,0,0,0.000000,0.000000,0.000000,0.000000,0,0,0.000000,0.000000,0.000000,0.000000,0
4613,76.380371,76.380371,1,832.734131,519.742004,89.817886,56.058868,106,0,0.000000,0.000000,0.000000,0.000000,0,0,0.000000,0.000000,0.000000,0.000000,0,0,0.000000,0.000000,0.000000,0.000000,0
4615,76.413818,76.413818,1,825.414062,519.847412,89.028351,56.070236,118,0,0.000000,0.000000,0.000000,0.000000,0,0,0.000000,0.000000,0.000000,0.000000,0,0,0.000000,0.000000,0.000000,0.000000,0
4618,76.447144,76.447144,1,831.613831,518.661865,89.697052,55.942360,125,0,0.000000,0.000000,0.000000,0.000000,0,0,0.000000,0.000000,0.000000,0.000000,0,0,0.000000,0.000000,0.000000,0.000000,0
4620,76.480469,76.480469,1,836.055969,520.222168,90.176178,56.110653,123,0,0.000000,0.000000,0.000000,0.000000,0,0,0.000000,0.000000,0.000000,0.000000,0,0,0.000000,0.000000,0.000000,0.000000,0
4624,76.513794,76.513794,1,835.078491,522.359253,90.070755,56.341160,127,0,0.000000,0.000000,0.000000,0.000000,0,0,0.000000,0.000000,0.000000,0.000000,0,0,0.000000,0.000000,0.000000,0.000000,0
4627,76.547119,76.547119,1,837.903381,523.391724,90.375435,56.452518,129,0,0.000000,0.000000,0.000000,0.000000,0,0,0.000000,0.000000,0.000000,0.000000,0,0,0.000000,0.000000,0.000000,0.000000,0
4629,76.580444,76.580444,1,837.084351,526.206665,90.287102,56.756134,117,0,0.000000,0.000000,0.000000,0.000000,0,0,0.000000,0.000000,0.000000,0.000000,0,0,0.000000,0.000000,0.000000,0.000000,0
4632,76.613770,76.613770,1,838.904663,527.148682,90.483437,56.857742,101,0,0.000000,0.000000,0.000000,0.000000,0,0,0.000000,0.000000,0.000000,0.000000,0,0,0.000000,0.000000,0.000000,0.000000,0
4636,76.647095,76.647095,1,837.616211,527.762573,90.344467,56.923954,105,1,751.000000,389.000000,81.002129,41.957161,1,0,0.000000,0.000000,0.000000,0.000000,0,0,0.000000,0.000000,0.000000,0.000000,0
4640,76.680420,76.680420,1,831.902832,529.128662,89.728226,57.071301,123,0,0.000000,0.000000,0.000000,0.000000,0,0,0.000000,0.000000,0.000000,0.000000,0,0,0.000000,0.000000,0.000000,0.000000,0
4642,76.713867,76.713867,1,827.047791,532.759460,89.204567,57.462914,121,0,0.000000,0.000000,0.000000,0.000000,0,0,0.000000,0.000000,0.000000,0.000000,0,0,0.000000,0.000000,0.000000,0.000000,0
4645,76.747192,76.747192,1,826.295410,532.354248,89.123421,57.419209,127,0,0.000000,0.000000,0.000000,0.000000,0,0,0.000000,0.000000,0.000000,0.000000,0,0,0.000000,0.000000,0.000000,0.000000,0
4647,76.780518,76.780518,1,829.000854,529.539734,89.415222,57.115639,129,0,0.000000,0.000000,0.000000,0.000000,0,0,0.000000,0.000000,0.000000,0.000000,0,0,0.000000,0.000000,0.000000,0.000000,0
4651,76.813843,76.813843,1,831.036438,525.516724,89.634781,56.681725,124,0,0.000000,0.000000,0.000000,0.000000,0,0,0.000000,0.000000,0.000000,0.000000,0,0,0.000000,0.000000,0.000000,0.000000,0
4653,76.847168,76.847168,1,830.557129,526.999695,89.583076,56.841671,126,0,0.000000,0.000000,0.000000,0.000000,0,0,0.000000,0.000000,0.000000,0.000000,0,0,0.000000,0.000000,0.000000,0.000000,0
4656,76.880493,76.880493,1,828.547913,525.380432,89.366371,56.667023,116,0,0.000000,0.000000,0.000000,0.000000,0,0,0.000000,0.000000,0.000000,0.000000,0,0,0.000000,0.000000,0.000000,0.000000,0
4660,76.913818,76.913818,1,830.905762,520.012512,89.620682,56.088039,106,0,0.000000,0.000000,0.000000,0.000000,0,0,0.000000,0.000000,0.000000,0.000000,0,0,0.000000,0.000000,0.000000,0.000000,0
4663,76.947144,76.947144,1,834.948975,519.056641,90.056778,55.984943,108,0,0.000000,0.000000,0.000000,0.000000,0,0,0.000000,0.000000,0.000000,0.000000,0,0,0.000000,0.000000,0.000000,0.000000,0
4666,76.980469,76.980469,1,839.719604,518.751160,90.571335,55.951996,126,0,0.000000,0.000000,0.000000,0.000000,0,0,0.000000,0.000000,0.000000,0.000000,0,0,0.000000,0.000000,0.000000,0.000000,0
4669,77.013916,77.013916,1,840.584900,518.820007,90.664665,55.959419,108,0,0.000000,0.000000,0.000000,0.000000,0,0,0.000000,0.000000,0.000000,0.000000,0,0,0.000000,0.000000,0.000000,0.000000,0
4671,77.047241,77.047241,1,837.725342,521.326233,90.356239,56.229736,107,1,574.417419,177.643478,61.956100,19.160452,3,0,0.000000,0.000000,0.000000,0.000000,0,0,0.000000,0.000000,0.000000,0.000000,0
4674,77.080566,77.080566,1,837.806458,521.313660,90.364983,56.228378,101,1,625.000000,315.000000,67.411888,33.975594,1,0,0.000000,0.000000,0.000000,0.000000,0,0,0.000000,0.000000,0.000000,0.000000,0
4678,77.113892,77.113892,1,840.360779,518.271301,90.640495,55.900234,105,1,623.000000,281.000000,67.196175,30.308386,1,0,0.000000,0.000000,0.000000,0.000000,0,0,0.000000,0.000000,0.000000,0.000000,0
4680,77.147217,77.147217,1,841.430115,518.669556,90.755829,55.943192,101,0,0.000000,0.000000,0.000000,0.000000,0,0,0.000000,0.000000,0.000000,0.000000,0,0,0.000000,0.000000,0.000000,0.000000,0
4683,77.180542,77.180542,1,838.809875,522.083130,90.473213,56.311375,92,1,591.000000,225.000000,63.744682,24.268280,1,0,0.000000,0.000000,0.000000,0.000000,0,0,0.000000,0.000000,0.000000,0.000000,0
4687,77.213867,77.213867,1,834.724854,522.592896,90.032608,56.366360,111,1,585.000000,215.000000,63.097530,23.189690,1,0,0.000000,0.000000,0.000000,0.000000,0,0,0.000000,0.000000,0.000000,0.000000,0
4689,77.247192,77.247192,1,833.389526,522.314819,89.888580,56.336365,106,0,0.000000,0.000000,0.000000,0.000000,0,0,0.000000,0.000000,0.000000,0.000000,0,0,0.000000,0.000000,0.000000,0.000000,0
4692,77.280518,77.280518,1,832.471619,523.294495,89.789574,56.442032,122,0,0.000000,0.000000,0.000000,0.000000,0,0,0.000000,0.000000,0.000000,0.000000,0,0,0.000000,0.000000,0.000000,0.000000,0
4696,77.313843,77.313843,1,832.255005,522.309937,89.766212,56.335842,118,0,0.000000,0.000000,0.000000,0.000000,0,0,0.000000,0.000000,0.000000,0.000000,0,0,0.000000,0.000000,0.000000,0.000000,0
4698,77.347290,77.347290,1,827.359863,520.461426,89.238228,56.136459,112,0,0.000000,0.000000,0.000000,0.000000,0,0,0.000000,0.000000,0.000000,0.000000,0,0,0.000000,0.000000,0.000000,0.000000,0
4701,77.380615,77.380615,1,824.643860,518.862305,88.945282,55.963978,114,0,0.000000,0.000000,0.000000,0.000000,0,0,0.000000,0.000000,0.000000,0.000000,0,0,0.000000,0.000000,0.000000,0.000000,0
4705,77.413940,77.413940,1,823.618225,517.202026,88.834663,55.784904,116,0,0.000000,0.000000,0.000000,0.000000,0,0,0.000000,0.000000,0.000000,0.000000,0,0,0.000000,0.000000,0.000000,0.000000,0
4707,77.447266,77.447266,1,826.351379,515.539001,89.129456,55.605530,114,1,593.000000,243.000000,63.960400,26.209743,1,0,0.000000,0.000000,0.000000,0.000000,0,0,0.000000,0.000000,0.000000,0.000000,0
4710,77.480591,77.480591,1,826.867493,515.337646,89.185120,55.583820,114,0,0.000000,0.000000,0.000000,0.000000,0,0,0.000000,0.000000,0.000000,0.000000,0,0,0.000000,0.000000,0.000000,0.000000,0
4714,77.513916,77.513916,1,828.659058,515.386902,89.378357,55.589127,120,0,0.000000,0.000000,0.000000,0.000000,0,0,0.000000,0.000000,0.000000,0.000000,0,0,0.000000,0.000000,0.000000,0.000000,0
4716,77.547241,77.547241,1,829.643433,514.307800,89.484535,55.472733,117,0,0.000000,0.000000,0.000000,0.000000,0,0,0.000000,0.000000,0.000000,0.000000,0,0,0.000000,0.000000,0.000000,0.000000,0
4720,77.580566,77.580566,1,830.287048,512.598450,89.553955,55.288368,121,0,0.000000,0.000000,0.000000,0.000000,0,0,0.000000,0.000000,0.000000,0.000000,0,0,0.000000,0.000000,0.000000,0.000000,0
4722,77.613892,77.613892,1,830.788147,512.860657,89.607994,55.316647,115,1,593.000000,217.000000,63.960400,23.405409,1,0,0.000000,0.000000,0.000000,0.000000,0,0,0.000000,0.000000,0.000000,0.000000,0
4725,77.647339,77.647339,1,832.615784,512.061279,89.805122,55.230431,95,0,0.000000,0.000000,0.000000,0.000000,0,0,0.000000,0.000000,0.000000,0.000000,0,0,0.000000,0.000000,0.000000,0.000000,0
4729,77.680664,77.680664,1,830.528442,511.232239,89.579987,55.141010,107,0,0.000000,0.000000,0.000000,0.000000,0,0,0.000000,0.000000,0.000000,0.000000,0,0,0.000000,0.000000,0.000000,0.000000,0
4731,77.713989,77.713989,1,829.722595,511.518036,89.493073,55.171837,134,0,0.000000,0.000000,0.000000,0.000000,0,0,0.000000,0.000000,0.000000,0.000000,0,0,0.000000,0.000000,0.000000,0.000000,0
4736,77.747314,77.747314,1,828.713318,516.204163,89.384209,55.677277,172,1,639.000000,329.000000,68.921913,35.485619,1,0,0.000000,0.000000,0.000000,0.000000,0,0,0.000000,0.000000,0.000000,0.000000,0
4738,77.780640,77.780640,1,826.444580,521.018127,89.139503,56.196507,167,0,0.000000,0.000000,0.000000,0.000000,0,0,0.000000,0.000000,0.000000,0.000000,0,0,0.000000,0.000000,0.000000,0.000000,0
4741,77.813965,77.813965,1,827.765564,526.384277,89.281990,56.775295,159,1,635.000000,293.000000,68.490479,31.602694,1,0,0.000000,0.000000,0.000000,0.000000,0,0,0.000000,0.000000,0.000000,0.000000,0
4743,77.847290,77.847290,1,823.670532,524.524353,88.840302,56.574684,164,0,0.000000,0.000000,0.000000,0.000000,0,0,0.000000,0.000000,0.000000,0.000000,0,0,0.000000,0.000000,0.000000,0.000000,0
4747,77.880615,77.880615,1,825.745300,529.847229,89.064079,57.148804,194,0,0.000000,0.000000,0.000000,0.000000,0,0,0.000000,0.000000,0.000000,0.000000,0,0,0.000000,0.000000,0.000000,0.000000,0
4749,77.913940,77.913940,1,824.958374,529.092468,88.979210,57.067398,155,0,0.000000,0.000000,0.000000,0.000000,0,0,0.000000,0.000000,0.000000,0.000000,0,0,0.000000,0.000000,0.000000,0.000000,0
4752,77.947388,77.947388,1,824.174133,523.708252,88.894623,56.486660,144,0,0.000000,0.000000,0.000000,0.000000,0,0,0.000000,0.000000,0.000000,0.000000,0,0,0.000000,0.000000,0.000000,0.000000,0
4754,77.980713,77.980713,1,821.375244,526.575378,88.592735,56.795906,194,0,0.000000,0.000000,0.000000,0.000000,0,0,0.000000,0.000000,0.000000,0.000000,0,0,0.000000,0.000000,0.000000,0.000000,0
4759,78.014038,78.014038,1,820.171509,525.576477,88.462898,56.688168,186,0,0.000000,0.000000,0.000000,0.000000,0,0,0.000000,0.000000,0.000000,0.000000,0,0,0.000000,0.000000,0.000000,0.000000,0
4761,78.047363,78.047363,1,818.644348,527.527344,88.298180,56.898582,216,0,0.000000,0.000000,0.000000,0.000000,0,0,0.000000,0.000000,0.000000,0.000000,0,0,0.000000,0.000000,0.000000,0.000000,0
4765,78.080688,78.080688,1,816.821716,523.210266,88.101593,56.432945,212,0,0.000000,0.000000,0.000000,0.000000,0,0,0.000000,0.000000,0.000000,0.000000,0,0,0.000000,0.000000,0.000000,0.000000,0
4767,78.114014,78.114014,1,817.360718,521.042908,88.159729,56.199181,204,0,0.000000,0.000000,0.000000,0.000000,0,0,0.000000,0.000000,0.000000,0.000000,0,0,0.000000,0.000000,0.000000,0.000000,0
4770,78.147339,78.147339,1,815.858582,520.400024,87.997711,56.129841,218,0,0.000000,0.000000,0.000000,0.000000,0,0,0.000000,0.000000,0.000000,0.000000,0,0,0.000000,0.000000,0.000000,0.000000,0
4774,78.180664,78.180664,1,810.948914,521.110718,87.468163,56.206493,244,0,0.000000,0.000000,0.000000,0.000000,0,0,0.000000,0.000000,0.000000,0.000000,0,0,0.000000,0.000000,0.000000,0.000000,0
4776,78.213989,78.213989,1,812.631531,521.285767,87.649643,56.225372,237,0,0.000000,0.000000,0.000000,0.000000,0,0,0.000000,0.000000,0.000000,0.000000,0,0,0.000000,0.000000,0.000000,0.000000,0
4779,78.247314,78.247314,1,813.048767,525.861206,87.694649,56.718876,217,0,0.000000,0.000000,0.000000,0.000000,0,0,0.000000,0.000000,0.000000,0.000000,0,0,0.000000,0.000000,0.000000,0.000000,0
4782,78.280762,78.280762,1,816.394104,521.628540,88.055466,56.262348,236,0,0.000000,0.000000,0.000000,0.000000,0,0,0.000000,0.000000,0.000000,0.000000,0,0,0.000000,0.000000,0.000000,0.000000,0
4785,78.314087,78.314087,1,816.021057,523.107117,88.015228,56.421822,241,0,0.000000,0.000000,0.000000,0.000000,0,0,0.000000,0.000000,0.000000,0.000000,0,0,0.000000,0.000000,0.000000,0.000000,0
4789,78.347412,78.347412,1,817.714111,523.806824,88.197845,56.497295,238,0,0.000000,0.000000,0.000000,0.000000,0,0,0.000000,0.000000,0.000000,0.000000,0,0,0.000000,0.000000,0.000000,0.000000,0
4792,78.380737,78.380737,1,817.451233,524.166443,88.169487,56.536083,236,0,0.000000,0.000000,0.000000,0.000000,0,0,0.000000,0.000000,0.000000,0.000000,0,0,0.000000,0.000000,0.000000,0.000000,0
4794,78.414062,78.414062,1,818.025635,524.918640,88.231445,56.617210,217,0,0.000000,0.000000,0.000000,0.000000,0,0,0.000000,0.000000,0.000000,0.000000,0,0,0.000000,0.000000,0.000000,0.000000,0
4798,78.447388,78.447388,1,814.944641,527.300659,87.899132,56.874134,209,0,0.000000,0.000000,0.000000,0.000000,0,0,0.000000,0.000000,0.000000,0.000000,0,0,0.000000,0.000000,0.000000,0.000000,0
4800,78.480713,78.480713,1,815.653076,529.633911,87.975540,57.125797,226,0,0.000000,0.000000,0.000000,0.000000,0,0,0.000000,0.000000,0.000000,0.000000,0,0,0.000000,0.000000,0.000000,0.000000,0
4803,78.514038,78.514038,1,813.366516,529.565247,87.728920,57.118389,241,0,0.000000,0.000000,0.000000,0.000000,0,0,0.000000,0.000000,0.000000,0.000000,0,0,0.000000,0.000000,0.000000,0.000000,0
4806,78.547363,78.547363,1,814.503235,530.832520,87.851524,57.255074,226,0,0.000000,0.000000,0.000000,0.000000,0,0,0.000000,0.000000,0.000000,0.000000,0,0,0.000000,0.000000,0.000000,0.000000,0
4810,78.580811,78.580811,1,816.400452,528.873352,88.056152,57.043758,246,0,0.000000,0.000000,0.000000,0.000000,0,0,0.000000,0.000000,0.000000,0.000000,0,0,0.000000,0.000000,0.000000,0.000000,0
4812,78.614136,78.614136,1,812.893127,525.747803,87.677856,56.706646,230,0,0.000000,0.000000,0.000000,0.000000,0,0,0.000000,0.000000,0.000000,0.000000,0,0,0.000000,0.000000,0.000000,0.000000,0
4815,78.647461,78.647461,1,812.068909,525.015442,87.588959,56.627655,200,0,0.000000,0.000000,0.000000,0.000000,0,0,0.000000,0.000000,0.000000,0.000000,0,0,0.000000,0.000000,0.000000,0.000000,0
4818,78.680786,78.680786,1,809.041138,521.574219,87.262390,56.256489,237,1,655.000000,113.000000,70.647659,12.188069,1,0,0.000000,0.000000,0.000000,0.000000,0,0,0.000000,0.000000,0.000000,0.000000,0
4821,78.714111,78.714111,1,809.517639,518.157959,87.313782,55.888008,211,0,0.000000,0.000000,0.000000,0.000000,0,0,0.000000,0.000000,0.000000,0.000000,0,0,0.000000,0.000000,0.000000,0.000000,0
4824,78.747437,78.747437,1,812.123108,514.215759,87.594803,55.462807,214,0,0.000000,0.000000,0.000000,0.000000,0,0,0.000000,0.000000,0.000000,0.000000,0,0,0.000000,0.000000,0.000000,0.000000,0
4826,78.780762,78.780762,1,813.164429,509.935394,87.707123,55.001133,228,0,0.000000,0.000000,0.000000,0.000000,0,0,0.000000,0.000000,0.000000,0.000000,0,0,0.000000,0.000000,0.000000,0.000000,0
4830,78.814087,78.814087,1,811.233276,504.742096,87.498833,54.440987,246,0,0.000000,0.000000,0.000000,0.000000,0,0,0.000000,0.000000,0.000000,0.000000,0,0,0.000000,0.000000,0.000000,0.000000,0
4833,78.847412,78.847412,1,808.661255,501.892883,87.221413,54.133678,226,0,0.000000,0.000000,0.000000,0.000000,0,0,0.000000,0.000000,0.000000,0.000000,0,0,0.000000,0.000000,0.000000,0.000000,0
4837,78.880859,78.880859,1,809.332886,499.130035,87.293861,53.835678,219,0,0.000000,0.000000,0.000000,0.000000,0,0,0.000000,0.000000,0.000000,0.000000,0,0,0.000000,0.000000,0.000000,0.000000,0
4839,78.914185,78.914185,1,809.325684,494.140533,87.293076,53.297516,226,0,0.000000,0.000000,0.000000,0.000000,0,0,0.000000,0.000000,0.000000,0.000000,0,0,0.000000,0.000000,0.000000,0.000000,0
4843,78.947510,78.947510,1,806.767029,491.335510,87.017105,52.994968,221,0,0.000000,0.000000,0.000000,0.000000,0,0,0.000000,0.000000,0.000000,0.000000,0,0,0.000000,0.000000,0.000000,0.000000,0
4845,78.980835,78.980835,1,805.984680,490.511505,86.932716,52.906094,230,0,0.000000,0.000000,0.000000,0.000000,0,0,0.000000,0.000000,0.000000,0.000000,0,0,0.000000,0.000000,0.000000,0.000000,0
4849,79.014160,79.014160,1,808.015442,491.178711,87.151756,52.978058,227,0,0.000000,0.000000,0.000000,0.000000,0,0,0.000000,0.000000,0.000000,0.000000,0,0,0.000000,0.000000,0.000000,0.000000,0
4851,79.047485,79.047485,1,813.374573,487.109436,87.729790,52.539146,243,0,0.000000,0.000000,0.000000,0.000000,0,0,0.000000,0.000000,0.000000,0.000000,0,0,0.000000,0.000000,0.000000,0.000000,0
4854,79.080811,79.080811,1,817.983704,487.224518,88.226921,52.551563,226,0,0.000000,0.000000,0.000000,0.000000,0,0,0.000000,0.000000,0.000000,0.000000,0,0,0.000000,0.000000,0.000000,0.000000,0
4858,79.114136,79.114136,1,822.919067,487.034576,88.759247,52.531075,218,0,0.000000,0.000000,0.000000,0.000000,0,0,0.000000,0.000000,0.000000,0.000000,0,0,0.000000,0.000000,0.000000,0.000000,0
4860,79.147461,79.147461,1,824.502380,491.432739,88.930023,53.005455,226,0,0.000000,0.000000,0.000000,0.000000,0,0,0.000000,0.000000,0.000000,0.000000,0,0,0.000000,0.000000,0.000000,0.000000,0
4863,79.180786,79.180786,1,826.137146,494.115417,89.106346,53.294807,198,0,0.000000,0.000000,0.000000,0.000000,0,0,0.000000,0.000000,0.000000,0.000000,0,0,0.000000,0.000000,0.000000,0.000000,0
4867,79.214233,79.214233,1,828.713806,494.673248,89.384262,53.354973,178,0,0.000000,0.000000,0.000000,0.000000,0,0,0.000000,0.000000,0.000000,0.000000,0,0,0.000000,0.000000,0.000000,0.000000,0
4869,79.247559,79.247559,1,829.828674,492.263092,89.504509,53.095016,210,0,0.000000,0.000000,0.000000,0.000000,0,0,0.000000,0.000000,0.000000,0.000000,0,0,0.000000,0.000000,0.000000,0.000000,0
4872,79.280884,79.280884,1,827.212646,492.294891,89.222351,53.098446,210,0,0.000000,0.000000,0.000000,0.000000,0,0,0.000000,0.000000,0.000000,0.000000,0,0,0.000000,0.000000,0.000000,0.000000,0
4875,79.314209,79.314209,1,826.255615,494.270294,89.119125,53.311512,185,0,0.000000,0.000000,0.000000,0.000000,0,0,0.000000,0.000000,0.000000,0.000000,0,0,0.000000,0.000000,0.000000,0.000000,0
4878,79.347534,79.347534,1,826.947815,492.079651,89.193779,53.075230,173,0,0.000000,0.000000,0.000000,0.000000,0,0,0.000000,0.000000,0.000000,0.000000,0,0,0.000000,0.000000,0.000000,0.000000,0
4882,79.380859,79.380859,1,827.714233,489.791901,89.276451,52.828476,175,0,0.000000,0.000000,0.000000,0.000000,0,0,0.000000,0.000000,0.000000,0.000000,0,0,0.000000,0.000000,0.000000,0.000000,0
4884,79.414185,79.414185,1,829.659363,488.175934,89.486252,52.654179,176,0,0.000000,0.000000,0.000000,0.000000,0,0,0.000000,0.000000,0.000000,0.000000,0,0,0.000000,0.000000,0.000000,0.000000,0
4888,79.447510,79.447510,1,830.738525,488.575348,89.602646,52.697262,161,0,0.000000,0.000000,0.000000,0.000000,0,0,0.000000,0.000000,0.000000,0.000000,0,0,0.000000,0.000000,0.000000,0.000000,0
4890,79.480835,79.480835,1,829.863647,489.849426,89.508286,52.834682,185,0,0.000000,0.000000,0.000000,0.000000,0,0,0.000000,0.000000,0.000000,0.000000,0,0,0.000000,0.000000,0.000000,0.000000,0
4893,79.514282,79.514282,1,832.387024,491.078705,89.780457,52.967270,159,0,0.000000,0.000000,0.000000,0.000000,0,0,0.000000,0.000000,0.000000,0.000000,0,0,0.000000,0.000000,0.000000,0.000000,0
4897,79.547607,79.547607,1,833.195007,491.818420,89.867599,53.047054,150,0,0.000000,0.000000,0.000000,0.000000,0,0,0.000000,0.000000,0.000000,0.000000,0,0,0.000000,0.000000,0.000000,0.000000,0
4899,79.580933,79.580933,1,833.202942,494.263916,89.868454,53.310825,167,0,0.000000,0.000000,0.000000,0.000000,0,0,0.000000,0.000000,0.000000,0.000000,0,0,0.000000,0.000000,0.000000,0.000000,0
4902,79.614258,79.614258,1,831.974243,496.797516,89.735931,53.584095,152,0,0.000000,0.000000,0.000000,0.000000,0,0,0.000000,0.000000,0.000000,0.000000,0,0,0.000000,0.000000,0.000000,0.000000,0
4906,79.647583,79.647583,1,832.482971,498.288177,89.790802,53.744877,155,0,0.000000,0.000000,0.000000,0.000000,0,0,0.000000,0.000000,0.000000,0.000000,0,0,0.000000,0.000000,0.000000,0.000000,0
4908,79.680908,79.680908,1,834.385193,498.563202,89.995972,53.774540,149,0,0.000000,0.000000,0.000000,0.000000,0,0,0.000000,0.000000,0.000000,0.000000,0,0,0.000000,0.000000,0.000000,0.000000,0
4912,79.714233,79.714233,1,835.919861,500.371674,90.161499,53.969601,153,0,0.000000,0.000000,0.000000,0.000000,0,0,0.000000,0.000000,0.000000,0.000000,0,0,0.000000,0.000000,0.000000,0.000000,0
4914,79.747559,79.747559,1,835.948608,505.230988,90.164597,54.493721,161,0,0.000000,0.000000,0.000000,0.000000,0,0,0.000000,0.000000,0.000000,0.000000,0,0,0.000000,0.000000,0.000000,0.000000,0
4917,79.780884,79.780884,1,835.838989,509.947693,90.152779,55.002460,199,0,0.000000,0.000000,0.000000,0.000000,0,0,0.000000,0.000000,0.000000,0.000000,0,0,0.000000,0.000000,0.000000,0.000000,0
4920,79.814331,79.814331,1,835.384583,512.347168,90.103767,55.261265,193,0,0.000000,0.000000,0.000000,0.000000,0,0,0.000000,0.000000,0.000000,0.000000,0,0,0.000000,0.000000,0.000000,0.000000,0
4923,79.847656,79.847656,1,835.902405,511.765594,90.159622,55.198536,154,0,0.000000,0.000000,0.000000,0.000000,0,0,0.000000,0.000000,0.000000,0.000000,0,0,0.000000,0.000000,0.000000,0.000000,0
4925,79.880981,79.880981,1,834.751648,510.976807,90.035500,55.113457,153,0,0.000000,0.000000,0.000000,0.000000,0,0,0.000000,0.000000,0.000000,0.000000,0,0,0.000000,0.000000,0.000000,0.000000,0
4930,79.914307,79.914307,1,834.936218,510.299713,90.055405,55.040428,165,0,0.000000,0.000000,0.000000,0.000000,0,0,0.000000,0.000000,0.000000,0.000000,0,0,0.000000,0.000000,0.000000,0.000000,0
4932,79.947632,79.947632,1,834.808716,510.667908,90.041649,55.080143,156,1,989.077820,883.677063,106.680969,95.312546,3,0,0.000000,0.000000,0.000000,0.000000,0,0,0.000000,0.000000,0.000000,0.000000,0
4936,79.980957,79.980957,1,834.130249,509.336914,89.968475,54.936581,156,1,961.000000,897.000000,103.652519,96.749542,1,0,0.000000,0.000000,0.000000,0.000000,0,0,0.000000,0.000000,0.000000,0.000000,0
4938,80.014282,80.014282,1,833.446960,508.415588,89.894775,54.837208,185,0,0.000000,0.000000,0.000000,0.000000,0,0,0.000000,0.000000,0.000000,0.000000,0,0,0.000000,0.000000,0.000000,0.000000,0
4941,80.047607,80.047607,1,832.090515,508.126251,89.748474,54.806004,173,1,906.593506,916.161865,97.784294,98.816322,6,0,0.000000,0.000000,0.000000,0.000000,0,0,0.000000,0.000000,0.000000,0.000000,0
4945,80.080933,80.080933,1,830.268738,510.063477,89.551971,55.014950,202,1,875.233032,924.150452,94.401779,99.677963,9,0,0.000000,0.000000,0.000000,0.000000,0,0,0.000000,0.000000,0.000000,0.000000,0
4947,80.114258,80.114258,1,827.707642,508.764557,89.275734,54.874847,216,1,842.624573,930.063477,90.884666,100.315742,14,0,0.000000,0.000000,0.000000,0.000000,0,0,0.000000,0.000000,0.000000,0.000000,0
4950,80.147705,80.147705,1,829.902039,512.132874,89.512428,55.238152,192,1,815.109985,933.521667,87.916969,100.688736,13,0,0.000000,0.000000,0.000000,0.000000,0,0,0.000000,0.000000,0.000000,0.000000,0
4952,80.181030,80.181030,1,829.975159,510.156708,89.520309,55.025005,192,1,772.348389,935.580017,83.304741,100.910751,6,0,0.000000,0.000000,0.000000,0.000000,0,0,0.000000,0.000000,0.000000,0.000000,0
4956,80.214355,80.214355,1,828.065979,509.733398,89.314392,54.979347,201,0,0.000000,0.000000,0.000000,0.000000,0,0,0.000000,0.000000,0.000000,0.000000,0,0,0.000000,0.000000,0.000000,0.000000,0
4959,80.247681,80.247681,1,827.858093,513.679871,89.291962,55.405006,186,0,0.000000,0.000000,0.000000,0.000000,0,0,0.000000,0.000000,0.000000,0.000000,0,0,0.000000,0.000000,0.000000,0.000000,0
4963,80.281006,80.281006,1,823.698975,513.908081,88.843369,55.429623,181,0,0.000000,0.000000,0.000000,0.000000,0,0,0.000000,0.000000,0.000000,0.000000,0,0,0.000000,0.000000,0.000000,0.000000,0
4965,80.314331,80.314331,1,822.768250,514.299988,88.742981,55.471893,162,0,0.000000,0.000000,0.000000,0.000000,0,0,0.000000,0.000000,0.000000,0.000000,0,0,0.000000,0.000000,0.000000,0.000000,0
4967,80.347656,80.347656,1,821.757996,510.793915,88.634018,55.093731,188,0,0.000000,0.000000,0.000000,0.000000,0,0,0.000000,0.000000,0.000000,0.000000,0,0,0.000000,0.000000,0.000000,0.000000,0
4971,80.380981,80.380981,1,820.550964,506.853821,88.503822,54.668758,208,0,0.000000,0.000000,0.000000,0.000000,0,0,0.000000,0.000000,0.000000,0.000000,0,0,0.000000,0.000000,0.000000,0.000000,0
4974,80.414307,80.414307,1,823.791321,502.577087,88.853325,54.207474,202,0,0.000000,0.000000,0.000000,0.000000,0,0,0.000000,0.000000,0.000000,0.000000,0,0,0.000000,0.000000,0.000000,0.000000,0
4977,80.447754,80.447754,1,828.687927,507.498199,89.381470,54.738262,152,0,0.000000,0.000000,0.000000,0.000000,0,0,0.000000,0.000000,0.000000,0.000000,0,0,0.000000,0.000000,0.000000,0.000000,0
4981,80.481079,80.481079,1,828.987976,508.796295,89.413834,54.878269,202,0,0.000000,0.000000,0.000000,0.000000,0,0,0.000000,0.000000,0.000000,0.000000,0,0,0.000000,0.000000,0.000000,0.000000,0
4984,80.514404,80.514404,1,827.731323,507.564911,89.278290,54.745457,173,0,0.000000,0.000000,0.000000,0.000000,0,0,0.000000,0.000000,0.000000,0.000000,0,0,0.000000,0.000000,0.000000,0.000000,0
4986,80.547729,80.547729,1,830.000671,505.389679,89.523056,54.510838,157,0,0.000000,0.000000,0.000000,0.000000,0,0,0.000000,0.000000,0.000000,0.000000,0,0,0.000000,0.000000,0.000000,0.000000,0
4990,80.581055,80.581055,1,832.475586,502.633759,89.790001,54.213585,129,0,0.000000,0.000000,0.000000,0.000000,0,0,0.000000,0.000000,0.000000,0.000000,0,0,0.000000,0.000000,0.000000,0.000000,0
4992,80.614380,80.614380,1,835.301514,501.902893,90.094803,54.134754,135,0,0.000000,0.000000,0.000000,0.000000,0,0,0.000000,0.000000,0.000000,0.000000,0,0,0.000000,0.000000,0.000000,0.000000,0
4995,80.647705,80.647705,1,841.637878,503.756073,90.778236,54.334637,163,0,0.000000,0.000000,0.000000,0.000000,0,0,0.000000,0.000000,0.000000,0.000000,0,0,0.000000,0.000000,0.000000,0.000000,0
4997,80.681030,80.681030,1,843.635010,506.949646,90.993652,54.679092,167,0,0.000000,0.000000,0.000000,0.000000,0,0,0.000000,0.000000,0.000000,0.000000,0,0,0.000000,0.000000,0.000000,0.000000,0
5001,80.714355,80.714355,1,844.433838,508.121185,91.079811,54.805454,185,0,0.000000,0.000000,0.000000,0.000000,0,0,0.000000,0.000000,0.000000,0.000000,0,0,0.000000,0.000000,0.000000,0.000000,0
5004,80.747803,80.747803,1,842.243591,509.042358,90.843575,54.904812,149,0,0.000000,0.000000,0.000000,0.000000,0,0,0.000000,0.000000,0.000000,0.000000,0,0,0.000000,0.000000,0.000000,0.000000,0
5008,80.781128,80.781128,1,840.536926,510.545074,90.659492,55.066895,169,0,0.000000,0.000000,0.000000,0.000000,0,0,0.000000,0.000000,0.000000,0.000000,0,0,0.000000,0.000000,0.000000,0.000000,0
5010,80.814453,80.814453,1,837.545410,511.302094,90.336830,55.148544,159,0,0.000000,0.000000,0.000000,0.000000,0,0,0.000000,0.000000,0.000000,0.000000,0,0,0.000000,0.000000,0.000000,0.000000,0
5014,80.847778,80.847778,1,837.616760,506.898865,90.344521,54.673615,194,0,0.000000,0.000000,0.000000,0.000000,0,0,0.000000,0.000000,0.000000,0.000000,0,0,0.000000,0.000000,0.000000,0.000000,0
5016,80.881104,80.881104,1,842.827332,504.494598,90.906532,54.414295,178,0,0.000000,0.000000,0.000000,0.000000,0,0,0.000000,0.000000,0.000000,0.000000,0,0,0.000000,0.000000,0.000000,0.000000,0
5019,80.914429,80.914429,1,841.958374,504.265015,90.812805,54.389530,159,0,0.000000,0.000000,0.000000,0.000000,0,0,0.000000,0.000000,0.000000,0.000000,0,0,0.000000,0.000000,0.000000,0.000000,0
5021,80.947754,80.947754,1,842.719849,513.848938,90.894943,55.423248,184,0,0.000000,0.000000,0.000000,0.000000,0,0,0.000000,0.000000,0.000000,0.000000,0,0,0.000000,0.000000,0.000000,0.000000,0
5025,80.981079,80.981079,1,835.498474,514.727173,90.116051,55.517975,188,0,0.000000,0.000000,0.000000,0.000000,0,0,0.000000,0.000000,0.000000,0.000000,0,0,0.000000,0.000000,0.000000,0.000000,0
5028,81.014404,81.014404,1,837.088135,514.203735,90.287506,55.461514,188,0,0.000000,0.000000,0.000000,0.000000,0,0,0.000000,0.000000,0.000000,0.000000,0,0,0.000000,0.000000,0.000000,0.000000,0
5032,81.047852,81.047852,1,834.050964,505.254303,89.959923,54.496239,207,0,0.000000,0.000000,0.000000,0.000000,0,0,0.000000,0.000000,0.000000,0.000000,0,0,0.000000,0.000000,0.000000,0.000000,0
5034,81.081177,81.081177,1,837.639404,502.297882,90.346962,54.177357,197,0,0.000000,0.000000,0.000000,0.000000,0,0,0.000000,0.000000,0.000000,0.000000,0,0,0.000000,0.000000,0.000000,0.000000,0
5037,81.114502,81.114502,1,839.926270,503.484589,90.593628,54.305355,177,0,0.000000,0.000000,0.000000,0.000000,0,0,0.000000,0.000000,0.000000,0.000000,0,0,0.000000,0.000000,0.000000,0.000000,0
5041,81.147827,81.147827,1,839.770813,508.634827,90.576859,54.860855,180,0,0.000000,0.000000,0.000000,0.000000,0,0,0.000000,0.000000,0.000000,0.000000,0,0,0.000000,0.000000,0.000000,0.000000,0
5043,81.181152,81.181152,1,839.443726,506.676941,90.541580,54.649681,178,0,0.000000,0.000000,0.000000,0.000000,0,0,0.000000,0.000000,0.000000,0.000000,0,0,0.000000,0.000000,0.000000,0.000000,0
5046,81.214478,81.214478,1,837.790527,507.138550,90.363274,54.699471,186,0,0.000000,0.000000,0.000000,0.000000,0,0,0.000000,0.000000,0.000000,0.000000,0,0,0.000000,0.000000,0.000000,0.000000,0
5048,81.247803,81.247803,1,838.316528,503.560852,90.420006,54.313580,191,0,0.000000,0.000000,0.000000,0.000000,0,0,0.000000,0.000000,0.000000,0.000000,0,0,0.000000,0.000000,0.000000,0.000000,0
5052,81.281128,81.281128,1,839.477539,511.127502,90.545227,55.129711,156,0,0.000000,0.000000,0.000000,0.000000,0,0,0.000000,0.000000,0.000000,0.000000,0,0,0.000000,0.000000,0.000000,0.000000,0
5055,81.314453,81.314453,1,833.585938,514.290588,89.909767,55.470879,164,0,0.000000,0.000000,0.000000,0.000000,0,0,0.000000,0.000000,0.000000,0.000000,0,0,0.000000,0.000000,0.000000,0.000000,0
5058,81.347778,81.347778,1,830.555359,510.490479,89.582893,55.061005,199,0,0.000000,0.000000,0.000000,0.000000,0,0,0.000000,0.000000,0.000000,0.000000,0,0,0.000000,0.000000,0.000000,0.000000,0
5061,81.381226,81.381226,1,835.531311,507.242279,90.119591,54.710659,187,0,0.000000,0.000000,0.000000,0.000000,0,0,0.000000,0.000000,0.000000,0.000000,0,0,0.000000,0.000000,0.000000,0.000000,0
5065,81.414551,81.414551,1,835.871521,509.803436,90.156288,54.986900,172,0,0.000000,0.000000,0.000000,0.000000,0,0,0.000000,0.000000,0.000000,0.000000,0,0,0.000000,0.000000,0.000000,0.000000,0
5067,81.447876,81.447876,1,831.000061,514.065491,89.630859,55.446598,172,0,0.000000,0.000000,0.000000,0.000000,0,0,0.000000,0.000000,0.000000,0.000000,0,0,0.000000,0.000000,0.000000,0.000000,0
5070,81.481201,81.481201,1,826.351501,509.989716,89.129471,55.006996,139,0,0.000000,0.000000,0.000000,0.000000,0,0,0.000000,0.000000,0.000000,0.000000,0,0,0.000000,0.000000,0.000000,0.000000,0
5072,81.514526,81.514526,1,833.153687,508.634674,89.863144,54.860840,40,0,0.000000,0.000000,0.000000,0.000000,0,0,0.000000,0.000000,0.000000,0.000000,0,0,0.000000,0.000000,0.000000,0.000000,0
5076,81.547852,81.547852,0,0.000000,0.000000,0.000000,0.000000,0,0,0.000000,0.000000,0.000000,0.000000,0,0,0.000000,0.000000,0.000000,0.000000,0,0,0.000000,0.000000,0.000000,0.000000,0
5079,81.581177,81.581177,0,0.000000,0.000000,0.000000,0.000000,0,0,0.000000,0.000000,0.000000,0.000000,0,0,0.000000,0.000000,0.000000,0.000000,0,0,0.000000,0.000000,0.000000,0.000000,0
5083,81.614502,81.614502,1,831.928223,503.543579,89.730965,54.311718,72,0,0.000000,0.000000,0.000000,0.000000,0,0,0.000000,0.000000,0.000000,0.000000,0,0,0.000000,0.000000,0.000000,0.000000,0
5085,81.647827,81.647827,1,829.776978,502.838409,89.498932,54.235661,150,0,0.000000,0.000000,0.000000,0.000000,0,0,0.000000,0.000000,0.000000,0.000000,0,0,0.000000,0.000000,0.000000,0.000000,0
5088,81.681274,81.681274,1,832.013733,501.377930,89.740189,54.078133,154,0,0.000000,0.000000,0.000000,0.000000,0,0,0.000000,0.000000,0.000000,0.000000,0,0,0.000000,0.000000,0.000000,0.000000,0
5090,81.714600,81.714600,1,835.237183,504.471710,90.087868,54.411823,91,0,0.000000,0.000000,0.000000,0.000000,0,0,0.000000,0.000000,0.000000,0.000000,0,0,0.000000,0.000000,0.000000,0.000000,0
5094,81.747925,81.747925,0,0.000000,0.000000,0.000000,0.000000,0,0,0.000000,0.000000,0.000000,0.000000,0,0,0.000000,0.000000,0.000000,0.000000,0,0,0.000000,0.000000,0.000000,0.000000,0
5097,81.781250,81.781250,1,840.408325,487.423157,90.645622,52.572987,52,0,0.000000,0.000000,0.000000,0.000000,0,0,0.000000,0.000000,0.000000,0.000000,0,0,0.000000,0.000000,0.000000,0.000000,0
5100,81.814575,81.814575,1,836.413452,492.399658,90.214737,53.109745,114,1,649.952820,324.995514,70.103279,35.053699,6,0,0.000000,0.000000,0.000000,0.000000,0,0,0.000000,0.000000,0.000000,0.000000,0
5103,81.847900,81.847900,1,837.618713,497.829193,90.344742,53.695370,137,0,0.000000,0.000000,0.000000,0.000000,0,0,0.000000,0.000000,0.000000,0.000000,0,0,0.000000,0.000000,0.000000,0.000000,0
5106,81.881226,81.881226,1,835.657654,498.242310,90.133217,53.739929,159,0,0.000000,0.000000,0.000000,0.000000,0,0,0.000000,0.000000,0.000000,0.000000,0,0,0.000000,0.000000,0.000000,0.000000,0
5110,81.914551,81.914551,1,837.085815,497.796112,90.287262,53.691803,137,0,0.000000,0.000000,0.000000,0.000000,0,0,0.000000,0.000000,0.000000,0.000000,0,0,0.000000,0.000000,0.000000,0.000000,0
5112,81.947876,81.947876,1,837.742188,497.084381,90.358055,53.615036,162,0,0.000000,0.000000,0.000000,0.000000,0,0,0.000000,0.000000,0.000000,0.000000,0,0,0.000000,0.000000,0.000000,0.000000,0
5116,81.981323,81.981323,1,837.062744,497.091187,90.284767,53.615768,152,1,719.000000,327.000000,77.550636,35.269901,1,0,0.000000,0.000000,0.000000,0.000000,0,0,0.000000,0.000000,0.000000,0.000000,0
5118,82.014648,82.014648,1,837.127075,501.993774,90.291710,54.144558,169,1,691.000000,310.090912,74.530586,33.446102,2,0,0.000000,0.000000,0.000000,0.000000,0,0,0.000000,0.000000,0.000000,0.000000,0
5122,82.047974,82.047974,1,834.834839,504.544312,90.044472,54.419655,147,0,0.000000,0.000000,0.000000,0.000000,0,0,0.000000,0.000000,0.000000,0.000000,0,0,0.000000,0.000000,0.000000,0.000000,0
5124,82.081299,82.081299,1,838.384644,506.903564,90.427353,54.674122,87,0,0.000000,0.000000,0.000000,0.000000,0,0,0.000000,0.000000,0.000000,0.000000,0,0,0.000000,0.000000,0.000000,0.000000,0
5127,82.114624,82.114624,1,837.618713,503.229584,90.344734,54.277851,119,0,0.000000,0.000000,0.000000,0.000000,0,0,0.000000,0.000000,0.000000,0.000000,0,0,0.000000,0.000000,0.000000,0.000000,0
5131,82.147949,82.147949,1,833.752380,501.050629,89.927711,54.042831,144,1,649.000000,305.000000,70.000504,32.897003,1,0,0.000000,0.000000,0.000000,0.000000,0,0,0.000000,0.000000,0.000000,0.000000,0
5133,82.181274,82.181274,1,833.808472,503.616608,89.933769,54.319595,163,0,0.000000,0.000000,0.000000,0.000000,0,0,0.000000,0.000000,0.000000,0.000000,0,0,0.000000,0.000000,0.000000,0.000000,0
5136,82.214600,82.214600,1,839.282715,505.945160,90.524216,54.570751,168,0,0.000000,0.000000,0.000000,0.000000,0,0,0.000000,0.000000,0.000000,0.000000,0,0,0.000000,0.000000,0.000000,0.000000,0
5138,82.247925,82.247925,1,841.925903,505.503326,90.809311,54.523094,188,0,0.000000,0.000000,0.000000,0.000000,0,0,0.000000,0.000000,0.000000,0.000000,0,0,0.000000,0.000000,0.000000,0.000000,0
5142,82.281250,82.281250,1,838.695557,506.944122,90.460884,54.678497,177,1,671.000000,325.000000,72.373405,35.054184,1,0,0.000000,0.000000,0.000000,0.000000,0,0,0.000000,0.000000,0.000000,0.000000,0
5144,82.314697,82.314697,1,836.317200,507.997467,90.204353,54.792110,155,1,603.000000,229.000000,65.038994,24.699717,1,0,0.000000,0.000000,0.000000,0.000000,0,0,0.000000,0.000000,0.000000,0.000000,0
5147,82.348022,82.348022,1,834.479431,508.939056,90.006142,54.893669,202,1,599.000000,239.000000,64.607552,25.778307,1,0,0.000000,0.000000,0.000000,0.000000,0,0,0.000000,0.000000,0.000000,0.000000,0
5151,82.381348,82.381348,1,838.589905,507.588867,90.449493,54.748039,216,0,0.000000,0.000000,0.000000,0.000000,0,0,0.000000,0.000000,0.000000,0.000000,0,0,0.000000,0.000000,0.000000,0.000000,0
5154,82.414673,82.414673,1,840.397522,514.473450,90.644455,55.490604,195,0,0.000000,0.000000,0.000000,0.000000,0,0,0.000000,0.000000,0.000000,0.000000,0,0,0.000000,0.000000,0.000000,0.000000,0
5158,82.447998,82.447998,1,841.009094,509.464203,90.710419,54.950314,203,0,0.000000,0.000000,0.000000,0.000000,0,0,0.000000,0.000000,0.000000,0.000000,0,0,0.000000,0.000000,0.000000,0.000000,0
5160,82.481323,82.481323,1,842.086975,510.882080,90.826675,55.103241,141,1,671.000000,351.000000,72.373405,37.858517,1,0,0.000000,0.000000,0.000000,0.000000,0,0,0.000000,0.000000,0.000000,0.000000,0
5164,82.514648,82.514648,1,846.628479,518.024841,91.316521,55.873653,139,0,0.000000,0.000000,0.000000,0.000000,0,0,0.000000,0.000000,0.000000,0.000000,0,0,0.000000,0.000000,0.000000,0.000000,0
5166,82.547974,82.547974,1,848.176880,521.075562,91.483528,56.202702,140,0,0.000000,0.000000,0.000000,0.000000,0,0,0.000000,0.000000,0.000000,0.000000,0,0,0.000000,0.000000,0.000000,0.000000,0
5168,82.581299,82.581299,1,844.617493,522.708557,91.099617,56.378834,141,0,0.000000,0.000000,0.000000,0.000000,0,0,0.000000,0.000000,0.000000,0.000000,0,0,0.000000,0.000000,0.000000,0.000000,0
5172,82.614746,82.614746,1,837.512024,524.849304,90.333229,56.609734,94,1,689.000000,361.000000,74.314865,38.937107,1,0,0.000000,0.000000,0.000000,0.000000,0,0,0.000000,0.000000,0.000000,0.000000,0
5175,82.648071,82.648071,1,838.166260,528.338989,90.403793,56.986126,56,1,691.000000,367.000000,74.530586,39.584263,1,0,0.000000,0.000000,0.000000,0.000000,0,0,0.000000,0.000000,0.000000,0.000000,0
5179,82.681396,82.681396,1,837.758240,529.000793,90.359787,57.057507,65,1,725.000000,399.000000,78.197792,43.035751,1,0,0.000000,0.000000,0.000000,0.000000,0,0,0.000000,0.000000,0.000000,0.000000,0
5181,82.714722,82.714722,1,838.597778,528.793945,90.450340,57.035194,32,1,635.000000,271.000000,68.490479,29.229795,1,0,0.000000,0.000000,0.000000,0.000000,0,0,0.000000,0.000000,0.000000,0.000000,0
5184,82.748047,82.748047,1,834.370300,528.895874,89.994370,57.046196,42,1,623.000000,247.000000,67.196175,26.641178,1,0,0.000000,0.000000,0.000000,0.000000,0,0,0.000000,0.000000,0.000000,0.000000,0
5187,82.781372,82.781372,1,828.802673,529.169983,89.393852,57.075756,61,1,691.947754,371.822296,74.632805,40.104389,4,0,0.000000,0.000000,0.000000,0.000000,0,0,0.000000,0.000000,0.000000,0.000000,0
5190,82.814697,82.814697,1,829.915649,526.186096,89.513893,56.753914,89,1,689.000000,365.000000,74.314865,39.368542,1,0,0.000000,0.000000,0.000000,0.000000,0,0,0.000000,0.000000,0.000000,0.000000,0
5193,82.848022,82.848022,1,835.816040,522.051086,90.150299,56.307922,91,1,641.000000,281.000000,69.137634,30.308386,1,0,0.000000,0.000000,0.000000,0.000000,0,0,0.000000,0.000000,0.000000,0.000000,0
5195,82.881348,82.881348,1,835.577942,519.859619,90.124619,56.071548,89,1,685.000000,358.115143,73.883430,38.625950,2,0,0.000000,0.000000,0.000000,0.000000,0,0,0.000000,0.000000,0.000000,0.000000,0
5199,82.914795,82.914795,1,829.116516,520.886108,89.427696,56.182270,55,1,665.000000,329.000000,71.726250,35.485619,1,0,0.000000,0.000000,0.000000,0.000000,0,0,0.000000,0.000000,0.000000,0.000000,0
5201,82.948120,82.948120,1,828.095337,521.229553,89.317551,56.219315,66,1,689.000000,369.000000,74.314865,39.799980,1,0,0.000000,0.000000,0.000000,0.000000,0,0,0.000000,0.000000,0.000000,0.000000,0
5206,82.981445,82.981445,0,0.000000,0.000000,0.000000,0.000000,0,1,617.000000,252.021896,66.549019,27.182837,2,0,0.000000,0.000000,0.000000,0.000000,0,0,0.000000,0.000000,0.000000,0.000000,0
5209,83.014771,83.014771,1,841.410583,501.948975,90.753723,54.139725,37,1,633.000000,278.022217,68.274765,29.987206,2,0,0.000000,0.000000,0.000000,0.000000,0,0,0.000000,0.000000,0.000000,0.000000,0
5210,83.048096,83.048096,1,841.376343,499.253723,90.750031,53.849018,50,1,625.000000,257.000000,67.411888,27.719769,1,0,0.000000,0.000000,0.000000,0.000000,0,0,0.000000,0.000000,0.000000,0.000000,0
5214,83.081421,83.081421,1,841.592957,502.780426,90.773392,54.229404,48,1,683.000000,353.000000,73.667709,38.074234,1,0,0.000000,0.000000,0.000000,0.000000,0,0,0.000000,0.000000,0.000000,0.000000,0
5217,83.114746,83.114746,1,842.021423,508.866058,90.819611,54.885796,23,1,645.000000,271.000000,69.569069,29.229795,1,0,0.000000,0.000000,0.000000,0.000000,0,0,0.000000,0.000000,0.000000,0.000000,0
5220,83.148071,83.148071,1,831.029968,517.813293,89.634087,55.850838,57,0,0.000000,0.000000,0.000000,0.000000,0,0,0.000000,0.000000,0.000000,0.000000,0,0,0.000000,0.000000,0.000000,0.000000,0
5223,83.181396,83.181396,1,829.684265,516.421265,89.488937,55.700695,63,1,716.608948,371.329620,77.292740,40.051250,5,0,0.000000,0.000000,0.000000,0.000000,0,0,0.000000,0.000000,0.000000,0.000000,0
5225,83.214722,83.214722,1,830.470825,518.319946,89.573769,55.905487,68,1,721.000000,377.000000,77.766357,40.662853,1,0,0.000000,0.000000,0.000000,0.000000,0,0,0.000000,0.000000,0.000000,0.000000,0
5230,83.248169,83.248169,0,0.000000,0.000000,0.000000,0.000000,0,1,695.000000,377.000000,74.962021,40.662853,1,0,0.000000,0.000000,0.000000,0.000000,0,0,0.000000,0.000000,0.000000,0.000000,0
5232,83.281494,83.281494,0,0.000000,0.000000,0.000000,0.000000,0,1,727.000000,383.000000,78.413513,41.310005,1,0,0.000000,0.000000,0.000000,0.000000,0,0,0.000000,0.000000,0.000000,0.000000,0
5235,83.314819,83.314819,1,837.611877,524.242004,90.344002,56.544231,3,0,0.000000,0.000000,0.000000,0.000000,0,0,0.000000,0.000000,0.000000,0.000000,0,0,0.000000,0.000000,0.000000,0.000000,0
5239,83.348145,83.348145,0,0.000000,0.000000,0.000000,0.000000,0,1,731.000000,381.134521,78.844948,41.108799,3,0,0.000000,0.000000,0.000000,0.000000,0,0,0.000000,0.000000,0.000000,0.000000,0
5241,83.381470,83.381470,0,0.000000,0.000000,0.000000,0.000000,0,0,0.000000,0.000000,0.000000,0.000000,0,0,0.000000,0.000000,0.000000,0.000000,0,0,0.000000,0.000000,0.000000,0.000000,0
5244,83.414795,83.414795,0,0.000000,0.000000,0.000000,0.000000,0,1,737.000000,381.000000,79.492104,41.094288,1,0,0.000000,0.000000,0.000000,0.000000,0,0,0.000000,0.000000,0.000000,0.000000,0
5246,83.448120,83.448120,0,0.000000,0.000000,0.000000,0.000000,0,0,0.000000,0.000000,0.000000,0.000000,0,0,0.000000,0.000000,0.000000,0.000000,0,0,0.000000,0.000000,0.000000,0.000000,0
5250,83.481445,83.481445,1,818.139771,537.653442,88.243759,57.990776,15,0,0.000000,0.000000,0.000000,0.000000,0,0,0.000000,0.000000,0.000000,0.000000,0,0,0.000000,0.000000,0.000000,0.000000,0
5254,83.514771,83.514771,0,0.000000,0.000000,0.000000,0.000000,0,0,0.000000,0.000000,0.000000,0.000000,0,0,0.000000,0.000000,0.000000,0.000000,0,0,0.000000,0.000000,0.000000,0.000000,0
5256,83.548218,83.548218,0,0.000000,0.000000,0.000000,0.000000,0,1,729.000000,377.985291,78.629227,40.769123,2,0,0.000000,0.000000,0.000000,0.000000,0,0,0.000000,0.000000,0.000000,0.000000,0
